frame_number,timestamp,health_index,unhealthy_ratio_percent,health_status
0,2026-01-09 10:12:12.735,0.11,99.89,Unhealthy
1,2026-01-09 10:12:12.997,0.10,99.90,Unhealthy
2,2026-01-09 10:12:13.120,0.07,99.93,Unhealthy
3,2026-01-09 10:12:13.195,0.09,99.91,Unhealthy
4,2026-01-09 10:12:13.263,0.08,99.92,Unhealthy
5,2026-01-09 10:12:13.358,0.09,99.91,Unhealthy
6,2026-01-09 10:12:13.421,0.09,99.91,Unhealthy
7,2026-01-09 10:12:13.506,0.09,99.91,Unhealthy
8,2026-01-09 10:12:13.574,0.08,99.92,Unhealthy
9,2026-01-09 10:12:13.633,0.08,99.92,Unhealthy
10,2026-01-09 10:12:13.680,0.07,99.93,Unhealthy
11,2026-01-09 10:12:13.737,0.08,99.92,Unhealthy
12,2026-01-09 10:12:13.793,0.07,99.93,Unhealthy
13,2026-01-09 10:12:13.840,0.09,99.91,Unhealthy
14,2026-01-09 10:12:13.885,0.08,99.92,Unhealthy
15,2026-01-09 10:12:13.937,0.10,99.90,Unhealthy
16,2026-01-09 10:12:13.985,0.09,99.91,Unhealthy
17,2026-01-09 10:12:14.033,0.10,99.90,Unhealthy
18,2026-01-09 10:12:14.094,0.08,99.92,Unhealthy
19,2026-01-09 10:12:14.134,0.09,99.91,Unhealthy
20,2026-01-09 10:12:14.185,0.08,99.92,Unhealthy
21,2026-01-09 10:12:14.232,0.09,99.91,Unhealthy
22,2026-01-09 10:12:14.272,0.08,99.92,Unhealthy
23,2026-01-09 10:12:14.313,0.09,99.91,Unhealthy
24,2026-01-09 10:12:14.355,0.08,99.92,Unhealthy
25,2026-01-09 10:12:14.393,0.10,99.90,Unhealthy
26,2026-01-09 10:12:14.434,0.09,99.91,Unhealthy
27,2026-01-09 10:12:14.473,0.10,99.90,Unhealthy
28,2026-01-09 10:12:14.526,0.10,99.90,Unhealthy
29,2026-01-09 10:12:14.566,0.10,99.90,Unhealthy
30,2026-01-09 10:12:14.616,0.11,99.89,Unhealthy
31,2026-01-09 10:12:14.665,0.13,99.87,Unhealthy
32,2026-01-09 10:12:14.708,0.14,99.86,Unhealthy
33,2026-01-09 10:12:14.752,0.13,99.87,Unhealthy
34,2026-01-09 10:12:14.792,0.13,99.87,Unhealthy
35,2026-01-09 10:12:14.830,0.13,99.87,Unhealthy
36,2026-01-09 10:12:14.869,0.14,99.86,Unhealthy
37,2026-01-09 10:12:14.913,0.13,99.87,Unhealthy
38,2026-01-09 10:12:14.952,0.12,99.88,Unhealthy
39,2026-01-09 10:12:14.989,0.11,99.89,Unhealthy
40,2026-01-09 10:12:15.043,0.11,99.89,Unhealthy
41,2026-01-09 10:12:15.086,0.10,99.90,Unhealthy
42,2026-01-09 10:12:15.124,0.11,99.89,Unhealthy
43,2026-01-09 10:12:15.161,0.11,99.89,Unhealthy
44,2026-01-09 10:12:15.200,0.12,99.88,Unhealthy
45,2026-01-09 10:12:15.237,0.11,99.89,Unhealthy
46,2026-01-09 10:12:15.274,0.13,99.87,Unhealthy
47,2026-01-09 10:12:15.314,0.12,99.88,Unhealthy
48,2026-01-09 10:12:15.355,0.14,99.86,Unhealthy
49,2026-01-09 10:12:15.395,0.11,99.89,Unhealthy
50,2026-01-09 10:12:15.448,0.12,99.88,Unhealthy
51,2026-01-09 10:12:15.485,0.11,99.89,Unhealthy
52,2026-01-09 10:12:15.523,0.14,99.86,Unhealthy
53,2026-01-09 10:12:15.563,0.11,99.89,Unhealthy
54,2026-01-09 10:12:15.604,0.13,99.87,Unhealthy
55,2026-01-09 10:12:15.652,0.13,99.87,Unhealthy
56,2026-01-09 10:12:15.696,0.11,99.89,Unhealthy
57,2026-01-09 10:12:15.732,0.12,99.88,Unhealthy
58,2026-01-09 10:12:15.782,0.11,99.89,Unhealthy
59,2026-01-09 10:12:15.828,0.12,99.88,Unhealthy
60,2026-01-09 10:12:15.877,0.08,99.92,Unhealthy
61,2026-01-09 10:12:15.916,0.08,99.92,Unhealthy
62,2026-01-09 10:12:15.957,0.07,99.93,Unhealthy
63,2026-01-09 10:12:15.993,0.06,99.94,Unhealthy
64,2026-01-09 10:12:16.036,0.08,99.92,Unhealthy
65,2026-01-09 10:12:16.078,0.08,99.92,Unhealthy
66,2026-01-09 10:12:16.119,0.09,99.91,Unhealthy
67,2026-01-09 10:12:16.154,0.10,99.90,Unhealthy
68,2026-01-09 10:12:16.190,0.10,99.90,Unhealthy
69,2026-01-09 10:12:16.234,0.10,99.90,Unhealthy
70,2026-01-09 10:12:16.282,0.11,99.89,Unhealthy
71,2026-01-09 10:12:16.323,0.12,99.88,Unhealthy
72,2026-01-09 10:12:16.363,0.12,99.88,Unhealthy
73,2026-01-09 10:12:16.408,0.12,99.88,Unhealthy
74,2026-01-09 10:12:16.447,0.12,99.88,Unhealthy
75,2026-01-09 10:12:16.484,0.12,99.88,Unhealthy
76,2026-01-09 10:12:16.522,0.12,99.88,Unhealthy
77,2026-01-09 10:12:16.556,0.12,99.88,Unhealthy
78,2026-01-09 10:12:16.592,0.11,99.89,Unhealthy
79,2026-01-09 10:12:16.636,0.10,99.90,Unhealthy
80,2026-01-09 10:12:16.681,0.11,99.89,Unhealthy
81,2026-01-09 10:12:16.716,0.11,99.89,Unhealthy
82,2026-01-09 10:12:16.762,0.11,99.89,Unhealthy
83,2026-01-09 10:12:16.805,0.11,99.89,Unhealthy
84,2026-01-09 10:12:16.849,0.11,99.89,Unhealthy
85,2026-01-09 10:12:16.891,0.12,99.88,Unhealthy
86,2026-01-09 10:12:16.932,0.11,99.89,Unhealthy
87,2026-01-09 10:12:16.976,0.11,99.89,Unhealthy
88,2026-01-09 10:12:17.020,0.11,99.89,Unhealthy
89,2026-01-09 10:12:17.068,0.11,99.89,Unhealthy
90,2026-01-09 10:12:17.118,0.08,99.92,Unhealthy
91,2026-01-09 10:12:17.155,0.09,99.91,Unhealthy
92,2026-01-09 10:12:17.190,0.09,99.91,Unhealthy
93,2026-01-09 10:12:17.226,0.10,99.90,Unhealthy
94,2026-01-09 10:12:17.262,0.10,99.90,Unhealthy
95,2026-01-09 10:12:17.299,0.09,99.91,Unhealthy
96,2026-01-09 10:12:17.346,0.10,99.90,Unhealthy
97,2026-01-09 10:12:17.383,0.10,99.90,Unhealthy
98,2026-01-09 10:12:17.431,0.10,99.90,Unhealthy
99,2026-01-09 10:12:17.473,0.11,99.89,Unhealthy
100,2026-01-09 10:12:17.516,0.12,99.88,Unhealthy
101,2026-01-09 10:12:17.562,0.09,99.91,Unhealthy
102,2026-01-09 10:12:17.600,0.09,99.91,Unhealthy
103,2026-01-09 10:12:17.643,0.09,99.91,Unhealthy
104,2026-01-09 10:12:17.684,0.08,99.92,Unhealthy
105,2026-01-09 10:12:17.731,0.08,99.92,Unhealthy
106,2026-01-09 10:12:17.767,0.09,99.91,Unhealthy
107,2026-01-09 10:12:17.802,0.08,99.92,Unhealthy
108,2026-01-09 10:12:17.839,0.08,99.92,Unhealthy
109,2026-01-09 10:12:17.878,0.09,99.91,Unhealthy
110,2026-01-09 10:12:17.923,0.08,99.92,Unhealthy
111,2026-01-09 10:12:17.965,0.08,99.92,Unhealthy
112,2026-01-09 10:12:18.005,0.08,99.92,Unhealthy
113,2026-01-09 10:12:18.042,0.09,99.91,Unhealthy
114,2026-01-09 10:12:18.079,0.08,99.92,Unhealthy
115,2026-01-09 10:12:18.121,0.10,99.90,Unhealthy
116,2026-01-09 10:12:18.156,0.09,99.91,Unhealthy
117,2026-01-09 10:12:18.196,0.10,99.90,Unhealthy
118,2026-01-09 10:12:18.233,0.10,99.90,Unhealthy
119,2026-01-09 10:12:18.281,0.10,99.90,Unhealthy
120,2026-01-09 10:12:18.333,0.09,99.91,Unhealthy
121,2026-01-09 10:12:18.381,0.09,99.91,Unhealthy
122,2026-01-09 10:12:18.421,0.08,99.92,Unhealthy
123,2026-01-09 10:12:18.457,0.08,99.92,Unhealthy
124,2026-01-09 10:12:18.495,0.08,99.92,Unhealthy
125,2026-01-09 10:12:18.532,0.09,99.91,Unhealthy
126,2026-01-09 10:12:18.569,0.07,99.93,Unhealthy
127,2026-01-09 10:12:18.614,0.10,99.90,Unhealthy
128,2026-01-09 10:12:18.654,0.09,99.91,Unhealthy
129,2026-01-09 10:12:18.692,0.08,99.92,Unhealthy
130,2026-01-09 10:12:18.729,0.08,99.92,Unhealthy
131,2026-01-09 10:12:18.774,0.08,99.92,Unhealthy
132,2026-01-09 10:12:18.816,0.09,99.91,Unhealthy
133,2026-01-09 10:12:18.858,0.09,99.91,Unhealthy
134,2026-01-09 10:12:18.902,0.10,99.90,Unhealthy
135,2026-01-09 10:12:18.943,0.09,99.91,Unhealthy
136,2026-01-09 10:12:18.978,0.10,99.90,Unhealthy
137,2026-01-09 10:12:19.017,0.09,99.91,Unhealthy
138,2026-01-09 10:12:19.061,0.09,99.91,Unhealthy
139,2026-01-09 10:12:19.097,0.09,99.91,Unhealthy
140,2026-01-09 10:12:19.142,0.10,99.90,Unhealthy
141,2026-01-09 10:12:19.182,0.09,99.91,Unhealthy
142,2026-01-09 10:12:19.223,0.09,99.91,Unhealthy
143,2026-01-09 10:12:19.258,0.07,99.93,Unhealthy
144,2026-01-09 10:12:19.300,0.09,99.91,Unhealthy
145,2026-01-09 10:12:19.346,0.07,99.93,Unhealthy
146,2026-01-09 10:12:19.391,0.08,99.92,Unhealthy
147,2026-01-09 10:12:19.432,0.08,99.92,Unhealthy
148,2026-01-09 10:12:19.470,0.07,99.93,Unhealthy
149,2026-01-09 10:12:19.510,0.07,99.93,Unhealthy
150,2026-01-09 10:12:19.560,0.07,99.93,Unhealthy
151,2026-01-09 10:12:19.605,0.07,99.93,Unhealthy
152,2026-01-09 10:12:19.652,0.08,99.92,Unhealthy
153,2026-01-09 10:12:19.690,0.09,99.91,Unhealthy
154,2026-01-09 10:12:19.732,0.09,99.91,Unhealthy
155,2026-01-09 10:12:19.769,0.07,99.93,Unhealthy
156,2026-01-09 10:12:19.814,0.08,99.92,Unhealthy
157,2026-01-09 10:12:19.852,0.07,99.93,Unhealthy
158,2026-01-09 10:12:19.894,0.08,99.92,Unhealthy
159,2026-01-09 10:12:19.931,0.07,99.93,Unhealthy
160,2026-01-09 10:12:19.978,0.08,99.92,Unhealthy
161,2026-01-09 10:12:20.019,0.08,99.92,Unhealthy
162,2026-01-09 10:12:20.055,0.08,99.92,Unhealthy
163,2026-01-09 10:12:20.097,0.06,99.94,Unhealthy
164,2026-01-09 10:12:20.134,0.07,99.93,Unhealthy
165,2026-01-09 10:12:20.180,0.06,99.94,Unhealthy
166,2026-01-09 10:12:20.227,0.08,99.92,Unhealthy
167,2026-01-09 10:12:20.265,0.06,99.94,Unhealthy
168,2026-01-09 10:12:20.310,0.07,99.93,Unhealthy
169,2026-01-09 10:12:20.356,0.06,99.94,Unhealthy
170,2026-01-09 10:12:20.398,0.07,99.93,Unhealthy
171,2026-01-09 10:12:20.436,0.06,99.94,Unhealthy
172,2026-01-09 10:12:20.479,0.07,99.93,Unhealthy
173,2026-01-09 10:12:20.526,0.07,99.93,Unhealthy
174,2026-01-09 10:12:20.570,0.08,99.92,Unhealthy
175,2026-01-09 10:12:20.611,0.08,99.92,Unhealthy
176,2026-01-09 10:12:20.658,0.08,99.92,Unhealthy
177,2026-01-09 10:12:20.694,0.08,99.92,Unhealthy
178,2026-01-09 10:12:20.732,0.09,99.91,Unhealthy
179,2026-01-09 10:12:20.774,0.10,99.90,Unhealthy
180,2026-01-09 10:12:20.820,0.09,99.91,Unhealthy
181,2026-01-09 10:12:20.861,0.09,99.91,Unhealthy
182,2026-01-09 10:12:20.901,0.08,99.92,Unhealthy
183,2026-01-09 10:12:20.937,0.10,99.90,Unhealthy
184,2026-01-09 10:12:20.984,0.10,99.90,Unhealthy
185,2026-01-09 10:12:21.033,0.09,99.91,Unhealthy
186,2026-01-09 10:12:21.078,0.10,99.90,Unhealthy
187,2026-01-09 10:12:21.126,0.10,99.90,Unhealthy
188,2026-01-09 10:12:21.163,0.09,99.91,Unhealthy
189,2026-01-09 10:12:21.200,0.08,99.92,Unhealthy
190,2026-01-09 10:12:21.243,0.07,99.93,Unhealthy
191,2026-01-09 10:12:21.282,0.05,99.95,Unhealthy
192,2026-01-09 10:12:21.330,0.06,99.94,Unhealthy
193,2026-01-09 10:12:21.377,0.06,99.94,Unhealthy
194,2026-01-09 10:12:21.424,0.05,99.95,Unhealthy
195,2026-01-09 10:12:21.462,0.05,99.95,Unhealthy
196,2026-01-09 10:12:21.507,0.06,99.94,Unhealthy
197,2026-01-09 10:12:21.554,0.05,99.95,Unhealthy
198,2026-01-09 10:12:21.598,0.04,99.96,Unhealthy
199,2026-01-09 10:12:21.646,0.05,99.95,Unhealthy
200,2026-01-09 10:12:21.690,0.05,99.95,Unhealthy
201,2026-01-09 10:12:21.731,0.07,99.93,Unhealthy
202,2026-01-09 10:12:21.776,0.15,99.85,Unhealthy
203,2026-01-09 10:12:21.825,0.33,99.67,Unhealthy
204,2026-01-09 10:12:21.867,0.40,99.60,Unhealthy
205,2026-01-09 10:12:21.905,0.40,99.60,Unhealthy
206,2026-01-09 10:12:21.942,0.39,99.61,Unhealthy
207,2026-01-09 10:12:21.983,0.39,99.61,Unhealthy
208,2026-01-09 10:12:22.030,0.40,99.60,Unhealthy
209,2026-01-09 10:12:22.077,0.41,99.59,Unhealthy
210,2026-01-09 10:12:22.119,0.47,99.53,Unhealthy
211,2026-01-09 10:12:22.157,0.45,99.55,Unhealthy
212,2026-01-09 10:12:22.200,0.42,99.58,Unhealthy
213,2026-01-09 10:12:22.244,0.43,99.57,Unhealthy
214,2026-01-09 10:12:22.286,0.40,99.60,Unhealthy
215,2026-01-09 10:12:22.336,0.30,99.70,Unhealthy
216,2026-01-09 10:12:22.381,0.34,99.66,Unhealthy
217,2026-01-09 10:12:22.428,0.34,99.66,Unhealthy
218,2026-01-09 10:12:22.473,0.30,99.70,Unhealthy
219,2026-01-09 10:12:22.512,0.27,99.73,Unhealthy
220,2026-01-09 10:12:22.550,0.25,99.75,Unhealthy
221,2026-01-09 10:12:22.595,0.24,99.76,Unhealthy
222,2026-01-09 10:12:22.634,0.17,99.83,Unhealthy
223,2026-01-09 10:12:22.674,0.13,99.87,Unhealthy
224,2026-01-09 10:12:22.712,0.13,99.87,Unhealthy
225,2026-01-09 10:12:22.752,0.13,99.87,Unhealthy
226,2026-01-09 10:12:22.798,0.13,99.87,Unhealthy
227,2026-01-09 10:12:22.835,0.14,99.86,Unhealthy
228,2026-01-09 10:12:22.885,0.13,99.87,Unhealthy
229,2026-01-09 10:12:22.924,0.12,99.88,Unhealthy
230,2026-01-09 10:12:22.970,0.13,99.87,Unhealthy
231,2026-01-09 10:12:23.010,0.12,99.88,Unhealthy
232,2026-01-09 10:12:23.046,0.12,99.88,Unhealthy
233,2026-01-09 10:12:23.088,0.11,99.89,Unhealthy
234,2026-01-09 10:12:23.130,0.12,99.88,Unhealthy
235,2026-01-09 10:12:23.168,0.12,99.88,Unhealthy
236,2026-01-09 10:12:23.213,0.11,99.89,Unhealthy
237,2026-01-09 10:12:23.259,0.11,99.89,Unhealthy
238,2026-01-09 10:12:23.299,0.11,99.89,Unhealthy
239,2026-01-09 10:12:23.346,0.11,99.89,Unhealthy
240,2026-01-09 10:12:23.389,0.13,99.87,Unhealthy
241,2026-01-09 10:12:23.437,0.10,99.90,Unhealthy
242,2026-01-09 10:12:23.475,0.09,99.91,Unhealthy
243,2026-01-09 10:12:23.523,0.12,99.88,Unhealthy
244,2026-01-09 10:12:23.561,0.12,99.88,Unhealthy
245,2026-01-09 10:12:23.612,0.07,99.93,Unhealthy
246,2026-01-09 10:12:23.658,0.07,99.93,Unhealthy
247,2026-01-09 10:12:23.700,0.06,99.94,Unhealthy
248,2026-01-09 10:12:23.747,0.07,99.93,Unhealthy
249,2026-01-09 10:12:23.786,0.07,99.93,Unhealthy
250,2026-01-09 10:12:23.832,0.13,99.87,Unhealthy
251,2026-01-09 10:12:23.875,0.12,99.88,Unhealthy
252,2026-01-09 10:12:23.916,0.10,99.90,Unhealthy
253,2026-01-09 10:12:23.961,0.10,99.90,Unhealthy
254,2026-01-09 10:12:24.003,0.13,99.87,Unhealthy
255,2026-01-09 10:12:24.044,0.10,99.90,Unhealthy
256,2026-01-09 10:12:24.087,0.09,99.91,Unhealthy
257,2026-01-09 10:12:24.127,0.10,99.90,Unhealthy
258,2026-01-09 10:12:24.163,0.11,99.89,Unhealthy
259,2026-01-09 10:12:24.206,0.12,99.88,Unhealthy
260,2026-01-09 10:12:24.246,0.10,99.90,Unhealthy
261,2026-01-09 10:12:24.284,0.09,99.91,Unhealthy
262,2026-01-09 10:12:24.329,0.09,99.91,Unhealthy
263,2026-01-09 10:12:24.373,0.08,99.92,Unhealthy
264,2026-01-09 10:12:24.417,0.08,99.92,Unhealthy
265,2026-01-09 10:12:24.466,0.09,99.91,Unhealthy
266,2026-01-09 10:12:24.510,0.08,99.92,Unhealthy
267,2026-01-09 10:12:24.551,0.09,99.91,Unhealthy
268,2026-01-09 10:12:24.594,0.07,99.93,Unhealthy
269,2026-01-09 10:12:24.633,0.08,99.92,Unhealthy
270,2026-01-09 10:12:24.678,0.08,99.92,Unhealthy
271,2026-01-09 10:12:24.715,0.08,99.92,Unhealthy
272,2026-01-09 10:12:24.750,0.07,99.93,Unhealthy
273,2026-01-09 10:12:24.795,0.10,99.90,Unhealthy
274,2026-01-09 10:12:24.837,0.10,99.90,Unhealthy
275,2026-01-09 10:12:24.874,0.10,99.90,Unhealthy
276,2026-01-09 10:12:24.911,0.09,99.91,Unhealthy
277,2026-01-09 10:12:24.949,0.08,99.92,Unhealthy
278,2026-01-09 10:12:24.993,0.07,99.93,Unhealthy
279,2026-01-09 10:12:25.037,0.07,99.93,Unhealthy
280,2026-01-09 10:12:25.084,0.07,99.93,Unhealthy
281,2026-01-09 10:12:25.129,0.07,99.93,Unhealthy
282,2026-01-09 10:12:25.177,0.07,99.93,Unhealthy
283,2026-01-09 10:12:25.215,0.07,99.93,Unhealthy
284,2026-01-09 10:12:25.253,0.06,99.94,Unhealthy
285,2026-01-09 10:12:25.290,0.07,99.93,Unhealthy
286,2026-01-09 10:12:25.334,0.07,99.93,Unhealthy
287,2026-01-09 10:12:25.382,0.07,99.93,Unhealthy
288,2026-01-09 10:12:25.420,0.07,99.93,Unhealthy
289,2026-01-09 10:12:25.457,0.07,99.93,Unhealthy
290,2026-01-09 10:12:25.500,0.07,99.93,Unhealthy
291,2026-01-09 10:12:25.541,0.07,99.93,Unhealthy
292,2026-01-09 10:12:25.584,0.07,99.93,Unhealthy
293,2026-01-09 10:12:25.630,0.06,99.94,Unhealthy
294,2026-01-09 10:12:25.675,0.08,99.92,Unhealthy
295,2026-01-09 10:12:25.718,0.08,99.92,Unhealthy
296,2026-01-09 10:12:25.760,0.09,99.91,Unhealthy
297,2026-01-09 10:12:25.806,0.14,99.86,Unhealthy
298,2026-01-09 10:12:25.848,0.16,99.84,Unhealthy
299,2026-01-09 10:12:25.892,0.18,99.82,Unhealthy
300,2026-01-09 10:12:25.939,0.16,99.84,Unhealthy
301,2026-01-09 10:12:25.981,0.16,99.84,Unhealthy
302,2026-01-09 10:12:26.024,0.15,99.85,Unhealthy
303,2026-01-09 10:12:26.063,0.15,99.85,Unhealthy
304,2026-01-09 10:12:26.104,0.16,99.84,Unhealthy
305,2026-01-09 10:12:26.145,0.18,99.82,Unhealthy
306,2026-01-09 10:12:26.188,0.15,99.85,Unhealthy
307,2026-01-09 10:12:26.227,0.10,99.90,Unhealthy
308,2026-01-09 10:12:26.267,0.17,99.83,Unhealthy
309,2026-01-09 10:12:26.311,0.17,99.83,Unhealthy
310,2026-01-09 10:12:26.351,0.14,99.86,Unhealthy
311,2026-01-09 10:12:26.393,0.13,99.87,Unhealthy
312,2026-01-09 10:12:26.432,0.15,99.85,Unhealthy
313,2026-01-09 10:12:26.474,0.11,99.89,Unhealthy
314,2026-01-09 10:12:26.520,0.11,99.89,Unhealthy
315,2026-01-09 10:12:26.564,0.11,99.89,Unhealthy
316,2026-01-09 10:12:26.604,0.08,99.92,Unhealthy
317,2026-01-09 10:12:26.647,0.06,99.94,Unhealthy
318,2026-01-09 10:12:26.693,0.06,99.94,Unhealthy
319,2026-01-09 10:12:26.736,0.06,99.94,Unhealthy
320,2026-01-09 10:12:26.779,0.08,99.92,Unhealthy
321,2026-01-09 10:12:26.827,0.07,99.93,Unhealthy
322,2026-01-09 10:12:26.876,0.08,99.92,Unhealthy
323,2026-01-09 10:12:26.913,0.06,99.94,Unhealthy
324,2026-01-09 10:12:26.953,0.07,99.93,Unhealthy
325,2026-01-09 10:12:27.002,0.07,99.93,Unhealthy
326,2026-01-09 10:12:27.041,0.09,99.91,Unhealthy
327,2026-01-09 10:12:27.085,0.08,99.92,Unhealthy
328,2026-01-09 10:12:27.124,0.09,99.91,Unhealthy
329,2026-01-09 10:12:27.169,0.10,99.90,Unhealthy
330,2026-01-09 10:12:27.211,0.07,99.93,Unhealthy
331,2026-01-09 10:12:27.247,0.09,99.91,Unhealthy
332,2026-01-09 10:12:27.290,0.08,99.92,Unhealthy
333,2026-01-09 10:12:27.335,0.08,99.92,Unhealthy
334,2026-01-09 10:12:27.379,0.10,99.90,Unhealthy
335,2026-01-09 10:12:27.416,0.09,99.91,Unhealthy
336,2026-01-09 10:12:27.453,0.07,99.93,Unhealthy
337,2026-01-09 10:12:27.500,0.08,99.92,Unhealthy
338,2026-01-09 10:12:27.540,0.08,99.92,Unhealthy
339,2026-01-09 10:12:27.583,0.08,99.92,Unhealthy
340,2026-01-09 10:12:27.629,0.09,99.91,Unhealthy
341,2026-01-09 10:12:27.663,0.09,99.91,Unhealthy
342,2026-01-09 10:12:27.709,0.08,99.92,Unhealthy
343,2026-01-09 10:12:27.747,0.07,99.93,Unhealthy
344,2026-01-09 10:12:27.787,0.07,99.93,Unhealthy
345,2026-01-09 10:12:27.829,0.08,99.92,Unhealthy
346,2026-01-09 10:12:27.874,0.08,99.92,Unhealthy
347,2026-01-09 10:12:27.917,0.07,99.93,Unhealthy
348,2026-01-09 10:12:27.962,0.07,99.93,Unhealthy
349,2026-01-09 10:12:28.001,0.07,99.93,Unhealthy
350,2026-01-09 10:12:28.047,0.08,99.92,Unhealthy
351,2026-01-09 10:12:28.086,0.07,99.93,Unhealthy
352,2026-01-09 10:12:28.122,0.08,99.92,Unhealthy
353,2026-01-09 10:12:28.166,0.08,99.92,Unhealthy
354,2026-01-09 10:12:28.213,0.06,99.94,Unhealthy
355,2026-01-09 10:12:28.250,0.06,99.94,Unhealthy
356,2026-01-09 10:12:28.289,0.07,99.93,Unhealthy
357,2026-01-09 10:12:28.334,0.06,99.94,Unhealthy
358,2026-01-09 10:12:28.371,0.06,99.94,Unhealthy
359,2026-01-09 10:12:28.410,0.08,99.92,Unhealthy
360,2026-01-09 10:12:28.460,0.09,99.91,Unhealthy
361,2026-01-09 10:12:28.501,0.07,99.93,Unhealthy
362,2026-01-09 10:12:28.543,0.07,99.93,Unhealthy
363,2026-01-09 10:12:28.589,0.08,99.92,Unhealthy
364,2026-01-09 10:12:28.635,0.06,99.94,Unhealthy
365,2026-01-09 10:12:28.681,0.07,99.93,Unhealthy
366,2026-01-09 10:12:28.726,0.08,99.92,Unhealthy
367,2026-01-09 10:12:28.763,0.07,99.93,Unhealthy
368,2026-01-09 10:12:28.805,0.06,99.94,Unhealthy
369,2026-01-09 10:12:28.847,0.07,99.93,Unhealthy
370,2026-01-09 10:12:28.888,0.08,99.92,Unhealthy
371,2026-01-09 10:12:28.925,0.07,99.93,Unhealthy
372,2026-01-09 10:12:28.967,0.08,99.92,Unhealthy
373,2026-01-09 10:12:29.009,0.07,99.93,Unhealthy
374,2026-01-09 10:12:29.053,0.07,99.93,Unhealthy
375,2026-01-09 10:12:29.096,0.08,99.92,Unhealthy
376,2026-01-09 10:12:29.142,0.07,99.93,Unhealthy
377,2026-01-09 10:12:29.184,0.08,99.92,Unhealthy
378,2026-01-09 10:12:29.229,0.07,99.93,Unhealthy
379,2026-01-09 10:12:29.275,0.07,99.93,Unhealthy
380,2026-01-09 10:12:29.325,0.07,99.93,Unhealthy
381,2026-01-09 10:12:29.367,0.08,99.92,Unhealthy
382,2026-01-09 10:12:29.404,0.07,99.93,Unhealthy
383,2026-01-09 10:12:29.439,0.08,99.92,Unhealthy
384,2026-01-09 10:12:29.487,0.08,99.92,Unhealthy
385,2026-01-09 10:12:29.537,0.08,99.92,Unhealthy
386,2026-01-09 10:12:29.586,0.08,99.92,Unhealthy
387,2026-01-09 10:12:29.632,0.08,99.92,Unhealthy
388,2026-01-09 10:12:29.668,0.08,99.92,Unhealthy
389,2026-01-09 10:12:29.710,0.08,99.92,Unhealthy
390,2026-01-09 10:12:29.759,0.06,99.94,Unhealthy
391,2026-01-09 10:12:29.802,0.07,99.93,Unhealthy
392,2026-01-09 10:12:29.844,0.07,99.93,Unhealthy
393,2026-01-09 10:12:29.880,0.08,99.92,Unhealthy
394,2026-01-09 10:12:29.921,0.07,99.93,Unhealthy
395,2026-01-09 10:12:29.959,0.08,99.92,Unhealthy
396,2026-01-09 10:12:30.000,0.08,99.92,Unhealthy
397,2026-01-09 10:12:30.040,0.09,99.91,Unhealthy
398,2026-01-09 10:12:30.088,0.09,99.91,Unhealthy
399,2026-01-09 10:12:30.132,0.08,99.92,Unhealthy
400,2026-01-09 10:12:30.168,0.08,99.92,Unhealthy
401,2026-01-09 10:12:30.214,0.08,99.92,Unhealthy
402,2026-01-09 10:12:30.269,0.08,99.92,Unhealthy
403,2026-01-09 10:12:30.320,0.07,99.93,Unhealthy
404,2026-01-09 10:12:30.361,0.07,99.93,Unhealthy
405,2026-01-09 10:12:30.409,0.07,99.93,Unhealthy
406,2026-01-09 10:12:30.453,0.08,99.92,Unhealthy
407,2026-01-09 10:12:30.490,0.07,99.93,Unhealthy
408,2026-01-09 10:12:30.527,0.07,99.93,Unhealthy
409,2026-01-09 10:12:30.569,0.07,99.93,Unhealthy
410,2026-01-09 10:12:30.607,0.08,99.92,Unhealthy
411,2026-01-09 10:12:30.653,0.08,99.92,Unhealthy
412,2026-01-09 10:12:30.703,0.09,99.91,Unhealthy
413,2026-01-09 10:12:30.739,0.08,99.92,Unhealthy
414,2026-01-09 10:12:30.775,0.10,99.90,Unhealthy
415,2026-01-09 10:12:30.811,0.10,99.90,Unhealthy
416,2026-01-09 10:12:30.852,0.09,99.91,Unhealthy
417,2026-01-09 10:12:30.897,0.09,99.91,Unhealthy
418,2026-01-09 10:12:30.943,0.09,99.91,Unhealthy
419,2026-01-09 10:12:30.989,0.08,99.92,Unhealthy
420,2026-01-09 10:12:31.033,0.09,99.91,Unhealthy
421,2026-01-09 10:12:31.069,0.11,99.89,Unhealthy
422,2026-01-09 10:12:31.110,0.10,99.90,Unhealthy
423,2026-01-09 10:12:31.145,0.10,99.90,Unhealthy
424,2026-01-09 10:12:31.181,0.09,99.91,Unhealthy
425,2026-01-09 10:12:31.218,0.08,99.92,Unhealthy
426,2026-01-09 10:12:31.254,0.08,99.92,Unhealthy
427,2026-01-09 10:12:31.291,0.08,99.92,Unhealthy
428,2026-01-09 10:12:31.340,0.07,99.93,Unhealthy
429,2026-01-09 10:12:31.379,0.08,99.92,Unhealthy
430,2026-01-09 10:12:31.427,0.08,99.92,Unhealthy
431,2026-01-09 10:12:31.464,0.08,99.92,Unhealthy
432,2026-01-09 10:12:31.510,0.09,99.91,Unhealthy
433,2026-01-09 10:12:31.546,0.09,99.91,Unhealthy
434,2026-01-09 10:12:31.591,0.08,99.92,Unhealthy
435,2026-01-09 10:12:31.630,0.09,99.91,Unhealthy
436,2026-01-09 10:12:31.671,0.09,99.91,Unhealthy
437,2026-01-09 10:12:31.708,0.09,99.91,Unhealthy
438,2026-01-09 10:12:31.743,0.08,99.92,Unhealthy
439,2026-01-09 10:12:31.787,0.09,99.91,Unhealthy
440,2026-01-09 10:12:31.824,0.10,99.90,Unhealthy
441,2026-01-09 10:12:31.866,0.09,99.91,Unhealthy
442,2026-01-09 10:12:31.902,0.09,99.91,Unhealthy
443,2026-01-09 10:12:31.938,0.09,99.91,Unhealthy
444,2026-01-09 10:12:31.986,0.09,99.91,Unhealthy
445,2026-01-09 10:12:32.029,0.09,99.91,Unhealthy
446,2026-01-09 10:12:32.068,0.10,99.90,Unhealthy
447,2026-01-09 10:12:32.109,0.09,99.91,Unhealthy
448,2026-01-09 10:12:32.153,0.08,99.92,Unhealthy
449,2026-01-09 10:12:32.195,0.09,99.91,Unhealthy
450,2026-01-09 10:12:32.239,0.10,99.90,Unhealthy
451,2026-01-09 10:12:32.283,0.10,99.90,Unhealthy
452,2026-01-09 10:12:32.323,0.10,99.90,Unhealthy
453,2026-01-09 10:12:32.369,0.08,99.92,Unhealthy
454,2026-01-09 10:12:32.409,0.09,99.91,Unhealthy
455,2026-01-09 10:12:32.448,0.08,99.92,Unhealthy
456,2026-01-09 10:12:32.485,0.09,99.91,Unhealthy
457,2026-01-09 10:12:32.521,0.09,99.91,Unhealthy
458,2026-01-09 10:12:32.567,0.09,99.91,Unhealthy
459,2026-01-09 10:12:32.608,0.09,99.91,Unhealthy
460,2026-01-09 10:12:32.647,0.08,99.92,Unhealthy
461,2026-01-09 10:12:32.682,0.09,99.91,Unhealthy
462,2026-01-09 10:12:32.718,0.09,99.91,Unhealthy
463,2026-01-09 10:12:32.754,0.09,99.91,Unhealthy
464,2026-01-09 10:12:32.790,0.09,99.91,Unhealthy
465,2026-01-09 10:12:32.829,0.09,99.91,Unhealthy
466,2026-01-09 10:12:32.870,0.09,99.91,Unhealthy
467,2026-01-09 10:12:32.906,0.09,99.91,Unhealthy
468,2026-01-09 10:12:32.951,0.10,99.90,Unhealthy
469,2026-01-09 10:12:32.992,0.10,99.90,Unhealthy
470,2026-01-09 10:12:33.039,0.09,99.91,Unhealthy
471,2026-01-09 10:12:33.083,0.11,99.89,Unhealthy
472,2026-01-09 10:12:33.122,0.10,99.90,Unhealthy
473,2026-01-09 10:12:33.161,0.09,99.91,Unhealthy
474,2026-01-09 10:12:33.200,0.09,99.91,Unhealthy
475,2026-01-09 10:12:33.244,0.08,99.92,Unhealthy
476,2026-01-09 10:12:33.278,0.07,99.93,Unhealthy
477,2026-01-09 10:12:33.320,0.08,99.92,Unhealthy
478,2026-01-09 10:12:33.358,0.08,99.92,Unhealthy
479,2026-01-09 10:12:33.398,0.08,99.92,Unhealthy
480,2026-01-09 10:12:33.448,0.09,99.91,Unhealthy
481,2026-01-09 10:12:33.490,0.09,99.91,Unhealthy
482,2026-01-09 10:12:33.534,0.08,99.92,Unhealthy
483,2026-01-09 10:12:33.571,0.07,99.93,Unhealthy
484,2026-01-09 10:12:33.610,0.06,99.94,Unhealthy
485,2026-01-09 10:12:33.652,0.06,99.94,Unhealthy
486,2026-01-09 10:12:33.691,0.07,99.93,Unhealthy
487,2026-01-09 10:12:33.737,0.09,99.91,Unhealthy
488,2026-01-09 10:12:33.786,0.09,99.91,Unhealthy
489,2026-01-09 10:12:34.414,0.09,99.91,Unhealthy
490,2026-01-09 10:12:34.556,0.07,99.93,Unhealthy
491,2026-01-09 10:12:34.601,0.08,99.92,Unhealthy
492,2026-01-09 10:12:34.638,0.07,99.93,Unhealthy
493,2026-01-09 10:12:34.678,0.07,99.93,Unhealthy
494,2026-01-09 10:12:34.713,0.09,99.91,Unhealthy
495,2026-01-09 10:12:34.758,0.09,99.91,Unhealthy
496,2026-01-09 10:12:34.803,0.09,99.91,Unhealthy
497,2026-01-09 10:12:34.845,0.07,99.93,Unhealthy
498,2026-01-09 10:12:34.889,0.07,99.93,Unhealthy
499,2026-01-09 10:12:34.933,0.08,99.92,Unhealthy
500,2026-01-09 10:12:34.974,0.09,99.91,Unhealthy
501,2026-01-09 10:12:35.016,0.10,99.90,Unhealthy
502,2026-01-09 10:12:35.060,0.09,99.91,Unhealthy
503,2026-01-09 10:12:35.103,0.07,99.93,Unhealthy
504,2026-01-09 10:12:35.142,0.10,99.90,Unhealthy
505,2026-01-09 10:12:35.184,0.08,99.92,Unhealthy
506,2026-01-09 10:12:35.231,0.08,99.92,Unhealthy
507,2026-01-09 10:12:35.272,0.09,99.91,Unhealthy
508,2026-01-09 10:12:35.308,0.08,99.92,Unhealthy
509,2026-01-09 10:12:35.350,0.08,99.92,Unhealthy
510,2026-01-09 10:12:35.396,0.23,99.77,Unhealthy
511,2026-01-09 10:12:35.435,0.18,99.82,Unhealthy
512,2026-01-09 10:12:35.479,0.18,99.82,Unhealthy
513,2026-01-09 10:12:35.520,0.16,99.84,Unhealthy
514,2026-01-09 10:12:35.555,0.17,99.83,Unhealthy
515,2026-01-09 10:12:35.596,0.18,99.82,Unhealthy
516,2026-01-09 10:12:35.643,0.20,99.80,Unhealthy
517,2026-01-09 10:12:35.685,0.20,99.80,Unhealthy
518,2026-01-09 10:12:35.729,0.20,99.80,Unhealthy
519,2026-01-09 10:12:35.768,0.20,99.80,Unhealthy
520,2026-01-09 10:12:35.812,0.20,99.80,Unhealthy
521,2026-01-09 10:12:35.850,0.19,99.81,Unhealthy
522,2026-01-09 10:12:35.899,0.17,99.83,Unhealthy
523,2026-01-09 10:12:35.938,0.17,99.83,Unhealthy
524,2026-01-09 10:12:35.977,0.17,99.83,Unhealthy
525,2026-01-09 10:12:36.018,0.17,99.83,Unhealthy
526,2026-01-09 10:12:36.056,0.17,99.83,Unhealthy
527,2026-01-09 10:12:36.094,0.19,99.81,Unhealthy
528,2026-01-09 10:12:36.138,0.19,99.81,Unhealthy
529,2026-01-09 10:12:36.185,0.16,99.84,Unhealthy
530,2026-01-09 10:12:36.222,0.16,99.84,Unhealthy
531,2026-01-09 10:12:36.269,0.18,99.82,Unhealthy
532,2026-01-09 10:12:36.306,0.14,99.86,Unhealthy
533,2026-01-09 10:12:36.350,0.14,99.86,Unhealthy
534,2026-01-09 10:12:36.399,0.13,99.87,Unhealthy
535,2026-01-09 10:12:36.436,0.12,99.88,Unhealthy
536,2026-01-09 10:12:36.478,0.13,99.87,Unhealthy
537,2026-01-09 10:12:36.522,0.12,99.88,Unhealthy
538,2026-01-09 10:12:36.564,0.12,99.88,Unhealthy
539,2026-01-09 10:12:36.613,0.13,99.87,Unhealthy
540,2026-01-09 10:12:36.661,0.12,99.88,Unhealthy
541,2026-01-09 10:12:36.708,0.09,99.91,Unhealthy
542,2026-01-09 10:12:36.747,0.08,99.92,Unhealthy
543,2026-01-09 10:12:36.786,0.05,99.95,Unhealthy
544,2026-01-09 10:12:36.835,0.06,99.94,Unhealthy
545,2026-01-09 10:12:36.875,0.06,99.94,Unhealthy
546,2026-01-09 10:12:36.917,0.06,99.94,Unhealthy
547,2026-01-09 10:12:36.965,0.08,99.92,Unhealthy
548,2026-01-09 10:12:37.012,0.06,99.94,Unhealthy
549,2026-01-09 10:12:37.058,0.06,99.94,Unhealthy
550,2026-01-09 10:12:37.098,0.06,99.94,Unhealthy
551,2026-01-09 10:12:37.140,0.06,99.94,Unhealthy
552,2026-01-09 10:12:37.180,0.06,99.94,Unhealthy
553,2026-01-09 10:12:37.225,0.05,99.95,Unhealthy
554,2026-01-09 10:12:37.276,0.06,99.94,Unhealthy
555,2026-01-09 10:12:37.323,0.06,99.94,Unhealthy
556,2026-01-09 10:12:37.368,0.07,99.93,Unhealthy
557,2026-01-09 10:12:37.408,0.07,99.93,Unhealthy
558,2026-01-09 10:12:37.449,0.05,99.95,Unhealthy
559,2026-01-09 10:12:37.491,0.05,99.95,Unhealthy
560,2026-01-09 10:12:37.534,0.05,99.95,Unhealthy
561,2026-01-09 10:12:37.584,0.06,99.94,Unhealthy
562,2026-01-09 10:12:37.632,0.05,99.95,Unhealthy
563,2026-01-09 10:12:37.671,0.05,99.95,Unhealthy
564,2026-01-09 10:12:37.713,0.04,99.96,Unhealthy
565,2026-01-09 10:12:37.757,0.04,99.96,Unhealthy
566,2026-01-09 10:12:37.800,0.07,99.93,Unhealthy
567,2026-01-09 10:12:37.843,0.08,99.92,Unhealthy
568,2026-01-09 10:12:37.892,0.04,99.96,Unhealthy
569,2026-01-09 10:12:37.938,0.03,99.97,Unhealthy
570,2026-01-09 10:12:37.983,0.09,99.91,Unhealthy
571,2026-01-09 10:12:38.032,0.05,99.95,Unhealthy
572,2026-01-09 10:12:38.079,0.09,99.91,Unhealthy
573,2026-01-09 10:12:38.125,0.11,99.89,Unhealthy
574,2026-01-09 10:12:38.164,0.14,99.86,Unhealthy
575,2026-01-09 10:12:38.206,0.09,99.91,Unhealthy
576,2026-01-09 10:12:38.245,0.08,99.92,Unhealthy
577,2026-01-09 10:12:38.294,0.05,99.95,Unhealthy
578,2026-01-09 10:12:38.336,0.08,99.92,Unhealthy
579,2026-01-09 10:12:38.386,0.07,99.93,Unhealthy
580,2026-01-09 10:12:38.432,0.07,99.93,Unhealthy
581,2026-01-09 10:12:38.472,0.06,99.94,Unhealthy
582,2026-01-09 10:12:38.513,0.04,99.96,Unhealthy
583,2026-01-09 10:12:38.561,0.06,99.94,Unhealthy
584,2026-01-09 10:12:38.609,0.22,99.78,Unhealthy
585,2026-01-09 10:12:38.652,0.43,99.57,Unhealthy
586,2026-01-09 10:12:38.693,0.36,99.64,Unhealthy
587,2026-01-09 10:12:38.736,0.53,99.47,Unhealthy
588,2026-01-09 10:12:38.779,0.70,99.30,Unhealthy
589,2026-01-09 10:12:38.829,0.67,99.33,Unhealthy
590,2026-01-09 10:12:38.874,0.57,99.43,Unhealthy
591,2026-01-09 10:12:38.917,0.54,99.46,Unhealthy
592,2026-01-09 10:12:38.962,0.50,99.50,Unhealthy
593,2026-01-09 10:12:39.013,0.47,99.53,Unhealthy
594,2026-01-09 10:12:39.053,0.51,99.49,Unhealthy
595,2026-01-09 10:12:39.097,0.41,99.59,Unhealthy
596,2026-01-09 10:12:39.146,0.52,99.48,Unhealthy
597,2026-01-09 10:12:39.193,0.56,99.44,Unhealthy
598,2026-01-09 10:12:39.233,0.51,99.49,Unhealthy
599,2026-01-09 10:12:39.279,0.62,99.38,Unhealthy
600,2026-01-09 10:12:39.321,0.65,99.35,Unhealthy
601,2026-01-09 10:12:39.362,0.57,99.43,Unhealthy
602,2026-01-09 10:12:39.411,0.72,99.28,Unhealthy
603,2026-01-09 10:12:39.450,0.76,99.24,Unhealthy
604,2026-01-09 10:12:39.493,0.89,99.11,Unhealthy
605,2026-01-09 10:12:39.533,0.92,99.08,Unhealthy
606,2026-01-09 10:12:39.577,1.16,98.84,Unhealthy
607,2026-01-09 10:12:39.616,1.43,98.57,Unhealthy
608,2026-01-09 10:12:39.661,1.94,98.06,Unhealthy
609,2026-01-09 10:12:39.708,2.51,97.49,Unhealthy
610,2026-01-09 10:12:39.749,3.33,96.67,Unhealthy
611,2026-01-09 10:12:39.786,3.90,96.10,Unhealthy
612,2026-01-09 10:12:39.832,3.79,96.21,Unhealthy
613,2026-01-09 10:12:39.877,3.75,96.25,Unhealthy
614,2026-01-09 10:12:39.927,4.03,95.97,Unhealthy
615,2026-01-09 10:12:39.976,4.06,95.94,Unhealthy
616,2026-01-09 10:12:40.024,4.64,95.36,Unhealthy
617,2026-01-09 10:12:40.066,5.72,94.28,Unhealthy
618,2026-01-09 10:12:40.113,6.20,93.80,Unhealthy
619,2026-01-09 10:12:40.156,6.87,93.13,Unhealthy
620,2026-01-09 10:12:40.197,7.71,92.29,Unhealthy
621,2026-01-09 10:12:40.238,8.37,91.63,Unhealthy
622,2026-01-09 10:12:40.282,8.44,91.56,Unhealthy
623,2026-01-09 10:12:40.332,8.62,91.38,Unhealthy
624,2026-01-09 10:12:40.373,8.93,91.07,Unhealthy
625,2026-01-09 10:12:40.425,9.12,90.88,Unhealthy
626,2026-01-09 10:12:40.470,8.95,91.05,Unhealthy
627,2026-01-09 10:12:40.513,8.92,91.08,Unhealthy
628,2026-01-09 10:12:40.562,8.47,91.53,Unhealthy
629,2026-01-09 10:12:40.613,7.94,92.06,Unhealthy
630,2026-01-09 10:12:40.665,7.35,92.65,Unhealthy
631,2026-01-09 10:12:40.715,6.92,93.08,Unhealthy
632,2026-01-09 10:12:40.758,6.31,93.69,Unhealthy
633,2026-01-09 10:12:40.799,5.61,94.39,Unhealthy
634,2026-01-09 10:12:40.847,5.02,94.98,Unhealthy
635,2026-01-09 10:12:40.886,4.27,95.73,Unhealthy
636,2026-01-09 10:12:40.931,3.82,96.18,Unhealthy
637,2026-01-09 10:12:40.972,3.41,96.59,Unhealthy
638,2026-01-09 10:12:41.011,2.84,97.16,Unhealthy
639,2026-01-09 10:12:41.052,2.72,97.28,Unhealthy
640,2026-01-09 10:12:41.089,2.61,97.39,Unhealthy
641,2026-01-09 10:12:41.136,2.30,97.70,Unhealthy
642,2026-01-09 10:12:41.180,2.28,97.72,Unhealthy
643,2026-01-09 10:12:41.227,2.30,97.70,Unhealthy
644,2026-01-09 10:12:41.275,2.29,97.71,Unhealthy
645,2026-01-09 10:12:41.315,2.01,97.99,Unhealthy
646,2026-01-09 10:12:41.358,2.11,97.89,Unhealthy
647,2026-01-09 10:12:41.405,2.19,97.81,Unhealthy
648,2026-01-09 10:12:41.444,2.22,97.78,Unhealthy
649,2026-01-09 10:12:41.490,1.96,98.04,Unhealthy
650,2026-01-09 10:12:41.529,1.92,98.08,Unhealthy
651,2026-01-09 10:12:41.574,2.09,97.91,Unhealthy
652,2026-01-09 10:12:41.620,2.14,97.86,Unhealthy
653,2026-01-09 10:12:41.668,1.85,98.15,Unhealthy
654,2026-01-09 10:12:41.718,1.59,98.41,Unhealthy
655,2026-01-09 10:12:41.757,1.47,98.53,Unhealthy
656,2026-01-09 10:12:41.794,1.25,98.75,Unhealthy
657,2026-01-09 10:12:41.839,0.96,99.04,Unhealthy
658,2026-01-09 10:12:41.885,0.79,99.21,Unhealthy
659,2026-01-09 10:12:41.935,0.74,99.26,Unhealthy
660,2026-01-09 10:12:41.982,0.73,99.27,Unhealthy
661,2026-01-09 10:12:42.025,0.55,99.45,Unhealthy
662,2026-01-09 10:12:42.065,0.48,99.52,Unhealthy
663,2026-01-09 10:12:42.110,0.42,99.58,Unhealthy
664,2026-01-09 10:12:42.153,0.46,99.54,Unhealthy
665,2026-01-09 10:12:42.198,0.40,99.60,Unhealthy
666,2026-01-09 10:12:42.237,0.46,99.54,Unhealthy
667,2026-01-09 10:12:42.281,0.40,99.60,Unhealthy
668,2026-01-09 10:12:42.321,0.27,99.73,Unhealthy
669,2026-01-09 10:12:42.378,0.33,99.67,Unhealthy
670,2026-01-09 10:12:42.425,0.35,99.65,Unhealthy
671,2026-01-09 10:12:42.470,0.31,99.69,Unhealthy
672,2026-01-09 10:12:42.517,0.18,99.82,Unhealthy
673,2026-01-09 10:12:42.568,0.03,99.97,Unhealthy
674,2026-01-09 10:12:42.610,0.02,99.98,Unhealthy
675,2026-01-09 10:12:42.655,0.02,99.98,Unhealthy
676,2026-01-09 10:12:42.704,0.01,99.99,Unhealthy
677,2026-01-09 10:12:42.753,0.03,99.97,Unhealthy
678,2026-01-09 10:12:42.791,0.02,99.98,Unhealthy
679,2026-01-09 10:12:42.835,0.02,99.98,Unhealthy
680,2026-01-09 10:12:42.880,0.04,99.96,Unhealthy
681,2026-01-09 10:12:42.930,0.04,99.96,Unhealthy
682,2026-01-09 10:12:42.978,0.07,99.93,Unhealthy
683,2026-01-09 10:12:43.018,0.08,99.92,Unhealthy
684,2026-01-09 10:12:43.060,0.04,99.96,Unhealthy
685,2026-01-09 10:12:43.101,0.02,99.98,Unhealthy
686,2026-01-09 10:12:43.145,0.01,99.99,Unhealthy
687,2026-01-09 10:12:43.185,0.02,99.98,Unhealthy
688,2026-01-09 10:12:43.229,0.01,99.99,Unhealthy
689,2026-01-09 10:12:43.268,0.01,99.99,Unhealthy
690,2026-01-09 10:12:43.307,0.01,99.99,Unhealthy
691,2026-01-09 10:12:43.351,0.00,100.00,Unhealthy
692,2026-01-09 10:12:43.390,0.00,100.00,Unhealthy
693,2026-01-09 10:12:43.431,0.00,100.00,Unhealthy
694,2026-01-09 10:12:43.480,0.00,100.00,Unhealthy
695,2026-01-09 10:12:43.523,0.00,100.00,Unhealthy
696,2026-01-09 10:12:43.567,0.00,100.00,Unhealthy
697,2026-01-09 10:12:43.613,0.00,100.00,Unhealthy
698,2026-01-09 10:12:43.651,0.00,100.00,Unhealthy
699,2026-01-09 10:12:43.689,0.00,100.00,Unhealthy
700,2026-01-09 10:12:43.729,0.00,100.00,Unhealthy
701,2026-01-09 10:12:43.765,0.00,100.00,Unhealthy
702,2026-01-09 10:12:43.804,0.00,100.00,Unhealthy
703,2026-01-09 10:12:43.852,0.00,100.00,Unhealthy
704,2026-01-09 10:12:43.903,0.00,100.00,Unhealthy
705,2026-01-09 10:12:43.950,0.00,100.00,Unhealthy
706,2026-01-09 10:12:43.991,0.00,100.00,Unhealthy
707,2026-01-09 10:12:44.029,0.00,100.00,Unhealthy
708,2026-01-09 10:12:44.078,0.00,100.00,Unhealthy
709,2026-01-09 10:12:44.128,0.00,100.00,Unhealthy
710,2026-01-09 10:12:44.178,0.00,100.00,Unhealthy
711,2026-01-09 10:12:44.227,0.00,100.00,Unhealthy
712,2026-01-09 10:12:44.272,0.00,100.00,Unhealthy
713,2026-01-09 10:12:44.314,0.00,100.00,Unhealthy
714,2026-01-09 10:12:44.358,0.00,100.00,Unhealthy
715,2026-01-09 10:12:44.402,0.00,100.00,Unhealthy
716,2026-01-09 10:12:44.440,0.00,100.00,Unhealthy
717,2026-01-09 10:12:44.483,0.00,100.00,Unhealthy
718,2026-01-09 10:12:44.526,0.00,100.00,Unhealthy
719,2026-01-09 10:12:44.576,0.00,100.00,Unhealthy
720,2026-01-09 10:12:44.613,0.00,100.00,Unhealthy
721,2026-01-09 10:12:44.652,0.95,99.05,Unhealthy
722,2026-01-09 10:12:44.689,1.62,98.38,Unhealthy
723,2026-01-09 10:12:44.732,2.86,97.14,Unhealthy
724,2026-01-09 10:12:44.772,2.67,97.33,Unhealthy
725,2026-01-09 10:12:44.811,2.55,97.45,Unhealthy
726,2026-01-09 10:12:44.854,2.51,97.49,Unhealthy
727,2026-01-09 10:12:44.899,2.41,97.59,Unhealthy
728,2026-01-09 10:12:44.944,2.46,97.54,Unhealthy
729,2026-01-09 10:12:44.987,2.43,97.57,Unhealthy
730,2026-01-09 10:12:45.026,2.43,97.57,Unhealthy
731,2026-01-09 10:12:45.066,2.45,97.55,Unhealthy
732,2026-01-09 10:12:45.110,2.44,97.56,Unhealthy
733,2026-01-09 10:12:45.153,2.48,97.52,Unhealthy
734,2026-01-09 10:12:45.192,2.64,97.36,Unhealthy
735,2026-01-09 10:12:45.233,2.82,97.18,Unhealthy
736,2026-01-09 10:12:45.277,2.99,97.01,Unhealthy
737,2026-01-09 10:12:45.323,3.26,96.74,Unhealthy
738,2026-01-09 10:12:45.378,3.52,96.48,Unhealthy
739,2026-01-09 10:12:45.430,3.62,96.38,Unhealthy
740,2026-01-09 10:12:45.481,3.27,96.73,Unhealthy
741,2026-01-09 10:12:45.520,2.92,97.08,Unhealthy
742,2026-01-09 10:12:45.559,2.65,97.35,Unhealthy
743,2026-01-09 10:12:45.603,2.33,97.67,Unhealthy
744,2026-01-09 10:12:45.641,2.08,97.92,Unhealthy
745,2026-01-09 10:12:45.680,1.82,98.18,Unhealthy
746,2026-01-09 10:12:45.721,2.56,97.44,Unhealthy
747,2026-01-09 10:12:45.760,5.32,94.68,Unhealthy
748,2026-01-09 10:12:45.801,7.75,92.25,Unhealthy
749,2026-01-09 10:12:45.847,8.90,91.10,Unhealthy
750,2026-01-09 10:12:45.894,9.87,90.13,Unhealthy
751,2026-01-09 10:12:45.940,10.98,89.02,Unhealthy
752,2026-01-09 10:12:45.981,12.08,87.92,Unhealthy
753,2026-01-09 10:12:46.034,13.20,86.80,Unhealthy
754,2026-01-09 10:12:46.075,14.38,85.62,Unhealthy
755,2026-01-09 10:12:46.115,15.34,84.66,Unhealthy
756,2026-01-09 10:12:46.159,16.46,83.54,Unhealthy
757,2026-01-09 10:12:46.205,18.89,81.11,Unhealthy
758,2026-01-09 10:12:46.245,22.68,77.32,Unhealthy
759,2026-01-09 10:12:46.283,27.79,72.21,Unhealthy
760,2026-01-09 10:12:46.329,33.45,66.55,Unhealthy
761,2026-01-09 10:12:46.371,38.96,61.04,Unhealthy
762,2026-01-09 10:12:46.409,43.91,56.09,Moderate
763,2026-01-09 10:12:46.453,47.79,52.21,Moderate
764,2026-01-09 10:12:46.492,52.07,47.93,Moderate
765,2026-01-09 10:12:46.528,53.25,46.75,Moderate
766,2026-01-09 10:12:46.577,52.12,47.88,Moderate
767,2026-01-09 10:12:46.618,51.64,48.36,Moderate
768,2026-01-09 10:12:46.657,51.58,48.42,Moderate
769,2026-01-09 10:12:46.693,51.63,48.37,Moderate
770,2026-01-09 10:12:46.734,52.48,47.52,Moderate
771,2026-01-09 10:12:46.776,53.77,46.23,Moderate
772,2026-01-09 10:12:46.819,55.88,44.12,Moderate
773,2026-01-09 10:12:46.860,58.56,41.44,Moderate
774,2026-01-09 10:12:46.907,60.80,39.20,Healthy
775,2026-01-09 10:12:46.942,62.54,37.46,Healthy
776,2026-01-09 10:12:46.980,65.32,34.68,Healthy
777,2026-01-09 10:12:47.021,65.80,34.20,Healthy
778,2026-01-09 10:12:47.063,63.61,36.39,Healthy
779,2026-01-09 10:12:47.107,59.63,40.37,Moderate
780,2026-01-09 10:12:47.148,56.08,43.92,Moderate
781,2026-01-09 10:12:47.194,53.85,46.15,Moderate
782,2026-01-09 10:12:47.237,52.05,47.95,Moderate
783,2026-01-09 10:12:47.280,50.71,49.29,Moderate
784,2026-01-09 10:12:47.327,50.93,49.07,Moderate
785,2026-01-09 10:12:47.368,51.70,48.30,Moderate
786,2026-01-09 10:12:47.403,51.89,48.11,Moderate
787,2026-01-09 10:12:47.442,51.88,48.12,Moderate
788,2026-01-09 10:12:47.482,52.58,47.42,Moderate
789,2026-01-09 10:12:47.522,53.98,46.02,Moderate
790,2026-01-09 10:12:47.565,56.23,43.77,Moderate
791,2026-01-09 10:12:47.608,57.84,42.16,Moderate
792,2026-01-09 10:12:47.653,58.95,41.05,Moderate
793,2026-01-09 10:12:47.690,59.29,40.71,Moderate
794,2026-01-09 10:12:47.728,59.12,40.88,Moderate
795,2026-01-09 10:12:47.774,57.38,42.62,Moderate
796,2026-01-09 10:12:47.809,54.04,45.96,Moderate
797,2026-01-09 10:12:47.855,50.58,49.42,Moderate
798,2026-01-09 10:12:47.901,49.10,50.90,Moderate
799,2026-01-09 10:12:47.938,48.54,51.46,Moderate
800,2026-01-09 10:12:47.976,48.60,51.40,Moderate
801,2026-01-09 10:12:48.018,48.14,51.86,Moderate
802,2026-01-09 10:12:48.065,47.77,52.23,Moderate
803,2026-01-09 10:12:48.106,48.61,51.39,Moderate
804,2026-01-09 10:12:48.142,50.64,49.36,Moderate
805,2026-01-09 10:12:48.179,54.64,45.36,Moderate
806,2026-01-09 10:12:48.220,59.25,40.75,Moderate
807,2026-01-09 10:12:48.261,62.95,37.05,Healthy
808,2026-01-09 10:12:48.303,65.36,34.64,Healthy
809,2026-01-09 10:12:48.351,66.71,33.29,Healthy
810,2026-01-09 10:12:48.390,67.42,32.58,Healthy
811,2026-01-09 10:12:48.436,67.59,32.41,Healthy
812,2026-01-09 10:12:48.481,68.25,31.75,Healthy
813,2026-01-09 10:12:48.521,68.70,31.30,Healthy
814,2026-01-09 10:12:48.564,69.01,30.99,Healthy
815,2026-01-09 10:12:48.603,70.07,29.93,Healthy
816,2026-01-09 10:12:48.640,71.54,28.46,Healthy
817,2026-01-09 10:12:48.686,73.32,26.68,Healthy
818,2026-01-09 10:12:48.724,75.66,24.34,Healthy
819,2026-01-09 10:12:48.769,77.58,22.42,Healthy
820,2026-01-09 10:12:48.809,78.84,21.16,Healthy
821,2026-01-09 10:12:48.847,79.68,20.32,Healthy
822,2026-01-09 10:12:48.891,79.82,20.18,Healthy
823,2026-01-09 10:12:48.932,78.55,21.45,Healthy
824,2026-01-09 10:12:48.972,78.05,21.95,Healthy
825,2026-01-09 10:12:49.013,79.18,20.82,Healthy
826,2026-01-09 10:12:49.048,80.46,19.54,Healthy
827,2026-01-09 10:12:49.086,80.97,19.03,Healthy
828,2026-01-09 10:12:49.132,81.36,18.64,Healthy
829,2026-01-09 10:12:49.174,82.65,17.35,Healthy
830,2026-01-09 10:12:49.211,85.09,14.91,Healthy
831,2026-01-09 10:12:49.251,87.89,12.11,Healthy
832,2026-01-09 10:12:49.289,91.43,8.57,Healthy
833,2026-01-09 10:12:49.337,95.88,4.12,Healthy
834,2026-01-09 10:12:49.385,98.70,1.30,Healthy
835,2026-01-09 10:12:49.425,99.86,0.14,Healthy
836,2026-01-09 10:12:49.473,100.00,0.00,Healthy
837,2026-01-09 10:12:49.514,100.00,0.00,Healthy
838,2026-01-09 10:12:49.556,100.00,0.00,Healthy
839,2026-01-09 10:12:49.594,100.00,0.00,Healthy
840,2026-01-09 10:12:49.632,100.00,0.00,Healthy
841,2026-01-09 10:12:49.672,100.00,0.00,Healthy
842,2026-01-09 10:12:49.721,100.00,0.00,Healthy
843,2026-01-09 10:12:49.759,98.93,1.07,Healthy
844,2026-01-09 10:12:49.806,95.01,4.99,Healthy
845,2026-01-09 10:12:49.854,87.75,12.25,Healthy
846,2026-01-09 10:12:49.901,80.94,19.06,Healthy
847,2026-01-09 10:12:49.947,72.74,27.26,Healthy
848,2026-01-09 10:12:49.991,65.05,34.95,Healthy
849,2026-01-09 10:12:50.038,58.01,41.99,Moderate
850,2026-01-09 10:12:50.078,54.83,45.17,Moderate
851,2026-01-09 10:12:50.125,53.76,46.24,Moderate
852,2026-01-09 10:12:50.166,55.07,44.93,Moderate
853,2026-01-09 10:12:50.204,56.23,43.77,Moderate
854,2026-01-09 10:12:50.240,57.31,42.69,Moderate
855,2026-01-09 10:12:50.286,58.18,41.82,Moderate
856,2026-01-09 10:12:50.330,58.16,41.84,Moderate
857,2026-01-09 10:12:50.366,59.12,40.88,Moderate
858,2026-01-09 10:12:50.405,60.67,39.33,Healthy
859,2026-01-09 10:12:50.446,62.93,37.07,Healthy
860,2026-01-09 10:12:50.488,65.43,34.57,Healthy
861,2026-01-09 10:12:50.532,65.29,34.71,Healthy
862,2026-01-09 10:12:50.568,62.03,37.97,Healthy
863,2026-01-09 10:12:50.604,55.49,44.51,Moderate
864,2026-01-09 10:12:50.642,47.11,52.89,Moderate
865,2026-01-09 10:12:50.684,37.50,62.50,Unhealthy
866,2026-01-09 10:12:50.723,28.82,71.18,Unhealthy
867,2026-01-09 10:12:50.762,19.00,81.00,Unhealthy
868,2026-01-09 10:12:50.801,13.66,86.34,Unhealthy
869,2026-01-09 10:12:50.850,10.20,89.80,Unhealthy
870,2026-01-09 10:12:50.889,7.85,92.15,Unhealthy
871,2026-01-09 10:12:50.925,6.34,93.66,Unhealthy
872,2026-01-09 10:12:50.965,5.51,94.49,Unhealthy
873,2026-01-09 10:12:51.011,4.58,95.42,Unhealthy
874,2026-01-09 10:12:51.053,2.75,97.25,Unhealthy
875,2026-01-09 10:12:51.091,1.27,98.73,Unhealthy
876,2026-01-09 10:12:51.132,0.60,99.40,Unhealthy
877,2026-01-09 10:12:51.177,0.48,99.52,Unhealthy
878,2026-01-09 10:12:51.225,0.44,99.56,Unhealthy
879,2026-01-09 10:12:51.264,0.55,99.45,Unhealthy
880,2026-01-09 10:12:51.302,1.52,98.48,Unhealthy
881,2026-01-09 10:12:51.347,2.42,97.58,Unhealthy
882,2026-01-09 10:12:51.386,3.03,96.97,Unhealthy
883,2026-01-09 10:12:51.428,4.59,95.41,Unhealthy
884,2026-01-09 10:12:51.467,9.03,90.97,Unhealthy
885,2026-01-09 10:12:51.516,14.87,85.13,Unhealthy
886,2026-01-09 10:12:51.566,21.15,78.85,Unhealthy
887,2026-01-09 10:12:51.608,28.44,71.56,Unhealthy
888,2026-01-09 10:12:51.647,36.54,63.46,Unhealthy
889,2026-01-09 10:12:51.684,43.65,56.35,Moderate
890,2026-01-09 10:12:51.723,52.59,47.41,Moderate
891,2026-01-09 10:12:51.763,59.85,40.15,Moderate
892,2026-01-09 10:12:51.806,65.84,34.16,Healthy
893,2026-01-09 10:12:51.845,68.33,31.67,Healthy
894,2026-01-09 10:12:51.885,68.29,31.71,Healthy
895,2026-01-09 10:12:51.926,66.08,33.92,Healthy
896,2026-01-09 10:12:51.966,63.34,36.66,Healthy
897,2026-01-09 10:12:52.002,62.44,37.56,Healthy
898,2026-01-09 10:12:52.045,63.04,36.96,Healthy
899,2026-01-09 10:12:52.080,58.60,41.40,Moderate
900,2026-01-09 10:12:52.118,48.70,51.30,Moderate
901,2026-01-09 10:12:52.153,37.90,62.10,Unhealthy
902,2026-01-09 10:12:52.188,29.95,70.05,Unhealthy
903,2026-01-09 10:12:52.233,23.90,76.10,Unhealthy
904,2026-01-09 10:12:52.272,24.06,75.94,Unhealthy
905,2026-01-09 10:12:52.311,30.13,69.87,Unhealthy
906,2026-01-09 10:12:52.355,37.76,62.24,Unhealthy
907,2026-01-09 10:12:52.396,43.78,56.22,Moderate
908,2026-01-09 10:12:52.442,49.34,50.66,Moderate
909,2026-01-09 10:12:52.480,53.72,46.28,Moderate
910,2026-01-09 10:12:52.524,58.31,41.69,Moderate
911,2026-01-09 10:12:52.571,62.84,37.16,Healthy
912,2026-01-09 10:12:52.607,69.45,30.55,Healthy
913,2026-01-09 10:12:52.648,75.57,24.43,Healthy
914,2026-01-09 10:12:52.690,83.05,16.95,Healthy
915,2026-01-09 10:12:52.728,92.63,7.37,Healthy
916,2026-01-09 10:12:52.767,98.87,1.13,Healthy
917,2026-01-09 10:12:52.809,100.00,0.00,Healthy
918,2026-01-09 10:12:52.846,100.00,0.00,Healthy
919,2026-01-09 10:12:52.884,100.00,0.00,Healthy
920,2026-01-09 10:12:52.939,100.00,0.00,Healthy
921,2026-01-09 10:12:52.993,100.00,0.00,Healthy
922,2026-01-09 10:12:53.036,100.00,0.00,Healthy
923,2026-01-09 10:12:53.086,100.00,0.00,Healthy
924,2026-01-09 10:12:53.129,100.00,0.00,Healthy
925,2026-01-09 10:12:53.169,100.00,0.00,Healthy
926,2026-01-09 10:12:53.206,100.00,0.00,Healthy
927,2026-01-09 10:12:53.244,100.00,0.00,Healthy
928,2026-01-09 10:12:53.281,100.00,0.00,Healthy
929,2026-01-09 10:12:53.322,100.00,0.00,Healthy
930,2026-01-09 10:12:53.365,100.00,0.00,Healthy
931,2026-01-09 10:12:53.402,100.00,0.00,Healthy
932,2026-01-09 10:12:53.440,100.00,0.00,Healthy
933,2026-01-09 10:12:53.487,100.00,0.00,Healthy
934,2026-01-09 10:12:53.534,100.00,0.00,Healthy
935,2026-01-09 10:12:53.581,100.00,0.00,Healthy
936,2026-01-09 10:12:53.633,100.00,0.00,Healthy
937,2026-01-09 10:12:53.691,100.00,0.00,Healthy
938,2026-01-09 10:12:53.733,100.00,0.00,Healthy
939,2026-01-09 10:12:53.770,100.00,0.00,Healthy
940,2026-01-09 10:12:53.813,100.00,0.00,Healthy
941,2026-01-09 10:12:53.855,100.00,0.00,Healthy
942,2026-01-09 10:12:53.893,100.00,0.00,Healthy
943,2026-01-09 10:12:53.934,99.98,0.02,Healthy
944,2026-01-09 10:12:53.983,99.57,0.43,Healthy
945,2026-01-09 10:12:54.029,99.25,0.75,Healthy
946,2026-01-09 10:12:54.067,98.73,1.27,Healthy
947,2026-01-09 10:12:54.104,97.45,2.55,Healthy
948,2026-01-09 10:12:54.147,94.82,5.18,Healthy
949,2026-01-09 10:12:54.194,90.93,9.07,Healthy
950,2026-01-09 10:12:54.240,82.52,17.48,Healthy
951,2026-01-09 10:12:54.284,72.56,27.44,Healthy
952,2026-01-09 10:12:54.330,65.32,34.68,Healthy
953,2026-01-09 10:12:54.367,60.80,39.20,Healthy
954,2026-01-09 10:12:54.403,58.77,41.23,Moderate
955,2026-01-09 10:12:54.446,57.85,42.15,Moderate
956,2026-01-09 10:12:54.487,55.15,44.85,Moderate
957,2026-01-09 10:12:54.528,51.80,48.20,Moderate
958,2026-01-09 10:12:54.565,49.83,50.17,Moderate
959,2026-01-09 10:12:54.607,48.77,51.23,Moderate
960,2026-01-09 10:12:54.651,47.34,52.66,Moderate
961,2026-01-09 10:12:54.691,46.59,53.41,Moderate
962,2026-01-09 10:12:54.729,46.60,53.40,Moderate
963,2026-01-09 10:12:54.771,46.60,53.40,Moderate
964,2026-01-09 10:12:54.810,47.08,52.92,Moderate
965,2026-01-09 10:12:54.849,49.03,50.97,Moderate
966,2026-01-09 10:12:54.893,51.44,48.56,Moderate
967,2026-01-09 10:12:54.929,54.93,45.07,Moderate
968,2026-01-09 10:12:54.972,59.04,40.96,Moderate
969,2026-01-09 10:12:55.012,63.17,36.83,Healthy
970,2026-01-09 10:12:55.048,66.67,33.33,Healthy
971,2026-01-09 10:12:55.086,70.34,29.66,Healthy
972,2026-01-09 10:12:55.130,74.62,25.38,Healthy
973,2026-01-09 10:12:55.171,79.34,20.66,Healthy
974,2026-01-09 10:12:55.216,84.31,15.69,Healthy
975,2026-01-09 10:12:55.254,89.41,10.59,Healthy
976,2026-01-09 10:12:55.307,91.20,8.80,Healthy
977,2026-01-09 10:12:55.349,92.66,7.34,Healthy
978,2026-01-09 10:12:55.390,93.10,6.90,Healthy
979,2026-01-09 10:12:55.438,87.65,12.35,Healthy
980,2026-01-09 10:12:55.479,83.78,16.22,Healthy
981,2026-01-09 10:12:55.517,79.87,20.13,Healthy
982,2026-01-09 10:12:55.559,77.65,22.35,Healthy
983,2026-01-09 10:12:55.600,76.30,23.70,Healthy
984,2026-01-09 10:12:55.640,75.57,24.43,Healthy
985,2026-01-09 10:12:55.683,75.61,24.39,Healthy
986,2026-01-09 10:12:55.717,75.21,24.79,Healthy
987,2026-01-09 10:12:55.756,75.13,24.87,Healthy
988,2026-01-09 10:12:55.806,75.92,24.08,Healthy
989,2026-01-09 10:12:55.845,76.74,23.26,Healthy
990,2026-01-09 10:12:55.887,77.48,22.52,Healthy
991,2026-01-09 10:12:55.931,78.55,21.45,Healthy
992,2026-01-09 10:12:55.972,80.04,19.96,Healthy
993,2026-01-09 10:12:56.019,82.12,17.88,Healthy
994,2026-01-09 10:12:56.064,83.91,16.09,Healthy
995,2026-01-09 10:12:56.100,84.68,15.32,Healthy
996,2026-01-09 10:12:56.139,84.83,15.17,Healthy
997,2026-01-09 10:12:56.184,85.31,14.69,Healthy
998,2026-01-09 10:12:56.233,85.46,14.54,Healthy
999,2026-01-09 10:12:56.283,86.39,13.61,Healthy
1000,2026-01-09 10:12:56.320,85.93,14.07,Healthy
1001,2026-01-09 10:12:56.359,84.90,15.10,Healthy
1002,2026-01-09 10:12:56.401,83.28,16.72,Healthy
1003,2026-01-09 10:12:56.447,81.08,18.92,Healthy
1004,2026-01-09 10:12:56.486,77.91,22.09,Healthy
1005,2026-01-09 10:12:56.526,74.23,25.77,Healthy
1006,2026-01-09 10:12:56.565,70.87,29.13,Healthy
1007,2026-01-09 10:12:56.605,68.32,31.68,Healthy
1008,2026-01-09 10:12:56.650,65.48,34.52,Healthy
1009,2026-01-09 10:12:56.690,63.05,36.95,Healthy
1010,2026-01-09 10:12:56.732,61.49,38.51,Healthy
1011,2026-01-09 10:12:56.773,60.15,39.85,Healthy
1012,2026-01-09 10:12:56.810,59.59,40.41,Moderate
1013,2026-01-09 10:12:56.845,59.50,40.50,Moderate
1014,2026-01-09 10:12:56.889,59.71,40.29,Moderate
1015,2026-01-09 10:12:56.923,60.13,39.87,Healthy
1016,2026-01-09 10:12:56.959,60.67,39.33,Healthy
1017,2026-01-09 10:12:56.995,61.10,38.90,Healthy
1018,2026-01-09 10:12:57.032,61.72,38.28,Healthy
1019,2026-01-09 10:12:57.076,62.43,37.57,Healthy
1020,2026-01-09 10:12:57.115,63.37,36.63,Healthy
1021,2026-01-09 10:12:57.160,64.48,35.52,Healthy
1022,2026-01-09 10:12:57.198,66.21,33.79,Healthy
1023,2026-01-09 10:12:57.242,67.95,32.05,Healthy
1024,2026-01-09 10:12:57.287,70.64,29.36,Healthy
1025,2026-01-09 10:12:57.328,74.39,25.61,Healthy
1026,2026-01-09 10:12:57.373,78.40,21.60,Healthy
1027,2026-01-09 10:12:57.411,82.05,17.95,Healthy
1028,2026-01-09 10:12:57.449,80.76,19.24,Healthy
1029,2026-01-09 10:12:57.488,78.71,21.29,Healthy
1030,2026-01-09 10:12:57.536,76.06,23.94,Healthy
1031,2026-01-09 10:12:57.573,70.58,29.42,Healthy
1032,2026-01-09 10:12:57.616,62.50,37.50,Healthy
1033,2026-01-09 10:12:57.657,54.17,45.83,Moderate
1034,2026-01-09 10:12:57.692,46.77,53.23,Moderate
1035,2026-01-09 10:12:57.732,40.61,59.39,Moderate
1036,2026-01-09 10:12:57.773,35.55,64.45,Unhealthy
1037,2026-01-09 10:12:57.813,31.73,68.27,Unhealthy
1038,2026-01-09 10:12:57.856,29.58,70.42,Unhealthy
1039,2026-01-09 10:12:57.900,27.66,72.34,Unhealthy
1040,2026-01-09 10:12:57.940,25.75,74.25,Unhealthy
1041,2026-01-09 10:12:57.991,24.22,75.78,Unhealthy
1042,2026-01-09 10:12:58.025,22.64,77.36,Unhealthy
1043,2026-01-09 10:12:58.063,21.07,78.93,Unhealthy
1044,2026-01-09 10:12:58.105,19.67,80.33,Unhealthy
1045,2026-01-09 10:12:58.153,18.44,81.56,Unhealthy
1046,2026-01-09 10:12:58.193,17.34,82.66,Unhealthy
1047,2026-01-09 10:12:58.238,16.51,83.49,Unhealthy
1048,2026-01-09 10:12:58.277,16.12,83.88,Unhealthy
1049,2026-01-09 10:12:58.322,16.10,83.90,Unhealthy
1050,2026-01-09 10:12:58.368,16.06,83.94,Unhealthy
1051,2026-01-09 10:12:58.414,16.10,83.90,Unhealthy
1052,2026-01-09 10:12:58.461,16.13,83.87,Unhealthy
1053,2026-01-09 10:12:58.508,16.24,83.76,Unhealthy
1054,2026-01-09 10:12:58.546,16.36,83.64,Unhealthy
1055,2026-01-09 10:12:58.592,16.51,83.49,Unhealthy
1056,2026-01-09 10:12:58.634,16.52,83.48,Unhealthy
1057,2026-01-09 10:12:58.676,16.50,83.50,Unhealthy
1058,2026-01-09 10:12:58.724,16.61,83.39,Unhealthy
1059,2026-01-09 10:12:58.766,17.36,82.64,Unhealthy
1060,2026-01-09 10:12:58.803,18.12,81.88,Unhealthy
1061,2026-01-09 10:12:58.850,17.53,82.47,Unhealthy
1062,2026-01-09 10:12:58.888,13.45,86.55,Unhealthy
1063,2026-01-09 10:12:58.928,5.98,94.02,Unhealthy
1064,2026-01-09 10:12:58.980,0.84,99.16,Unhealthy
1065,2026-01-09 10:12:59.023,0.02,99.98,Unhealthy
1066,2026-01-09 10:12:59.065,0.01,99.99,Unhealthy
1067,2026-01-09 10:12:59.106,0.01,99.99,Unhealthy
1068,2026-01-09 10:12:59.149,0.00,100.00,Unhealthy
1069,2026-01-09 10:12:59.190,0.01,99.99,Unhealthy
1070,2026-01-09 10:12:59.233,0.00,100.00,Unhealthy
1071,2026-01-09 10:12:59.273,0.00,100.00,Unhealthy
1072,2026-01-09 10:12:59.314,0.00,100.00,Unhealthy
1073,2026-01-09 10:12:59.363,0.00,100.00,Unhealthy
1074,2026-01-09 10:12:59.403,0.01,99.99,Unhealthy
1075,2026-01-09 10:12:59.448,0.01,99.99,Unhealthy
1076,2026-01-09 10:12:59.494,0.00,100.00,Unhealthy
1077,2026-01-09 10:12:59.532,0.00,100.00,Unhealthy
1078,2026-01-09 10:12:59.581,0.00,100.00,Unhealthy
1079,2026-01-09 10:12:59.620,0.00,100.00,Unhealthy
1080,2026-01-09 10:12:59.667,0.00,100.00,Unhealthy
1081,2026-01-09 10:12:59.713,0.00,100.00,Unhealthy
1082,2026-01-09 10:12:59.754,0.00,100.00,Unhealthy
1083,2026-01-09 10:12:59.796,0.00,100.00,Unhealthy
1084,2026-01-09 10:12:59.838,0.00,100.00,Unhealthy
1085,2026-01-09 10:12:59.881,0.00,100.00,Unhealthy
1086,2026-01-09 10:12:59.923,0.00,100.00,Unhealthy
1087,2026-01-09 10:12:59.964,0.00,100.00,Unhealthy
1088,2026-01-09 10:13:00.007,0.00,100.00,Unhealthy
1089,2026-01-09 10:13:00.046,0.01,99.99,Unhealthy
1090,2026-01-09 10:13:00.096,0.01,99.99,Unhealthy
1091,2026-01-09 10:13:00.137,0.00,100.00,Unhealthy
1092,2026-01-09 10:13:00.177,0.01,99.99,Unhealthy
1093,2026-01-09 10:13:00.222,0.01,99.99,Unhealthy
1094,2026-01-09 10:13:00.262,0.00,100.00,Unhealthy
1095,2026-01-09 10:13:00.308,0.01,99.99,Unhealthy
1096,2026-01-09 10:13:00.353,0.00,100.00,Unhealthy
1097,2026-01-09 10:13:00.395,0.00,100.00,Unhealthy
1098,2026-01-09 10:13:00.442,0.00,100.00,Unhealthy
1099,2026-01-09 10:13:00.488,0.00,100.00,Unhealthy
1100,2026-01-09 10:13:00.525,0.00,100.00,Unhealthy
1101,2026-01-09 10:13:00.568,0.00,100.00,Unhealthy
1102,2026-01-09 10:13:00.610,0.00,100.00,Unhealthy
1103,2026-01-09 10:13:00.652,0.00,100.00,Unhealthy
1104,2026-01-09 10:13:00.695,0.00,100.00,Unhealthy
1105,2026-01-09 10:13:00.732,0.00,100.00,Unhealthy
1106,2026-01-09 10:13:00.772,0.00,100.00,Unhealthy
1107,2026-01-09 10:13:00.814,0.00,100.00,Unhealthy
1108,2026-01-09 10:13:00.860,0.00,100.00,Unhealthy
1109,2026-01-09 10:13:00.900,0.00,100.00,Unhealthy
1110,2026-01-09 10:13:00.945,0.00,100.00,Unhealthy
1111,2026-01-09 10:13:00.983,0.01,99.99,Unhealthy
1112,2026-01-09 10:13:01.030,0.01,99.99,Unhealthy
1113,2026-01-09 10:13:01.074,0.01,99.99,Unhealthy
1114,2026-01-09 10:13:01.118,0.01,99.99,Unhealthy
1115,2026-01-09 10:13:01.154,0.01,99.99,Unhealthy
1116,2026-01-09 10:13:01.195,0.00,100.00,Unhealthy
1117,2026-01-09 10:13:01.236,0.01,99.99,Unhealthy
1118,2026-01-09 10:13:01.275,0.01,99.99,Unhealthy
1119,2026-01-09 10:13:01.312,0.01,99.99,Unhealthy
1120,2026-01-09 10:13:01.356,0.01,99.99,Unhealthy
1121,2026-01-09 10:13:01.400,0.00,100.00,Unhealthy
1122,2026-01-09 10:13:01.443,0.00,100.00,Unhealthy
1123,2026-01-09 10:13:01.481,0.00,100.00,Unhealthy
1124,2026-01-09 10:13:01.530,0.00,100.00,Unhealthy
1125,2026-01-09 10:13:01.570,0.00,100.00,Unhealthy
1126,2026-01-09 10:13:01.608,0.00,100.00,Unhealthy
1127,2026-01-09 10:13:01.653,0.00,100.00,Unhealthy
1128,2026-01-09 10:13:01.692,0.00,100.00,Unhealthy
1129,2026-01-09 10:13:01.732,0.00,100.00,Unhealthy
1130,2026-01-09 10:13:01.774,0.00,100.00,Unhealthy
1131,2026-01-09 10:13:01.819,0.00,100.00,Unhealthy
1132,2026-01-09 10:13:01.854,0.00,100.00,Unhealthy
1133,2026-01-09 10:13:01.890,0.00,100.00,Unhealthy
1134,2026-01-09 10:13:01.929,0.00,100.00,Unhealthy
1135,2026-01-09 10:13:01.966,0.00,100.00,Unhealthy
1136,2026-01-09 10:13:02.007,0.00,100.00,Unhealthy
1137,2026-01-09 10:13:02.046,0.00,100.00,Unhealthy
1138,2026-01-09 10:13:02.083,0.00,100.00,Unhealthy
1139,2026-01-09 10:13:02.122,0.01,99.99,Unhealthy
1140,2026-01-09 10:13:02.163,0.01,99.99,Unhealthy
1141,2026-01-09 10:13:02.208,0.00,100.00,Unhealthy
1142,2026-01-09 10:13:02.247,0.00,100.00,Unhealthy
1143,2026-01-09 10:13:02.285,0.00,100.00,Unhealthy
1144,2026-01-09 10:13:02.328,0.00,100.00,Unhealthy
1145,2026-01-09 10:13:02.370,0.00,100.00,Unhealthy
1146,2026-01-09 10:13:02.412,0.00,100.00,Unhealthy
1147,2026-01-09 10:13:02.459,0.01,99.99,Unhealthy
1148,2026-01-09 10:13:02.498,0.00,100.00,Unhealthy
1149,2026-01-09 10:13:02.535,0.01,99.99,Unhealthy
1150,2026-01-09 10:13:02.572,0.00,100.00,Unhealthy
1151,2026-01-09 10:13:02.612,0.00,100.00,Unhealthy
1152,2026-01-09 10:13:02.655,0.00,100.00,Unhealthy
1153,2026-01-09 10:13:02.697,0.01,99.99,Unhealthy
1154,2026-01-09 10:13:02.740,0.00,100.00,Unhealthy
1155,2026-01-09 10:13:02.791,0.01,99.99,Unhealthy
1156,2026-01-09 10:13:02.835,0.01,99.99,Unhealthy
1157,2026-01-09 10:13:02.884,0.01,99.99,Unhealthy
1158,2026-01-09 10:13:02.922,0.00,100.00,Unhealthy
1159,2026-01-09 10:13:02.962,0.00,100.00,Unhealthy
1160,2026-01-09 10:13:03.008,0.00,100.00,Unhealthy
1161,2026-01-09 10:13:03.049,0.00,100.00,Unhealthy
1162,2026-01-09 10:13:03.086,0.00,100.00,Unhealthy
1163,2026-01-09 10:13:03.132,0.00,100.00,Unhealthy
1164,2026-01-09 10:13:03.168,0.00,100.00,Unhealthy
1165,2026-01-09 10:13:03.208,0.00,100.00,Unhealthy
1166,2026-01-09 10:13:03.247,0.00,100.00,Unhealthy
1167,2026-01-09 10:13:03.294,0.00,100.00,Unhealthy
1168,2026-01-09 10:13:03.333,0.00,100.00,Unhealthy
1169,2026-01-09 10:13:03.379,0.00,100.00,Unhealthy
1170,2026-01-09 10:13:03.421,0.01,99.99,Unhealthy
1171,2026-01-09 10:13:03.464,0.01,99.99,Unhealthy
1172,2026-01-09 10:13:03.512,0.01,99.99,Unhealthy
1173,2026-01-09 10:13:03.556,0.00,100.00,Unhealthy
1174,2026-01-09 10:13:03.597,0.01,99.99,Unhealthy
1175,2026-01-09 10:13:03.640,0.00,100.00,Unhealthy
1176,2026-01-09 10:13:03.686,0.00,100.00,Unhealthy
1177,2026-01-09 10:13:03.723,0.00,100.00,Unhealthy
1178,2026-01-09 10:13:03.759,0.00,100.00,Unhealthy
1179,2026-01-09 10:13:03.796,0.00,100.00,Unhealthy
1180,2026-01-09 10:13:03.842,0.00,100.00,Unhealthy
1181,2026-01-09 10:13:03.884,0.00,100.00,Unhealthy
1182,2026-01-09 10:13:03.927,0.00,100.00,Unhealthy
1183,2026-01-09 10:13:03.966,0.00,100.00,Unhealthy
1184,2026-01-09 10:13:04.005,0.00,100.00,Unhealthy
1185,2026-01-09 10:13:04.042,0.00,100.00,Unhealthy
1186,2026-01-09 10:13:04.089,0.00,100.00,Unhealthy
1187,2026-01-09 10:13:04.130,0.00,100.00,Unhealthy
1188,2026-01-09 10:13:04.171,0.00,100.00,Unhealthy
1189,2026-01-09 10:13:04.207,0.00,100.00,Unhealthy
1190,2026-01-09 10:13:04.250,0.00,100.00,Unhealthy
1191,2026-01-09 10:13:04.297,0.00,100.00,Unhealthy
1192,2026-01-09 10:13:04.344,0.00,100.00,Unhealthy
1193,2026-01-09 10:13:04.382,0.00,100.00,Unhealthy
1194,2026-01-09 10:13:04.424,0.00,100.00,Unhealthy
1195,2026-01-09 10:13:04.460,0.00,100.00,Unhealthy
1196,2026-01-09 10:13:04.500,0.00,100.00,Unhealthy
1197,2026-01-09 10:13:04.543,0.00,100.00,Unhealthy
1198,2026-01-09 10:13:04.587,0.00,100.00,Unhealthy
1199,2026-01-09 10:13:04.633,0.00,100.00,Unhealthy
1200,2026-01-09 10:13:04.674,0.00,100.00,Unhealthy
1201,2026-01-09 10:13:04.712,0.00,100.00,Unhealthy
1202,2026-01-09 10:13:04.752,0.00,100.00,Unhealthy
1203,2026-01-09 10:13:04.790,0.00,100.00,Unhealthy
1204,2026-01-09 10:13:04.830,0.00,100.00,Unhealthy
1205,2026-01-09 10:13:04.873,0.00,100.00,Unhealthy
1206,2026-01-09 10:13:04.918,0.00,100.00,Unhealthy
1207,2026-01-09 10:13:04.961,0.00,100.00,Unhealthy
1208,2026-01-09 10:13:05.001,0.00,100.00,Unhealthy
1209,2026-01-09 10:13:05.042,0.00,100.00,Unhealthy
1210,2026-01-09 10:13:05.081,0.00,100.00,Unhealthy
1211,2026-01-09 10:13:05.119,0.00,100.00,Unhealthy
1212,2026-01-09 10:13:05.157,0.00,100.00,Unhealthy
1213,2026-01-09 10:13:05.194,0.00,100.00,Unhealthy
1214,2026-01-09 10:13:05.239,0.00,100.00,Unhealthy
1215,2026-01-09 10:13:05.278,0.00,100.00,Unhealthy
1216,2026-01-09 10:13:05.313,0.00,100.00,Unhealthy
1217,2026-01-09 10:13:05.352,0.00,100.00,Unhealthy
1218,2026-01-09 10:13:05.389,0.00,100.00,Unhealthy
1219,2026-01-09 10:13:05.434,0.00,100.00,Unhealthy
1220,2026-01-09 10:13:05.480,0.00,100.00,Unhealthy
1221,2026-01-09 10:13:05.526,0.00,100.00,Unhealthy
1222,2026-01-09 10:13:05.574,0.00,100.00,Unhealthy
1223,2026-01-09 10:13:05.620,0.00,100.00,Unhealthy
1224,2026-01-09 10:13:05.671,0.00,100.00,Unhealthy
1225,2026-01-09 10:13:05.726,0.00,100.00,Unhealthy
1226,2026-01-09 10:13:05.764,0.00,100.00,Unhealthy
1227,2026-01-09 10:13:05.810,0.00,100.00,Unhealthy
1228,2026-01-09 10:13:05.855,0.00,100.00,Unhealthy
1229,2026-01-09 10:13:05.898,0.00,100.00,Unhealthy
1230,2026-01-09 10:13:05.945,0.00,100.00,Unhealthy
1231,2026-01-09 10:13:05.992,0.00,100.00,Unhealthy
1232,2026-01-09 10:13:06.040,0.00,100.00,Unhealthy
1233,2026-01-09 10:13:06.076,0.00,100.00,Unhealthy
1234,2026-01-09 10:13:06.117,0.00,100.00,Unhealthy
1235,2026-01-09 10:13:06.160,0.00,100.00,Unhealthy
1236,2026-01-09 10:13:06.203,0.00,100.00,Unhealthy
1237,2026-01-09 10:13:06.245,0.00,100.00,Unhealthy
1238,2026-01-09 10:13:06.292,0.00,100.00,Unhealthy
1239,2026-01-09 10:13:06.329,0.00,100.00,Unhealthy
1240,2026-01-09 10:13:06.377,0.00,100.00,Unhealthy
1241,2026-01-09 10:13:06.421,0.00,100.00,Unhealthy
1242,2026-01-09 10:13:06.466,0.00,100.00,Unhealthy
1243,2026-01-09 10:13:06.506,0.00,100.00,Unhealthy
1244,2026-01-09 10:13:06.548,0.00,100.00,Unhealthy
1245,2026-01-09 10:13:06.590,0.00,100.00,Unhealthy
1246,2026-01-09 10:13:06.628,0.00,100.00,Unhealthy
1247,2026-01-09 10:13:06.668,0.00,100.00,Unhealthy
1248,2026-01-09 10:13:06.709,0.00,100.00,Unhealthy
1249,2026-01-09 10:13:06.750,0.00,100.00,Unhealthy
1250,2026-01-09 10:13:06.800,0.02,99.98,Unhealthy
1251,2026-01-09 10:13:06.841,0.01,99.99,Unhealthy
1252,2026-01-09 10:13:06.885,0.01,99.99,Unhealthy
1253,2026-01-09 10:13:06.927,0.01,99.99,Unhealthy
1254,2026-01-09 10:13:06.969,0.01,99.99,Unhealthy
1255,2026-01-09 10:13:07.008,0.01,99.99,Unhealthy
1256,2026-01-09 10:13:07.049,0.00,100.00,Unhealthy
1257,2026-01-09 10:13:07.094,0.01,99.99,Unhealthy
1258,2026-01-09 10:13:07.143,0.01,99.99,Unhealthy
1259,2026-01-09 10:13:07.181,0.02,99.98,Unhealthy
1260,2026-01-09 10:13:07.220,0.01,99.99,Unhealthy
1261,2026-01-09 10:13:07.263,0.02,99.98,Unhealthy
1262,2026-01-09 10:13:07.302,0.01,99.99,Unhealthy
1263,2026-01-09 10:13:07.358,0.02,99.98,Unhealthy
1264,2026-01-09 10:13:07.412,0.01,99.99,Unhealthy
1265,2026-01-09 10:13:07.459,0.01,99.99,Unhealthy
1266,2026-01-09 10:13:07.507,0.01,99.99,Unhealthy
1267,2026-01-09 10:13:07.555,0.00,100.00,Unhealthy
1268,2026-01-09 10:13:07.594,0.00,100.00,Unhealthy
1269,2026-01-09 10:13:07.642,0.00,100.00,Unhealthy
1270,2026-01-09 10:13:07.685,0.00,100.00,Unhealthy
1271,2026-01-09 10:13:07.730,0.00,100.00,Unhealthy
1272,2026-01-09 10:13:07.775,0.01,99.99,Unhealthy
1273,2026-01-09 10:13:07.823,0.00,100.00,Unhealthy
1274,2026-01-09 10:13:07.872,0.00,100.00,Unhealthy
1275,2026-01-09 10:13:07.919,0.00,100.00,Unhealthy
1276,2026-01-09 10:13:07.960,0.00,100.00,Unhealthy
1277,2026-01-09 10:13:08.004,1.34,98.66,Unhealthy
1278,2026-01-09 10:13:08.053,9.12,90.88,Unhealthy
1279,2026-01-09 10:13:08.100,17.85,82.15,Unhealthy
1280,2026-01-09 10:13:08.143,27.57,72.43,Unhealthy
1281,2026-01-09 10:13:08.183,37.22,62.78,Unhealthy
1282,2026-01-09 10:13:08.228,45.47,54.53,Moderate
1283,2026-01-09 10:13:08.272,58.23,41.77,Moderate
1284,2026-01-09 10:13:08.318,70.07,29.93,Healthy
1285,2026-01-09 10:13:08.360,79.26,20.74,Healthy
1286,2026-01-09 10:13:08.401,86.05,13.95,Healthy
1287,2026-01-09 10:13:08.443,91.28,8.72,Healthy
1288,2026-01-09 10:13:08.481,94.54,5.46,Healthy
1289,2026-01-09 10:13:08.526,96.08,3.92,Healthy
1290,2026-01-09 10:13:08.565,96.89,3.11,Healthy
1291,2026-01-09 10:13:08.603,97.45,2.55,Healthy
1292,2026-01-09 10:13:08.645,97.28,2.72,Healthy
1293,2026-01-09 10:13:08.684,96.19,3.81,Healthy
1294,2026-01-09 10:13:08.725,94.14,5.86,Healthy
1295,2026-01-09 10:13:08.766,91.72,8.28,Healthy
1296,2026-01-09 10:13:08.808,89.22,10.78,Healthy
1297,2026-01-09 10:13:08.849,87.12,12.88,Healthy
1298,2026-01-09 10:13:08.889,86.11,13.89,Healthy
1299,2026-01-09 10:13:08.934,86.84,13.16,Healthy
1300,2026-01-09 10:13:08.978,86.36,13.64,Healthy
1301,2026-01-09 10:13:09.023,84.93,15.07,Healthy
1302,2026-01-09 10:13:09.071,84.14,15.86,Healthy
1303,2026-01-09 10:13:09.109,83.33,16.67,Healthy
1304,2026-01-09 10:13:09.154,83.57,16.43,Healthy
1305,2026-01-09 10:13:09.193,84.35,15.65,Healthy
1306,2026-01-09 10:13:09.233,85.16,14.84,Healthy
1307,2026-01-09 10:13:09.271,87.45,12.55,Healthy
1308,2026-01-09 10:13:09.318,89.75,10.25,Healthy
1309,2026-01-09 10:13:09.365,90.33,9.67,Healthy
1310,2026-01-09 10:13:09.407,90.51,9.49,Healthy
1311,2026-01-09 10:13:09.451,90.91,9.09,Healthy
1312,2026-01-09 10:13:09.499,92.29,7.71,Healthy
1313,2026-01-09 10:13:09.549,94.59,5.41,Healthy
1314,2026-01-09 10:13:09.588,96.91,3.09,Healthy
1315,2026-01-09 10:13:09.632,98.76,1.24,Healthy
1316,2026-01-09 10:13:09.672,99.95,0.05,Healthy
1317,2026-01-09 10:13:09.713,100.00,0.00,Healthy
1318,2026-01-09 10:13:09.757,100.00,0.00,Healthy
1319,2026-01-09 10:13:09.795,100.00,0.00,Healthy
1320,2026-01-09 10:13:09.832,100.00,0.00,Healthy
1321,2026-01-09 10:13:09.872,100.00,0.00,Healthy
1322,2026-01-09 10:13:09.916,100.00,0.00,Healthy
1323,2026-01-09 10:13:09.958,100.00,0.00,Healthy
1324,2026-01-09 10:13:10.000,100.00,0.00,Healthy
1325,2026-01-09 10:13:10.040,100.00,0.00,Healthy
1326,2026-01-09 10:13:10.077,100.00,0.00,Healthy
1327,2026-01-09 10:13:10.120,100.00,0.00,Healthy
1328,2026-01-09 10:13:10.159,100.00,0.00,Healthy
1329,2026-01-09 10:13:10.196,100.00,0.00,Healthy
1330,2026-01-09 10:13:10.233,100.00,0.00,Healthy
1331,2026-01-09 10:13:10.273,100.00,0.00,Healthy
1332,2026-01-09 10:13:10.321,100.00,0.00,Healthy
1333,2026-01-09 10:13:10.369,99.95,0.05,Healthy
1334,2026-01-09 10:13:10.416,99.82,0.18,Healthy
1335,2026-01-09 10:13:10.458,99.79,0.21,Healthy
1336,2026-01-09 10:13:10.499,99.84,0.16,Healthy
1337,2026-01-09 10:13:10.537,99.91,0.09,Healthy
1338,2026-01-09 10:13:10.574,99.91,0.09,Healthy
1339,2026-01-09 10:13:10.614,99.91,0.09,Healthy
1340,2026-01-09 10:13:10.653,100.00,0.00,Healthy
1341,2026-01-09 10:13:10.691,100.00,0.00,Healthy
1342,2026-01-09 10:13:10.729,100.00,0.00,Healthy
1343,2026-01-09 10:13:10.777,100.00,0.00,Healthy
1344,2026-01-09 10:13:10.823,100.00,0.00,Healthy
1345,2026-01-09 10:13:10.865,100.00,0.00,Healthy
1346,2026-01-09 10:13:10.911,100.00,0.00,Healthy
1347,2026-01-09 10:13:10.954,100.00,0.00,Healthy
1348,2026-01-09 10:13:10.992,100.00,0.00,Healthy
1349,2026-01-09 10:13:11.032,100.00,0.00,Healthy
1350,2026-01-09 10:13:11.077,99.66,0.34,Healthy
1351,2026-01-09 10:13:11.121,95.36,4.64,Healthy
1352,2026-01-09 10:13:11.167,88.20,11.80,Healthy
1353,2026-01-09 10:13:11.211,82.87,17.13,Healthy
1354,2026-01-09 10:13:11.255,80.77,19.23,Healthy
1355,2026-01-09 10:13:11.292,81.08,18.92,Healthy
1356,2026-01-09 10:13:11.336,81.95,18.05,Healthy
1357,2026-01-09 10:13:11.372,82.11,17.89,Healthy
1358,2026-01-09 10:13:11.409,81.55,18.45,Healthy
1359,2026-01-09 10:13:11.450,79.96,20.04,Healthy
1360,2026-01-09 10:13:11.489,74.04,25.96,Healthy
1361,2026-01-09 10:13:11.535,62.20,37.80,Healthy
1362,2026-01-09 10:13:11.580,48.65,51.35,Moderate
1363,2026-01-09 10:13:11.623,35.45,64.55,Unhealthy
1364,2026-01-09 10:13:11.662,24.50,75.50,Unhealthy
1365,2026-01-09 10:13:11.707,17.17,82.83,Unhealthy
1366,2026-01-09 10:13:11.756,11.46,88.54,Unhealthy
1367,2026-01-09 10:13:11.795,7.64,92.36,Unhealthy
1368,2026-01-09 10:13:11.842,7.00,93.00,Unhealthy
1369,2026-01-09 10:13:11.880,5.79,94.21,Unhealthy
1370,2026-01-09 10:13:11.931,5.86,94.14,Unhealthy
1371,2026-01-09 10:13:11.975,5.34,94.66,Unhealthy
1372,2026-01-09 10:13:12.019,5.23,94.77,Unhealthy
1373,2026-01-09 10:13:12.068,3.98,96.02,Unhealthy
1374,2026-01-09 10:13:12.119,3.15,96.85,Unhealthy
1375,2026-01-09 10:13:12.158,2.81,97.19,Unhealthy
1376,2026-01-09 10:13:12.200,2.43,97.57,Unhealthy
1377,2026-01-09 10:13:12.242,2.07,97.93,Unhealthy
1378,2026-01-09 10:13:12.287,1.88,98.12,Unhealthy
1379,2026-01-09 10:13:12.326,1.59,98.41,Unhealthy
1380,2026-01-09 10:13:12.375,2.10,97.90,Unhealthy
1381,2026-01-09 10:13:12.411,2.02,97.98,Unhealthy
1382,2026-01-09 10:13:12.454,2.38,97.62,Unhealthy
1383,2026-01-09 10:13:12.500,2.05,97.95,Unhealthy
1384,2026-01-09 10:13:12.548,1.88,98.12,Unhealthy
1385,2026-01-09 10:13:12.587,1.74,98.26,Unhealthy
1386,2026-01-09 10:13:12.634,1.57,98.43,Unhealthy
1387,2026-01-09 10:13:12.677,1.39,98.61,Unhealthy
1388,2026-01-09 10:13:12.723,1.07,98.93,Unhealthy
1389,2026-01-09 10:13:12.763,0.52,99.48,Unhealthy
1390,2026-01-09 10:13:12.804,0.25,99.75,Unhealthy
1391,2026-01-09 10:13:12.851,0.04,99.96,Unhealthy
1392,2026-01-09 10:13:12.897,0.02,99.98,Unhealthy
1393,2026-01-09 10:13:12.935,0.06,99.94,Unhealthy
1394,2026-01-09 10:13:12.976,0.38,99.62,Unhealthy
1395,2026-01-09 10:13:13.016,1.04,98.96,Unhealthy
1396,2026-01-09 10:13:13.061,1.66,98.34,Unhealthy
1397,2026-01-09 10:13:13.113,2.12,97.88,Unhealthy
1398,2026-01-09 10:13:13.161,2.28,97.72,Unhealthy
1399,2026-01-09 10:13:13.199,2.11,97.89,Unhealthy
1400,2026-01-09 10:13:13.241,0.83,99.17,Unhealthy
1401,2026-01-09 10:13:13.291,0.04,99.96,Unhealthy
1402,2026-01-09 10:13:13.339,0.00,100.00,Unhealthy
1403,2026-01-09 10:13:13.388,0.00,100.00,Unhealthy
1404,2026-01-09 10:13:13.431,0.00,100.00,Unhealthy
1405,2026-01-09 10:13:13.476,0.00,100.00,Unhealthy
1406,2026-01-09 10:13:13.520,0.00,100.00,Unhealthy
1407,2026-01-09 10:13:13.558,0.00,100.00,Unhealthy
1408,2026-01-09 10:13:13.597,0.00,100.00,Unhealthy
1409,2026-01-09 10:13:13.639,0.00,100.00,Unhealthy
1410,2026-01-09 10:13:13.690,0.00,100.00,Unhealthy
1411,2026-01-09 10:13:13.734,0.00,100.00,Unhealthy
1412,2026-01-09 10:13:13.783,0.00,100.00,Unhealthy
1413,2026-01-09 10:13:13.827,0.00,100.00,Unhealthy
1414,2026-01-09 10:13:13.867,0.00,100.00,Unhealthy
1415,2026-01-09 10:13:13.912,0.01,99.99,Unhealthy
1416,2026-01-09 10:13:13.950,0.01,99.99,Unhealthy
1417,2026-01-09 10:13:13.995,0.00,100.00,Unhealthy
1418,2026-01-09 10:13:14.044,0.17,99.83,Unhealthy
1419,2026-01-09 10:13:14.083,1.84,98.16,Unhealthy
1420,2026-01-09 10:13:14.127,4.83,95.17,Unhealthy
1421,2026-01-09 10:13:14.177,8.07,91.93,Unhealthy
1422,2026-01-09 10:13:14.221,9.54,90.46,Unhealthy
1423,2026-01-09 10:13:14.269,7.96,92.04,Unhealthy
1424,2026-01-09 10:13:14.314,1.46,98.54,Unhealthy
1425,2026-01-09 10:13:14.356,0.61,99.39,Unhealthy
1426,2026-01-09 10:13:14.400,0.32,99.68,Unhealthy
1427,2026-01-09 10:13:14.448,1.36,98.64,Unhealthy
1428,2026-01-09 10:13:14.499,1.42,98.58,Unhealthy
1429,2026-01-09 10:13:14.537,2.83,97.17,Unhealthy
1430,2026-01-09 10:13:14.585,3.31,96.69,Unhealthy
1431,2026-01-09 10:13:14.633,4.02,95.98,Unhealthy
1432,2026-01-09 10:13:14.672,4.34,95.66,Unhealthy
1433,2026-01-09 10:13:14.714,3.49,96.51,Unhealthy
1434,2026-01-09 10:13:14.754,3.33,96.67,Unhealthy
1435,2026-01-09 10:13:14.791,2.98,97.02,Unhealthy
1436,2026-01-09 10:13:14.834,2.97,97.03,Unhealthy
1437,2026-01-09 10:13:14.871,2.38,97.62,Unhealthy
1438,2026-01-09 10:13:14.915,2.07,97.93,Unhealthy
1439,2026-01-09 10:13:14.968,2.06,97.94,Unhealthy
1440,2026-01-09 10:13:15.011,1.32,98.68,Unhealthy
1441,2026-01-09 10:13:15.053,0.74,99.26,Unhealthy
1442,2026-01-09 10:13:15.102,0.61,99.39,Unhealthy
1443,2026-01-09 10:13:15.145,0.53,99.47,Unhealthy
1444,2026-01-09 10:13:15.186,0.45,99.55,Unhealthy
1445,2026-01-09 10:13:15.231,0.38,99.62,Unhealthy
1446,2026-01-09 10:13:15.275,0.30,99.70,Unhealthy
1447,2026-01-09 10:13:15.320,0.27,99.73,Unhealthy
1448,2026-01-09 10:13:15.365,0.28,99.72,Unhealthy
1449,2026-01-09 10:13:15.411,0.21,99.79,Unhealthy
1450,2026-01-09 10:13:15.453,0.17,99.83,Unhealthy
1451,2026-01-09 10:13:15.498,0.16,99.84,Unhealthy
1452,2026-01-09 10:13:15.540,0.15,99.85,Unhealthy
1453,2026-01-09 10:13:15.585,0.12,99.88,Unhealthy
1454,2026-01-09 10:13:15.624,0.14,99.86,Unhealthy
1455,2026-01-09 10:13:15.671,0.18,99.82,Unhealthy
1456,2026-01-09 10:13:15.716,0.09,99.91,Unhealthy
1457,2026-01-09 10:13:15.764,0.11,99.89,Unhealthy
1458,2026-01-09 10:13:15.807,0.09,99.91,Unhealthy
1459,2026-01-09 10:13:15.847,0.11,99.89,Unhealthy
1460,2026-01-09 10:13:15.895,0.10,99.90,Unhealthy
1461,2026-01-09 10:13:15.934,0.09,99.91,Unhealthy
1462,2026-01-09 10:13:15.979,0.08,99.92,Unhealthy
1463,2026-01-09 10:13:16.018,0.07,99.93,Unhealthy
1464,2026-01-09 10:13:16.055,0.05,99.95,Unhealthy
1465,2026-01-09 10:13:16.097,0.04,99.96,Unhealthy
1466,2026-01-09 10:13:16.135,0.05,99.95,Unhealthy
1467,2026-01-09 10:13:16.181,0.04,99.96,Unhealthy
1468,2026-01-09 10:13:16.228,0.06,99.94,Unhealthy
1469,2026-01-09 10:13:16.269,0.05,99.95,Unhealthy
1470,2026-01-09 10:13:16.314,0.04,99.96,Unhealthy
1471,2026-01-09 10:13:16.357,0.03,99.97,Unhealthy
1472,2026-01-09 10:13:16.394,0.02,99.98,Unhealthy
1473,2026-01-09 10:13:16.431,0.03,99.97,Unhealthy
1474,2026-01-09 10:13:16.470,0.03,99.97,Unhealthy
1475,2026-01-09 10:13:16.513,0.03,99.97,Unhealthy
1476,2026-01-09 10:13:16.553,0.03,99.97,Unhealthy
1477,2026-01-09 10:13:16.599,0.05,99.95,Unhealthy
1478,2026-01-09 10:13:16.646,0.05,99.95,Unhealthy
1479,2026-01-09 10:13:16.691,0.04,99.96,Unhealthy
1480,2026-01-09 10:13:16.736,0.05,99.95,Unhealthy
1481,2026-01-09 10:13:16.783,0.05,99.95,Unhealthy
1482,2026-01-09 10:13:16.827,0.04,99.96,Unhealthy
1483,2026-01-09 10:13:16.866,0.04,99.96,Unhealthy
1484,2026-01-09 10:13:16.905,0.04,99.96,Unhealthy
1485,2026-01-09 10:13:16.948,0.05,99.95,Unhealthy
1486,2026-01-09 10:13:16.986,0.02,99.98,Unhealthy
1487,2026-01-09 10:13:17.029,0.03,99.97,Unhealthy
1488,2026-01-09 10:13:17.071,0.04,99.96,Unhealthy
1489,2026-01-09 10:13:17.113,0.04,99.96,Unhealthy
1490,2026-01-09 10:13:17.157,0.04,99.96,Unhealthy
1491,2026-01-09 10:13:17.196,0.04,99.96,Unhealthy
1492,2026-01-09 10:13:17.234,0.03,99.97,Unhealthy
1493,2026-01-09 10:13:17.278,0.02,99.98,Unhealthy
1494,2026-01-09 10:13:17.317,0.04,99.96,Unhealthy
1495,2026-01-09 10:13:17.360,0.04,99.96,Unhealthy
1496,2026-01-09 10:13:17.409,0.05,99.95,Unhealthy
1497,2026-01-09 10:13:17.448,0.04,99.96,Unhealthy
1498,2026-01-09 10:13:17.490,0.03,99.97,Unhealthy
1499,2026-01-09 10:13:17.538,0.04,99.96,Unhealthy
1500,2026-01-09 10:13:17.581,0.02,99.98,Unhealthy
1501,2026-01-09 10:13:17.620,0.03,99.97,Unhealthy
1502,2026-01-09 10:13:17.664,0.01,99.99,Unhealthy
1503,2026-01-09 10:13:17.711,0.01,99.99,Unhealthy
1504,2026-01-09 10:13:17.751,0.00,100.00,Unhealthy
1505,2026-01-09 10:13:17.790,0.00,100.00,Unhealthy
1506,2026-01-09 10:13:17.834,0.01,99.99,Unhealthy
1507,2026-01-09 10:13:17.875,0.01,99.99,Unhealthy
1508,2026-01-09 10:13:17.914,0.00,100.00,Unhealthy
1509,2026-01-09 10:13:17.958,0.00,100.00,Unhealthy
1510,2026-01-09 10:13:17.997,0.01,99.99,Unhealthy
1511,2026-01-09 10:13:18.038,0.00,100.00,Unhealthy
1512,2026-01-09 10:13:18.081,0.01,99.99,Unhealthy
1513,2026-01-09 10:13:18.122,0.01,99.99,Unhealthy
1514,2026-01-09 10:13:18.165,0.03,99.97,Unhealthy
1515,2026-01-09 10:13:18.205,0.00,100.00,Unhealthy
1516,2026-01-09 10:13:18.248,0.00,100.00,Unhealthy
1517,2026-01-09 10:13:18.287,0.02,99.98,Unhealthy
1518,2026-01-09 10:13:18.328,0.01,99.99,Unhealthy
1519,2026-01-09 10:13:18.373,0.01,99.99,Unhealthy
1520,2026-01-09 10:13:18.420,0.00,100.00,Unhealthy
1521,2026-01-09 10:13:18.462,0.02,99.98,Unhealthy
1522,2026-01-09 10:13:18.500,0.01,99.99,Unhealthy
1523,2026-01-09 10:13:18.538,0.03,99.97,Unhealthy
1524,2026-01-09 10:13:18.584,0.02,99.98,Unhealthy
1525,2026-01-09 10:13:18.625,0.00,100.00,Unhealthy
1526,2026-01-09 10:13:18.662,0.00,100.00,Unhealthy
1527,2026-01-09 10:13:18.699,0.00,100.00,Unhealthy
1528,2026-01-09 10:13:18.736,0.03,99.97,Unhealthy
1529,2026-01-09 10:13:18.781,0.02,99.98,Unhealthy
1530,2026-01-09 10:13:18.820,0.08,99.92,Unhealthy
1531,2026-01-09 10:13:18.862,1.15,98.85,Unhealthy
1532,2026-01-09 10:13:18.898,3.48,96.52,Unhealthy
1533,2026-01-09 10:13:18.941,6.98,93.02,Unhealthy
1534,2026-01-09 10:13:18.983,11.67,88.33,Unhealthy
1535,2026-01-09 10:13:19.022,16.97,83.03,Unhealthy
1536,2026-01-09 10:13:19.059,21.87,78.13,Unhealthy
1537,2026-01-09 10:13:19.100,28.87,71.13,Unhealthy
1538,2026-01-09 10:13:19.139,36.42,63.58,Unhealthy
1539,2026-01-09 10:13:19.178,42.72,57.28,Moderate
1540,2026-01-09 10:13:19.220,45.30,54.70,Moderate
1541,2026-01-09 10:13:19.264,41.76,58.24,Moderate
1542,2026-01-09 10:13:19.309,36.23,63.77,Unhealthy
1543,2026-01-09 10:13:19.351,30.91,69.09,Unhealthy
1544,2026-01-09 10:13:19.396,27.53,72.47,Unhealthy
1545,2026-01-09 10:13:19.432,24.91,75.09,Unhealthy
1546,2026-01-09 10:13:19.471,23.18,76.82,Unhealthy
1547,2026-01-09 10:13:19.509,21.86,78.14,Unhealthy
1548,2026-01-09 10:13:19.552,20.77,79.23,Unhealthy
1549,2026-01-09 10:13:19.595,20.02,79.98,Unhealthy
1550,2026-01-09 10:13:19.640,19.39,80.61,Unhealthy
1551,2026-01-09 10:13:19.678,18.91,81.09,Unhealthy
1552,2026-01-09 10:13:19.716,18.82,81.18,Unhealthy
1553,2026-01-09 10:13:19.760,18.89,81.11,Unhealthy
1554,2026-01-09 10:13:19.799,19.14,80.86,Unhealthy
1555,2026-01-09 10:13:19.841,19.29,80.71,Unhealthy
1556,2026-01-09 10:13:19.883,19.35,80.65,Unhealthy
1557,2026-01-09 10:13:19.928,19.32,80.68,Unhealthy
1558,2026-01-09 10:13:19.969,19.32,80.68,Unhealthy
1559,2026-01-09 10:13:20.012,19.29,80.71,Unhealthy
1560,2026-01-09 10:13:20.053,19.23,80.77,Unhealthy
1561,2026-01-09 10:13:20.096,19.23,80.77,Unhealthy
1562,2026-01-09 10:13:20.136,19.15,80.85,Unhealthy
1563,2026-01-09 10:13:20.182,19.09,80.91,Unhealthy
1564,2026-01-09 10:13:20.220,19.08,80.92,Unhealthy
1565,2026-01-09 10:13:20.261,19.04,80.96,Unhealthy
1566,2026-01-09 10:13:20.310,19.05,80.95,Unhealthy
1567,2026-01-09 10:13:20.356,19.08,80.92,Unhealthy
1568,2026-01-09 10:13:20.391,19.09,80.91,Unhealthy
1569,2026-01-09 10:13:20.433,19.13,80.87,Unhealthy
1570,2026-01-09 10:13:20.478,19.11,80.89,Unhealthy
1571,2026-01-09 10:13:20.518,19.07,80.93,Unhealthy
1572,2026-01-09 10:13:20.560,19.01,80.99,Unhealthy
1573,2026-01-09 10:13:20.600,18.99,81.01,Unhealthy
1574,2026-01-09 10:13:20.637,18.99,81.01,Unhealthy
1575,2026-01-09 10:13:20.680,19.03,80.97,Unhealthy
1576,2026-01-09 10:13:20.722,19.04,80.96,Unhealthy
1577,2026-01-09 10:13:20.762,18.98,81.02,Unhealthy
1578,2026-01-09 10:13:20.806,19.01,80.99,Unhealthy
1579,2026-01-09 10:13:20.843,18.96,81.04,Unhealthy
1580,2026-01-09 10:13:20.881,18.91,81.09,Unhealthy
1581,2026-01-09 10:13:20.918,18.84,81.16,Unhealthy
1582,2026-01-09 10:13:20.961,18.82,81.18,Unhealthy
1583,2026-01-09 10:13:21.005,18.78,81.22,Unhealthy
1584,2026-01-09 10:13:21.047,18.75,81.25,Unhealthy
1585,2026-01-09 10:13:21.086,18.72,81.28,Unhealthy
1586,2026-01-09 10:13:21.127,18.72,81.28,Unhealthy
1587,2026-01-09 10:13:21.165,18.70,81.30,Unhealthy
1588,2026-01-09 10:13:21.201,18.68,81.32,Unhealthy
1589,2026-01-09 10:13:21.246,18.69,81.31,Unhealthy
1590,2026-01-09 10:13:21.288,18.68,81.32,Unhealthy
1591,2026-01-09 10:13:21.340,18.64,81.36,Unhealthy
1592,2026-01-09 10:13:21.378,18.62,81.38,Unhealthy
1593,2026-01-09 10:13:21.416,18.60,81.40,Unhealthy
1594,2026-01-09 10:13:21.460,18.59,81.41,Unhealthy
1595,2026-01-09 10:13:21.496,18.56,81.44,Unhealthy
1596,2026-01-09 10:13:21.541,18.53,81.47,Unhealthy
1597,2026-01-09 10:13:21.584,18.48,81.52,Unhealthy
1598,2026-01-09 10:13:21.627,18.48,81.52,Unhealthy
1599,2026-01-09 10:13:21.673,18.47,81.53,Unhealthy
1600,2026-01-09 10:13:21.710,18.46,81.54,Unhealthy
1601,2026-01-09 10:13:21.747,18.45,81.55,Unhealthy
1602,2026-01-09 10:13:21.793,18.40,81.60,Unhealthy
1603,2026-01-09 10:13:21.838,18.37,81.63,Unhealthy
1604,2026-01-09 10:13:21.883,18.34,81.66,Unhealthy
1605,2026-01-09 10:13:21.919,18.32,81.68,Unhealthy
1606,2026-01-09 10:13:21.964,18.30,81.70,Unhealthy
1607,2026-01-09 10:13:22.010,18.28,81.72,Unhealthy
1608,2026-01-09 10:13:22.051,18.26,81.74,Unhealthy
1609,2026-01-09 10:13:22.091,17.99,82.01,Unhealthy
1610,2026-01-09 10:13:22.134,17.39,82.61,Unhealthy
1611,2026-01-09 10:13:22.173,18.23,81.77,Unhealthy
1612,2026-01-09 10:13:22.212,18.27,81.73,Unhealthy
1613,2026-01-09 10:13:22.251,18.26,81.74,Unhealthy
1614,2026-01-09 10:13:22.296,18.22,81.78,Unhealthy
1615,2026-01-09 10:13:22.342,18.20,81.80,Unhealthy
1616,2026-01-09 10:13:22.384,18.21,81.79,Unhealthy
1617,2026-01-09 10:13:22.425,18.19,81.81,Unhealthy
1618,2026-01-09 10:13:22.464,18.17,81.83,Unhealthy
1619,2026-01-09 10:13:22.510,18.12,81.88,Unhealthy
1620,2026-01-09 10:13:22.551,17.88,82.12,Unhealthy
1621,2026-01-09 10:13:22.596,17.02,82.98,Unhealthy
1622,2026-01-09 10:13:22.648,14.85,85.15,Unhealthy
1623,2026-01-09 10:13:22.693,11.44,88.56,Unhealthy
1624,2026-01-09 10:13:22.728,7.98,92.02,Unhealthy
1625,2026-01-09 10:13:22.769,5.81,94.19,Unhealthy
1626,2026-01-09 10:13:22.813,4.36,95.64,Unhealthy
1627,2026-01-09 10:13:22.859,3.66,96.34,Unhealthy
1628,2026-01-09 10:13:22.902,1.88,98.12,Unhealthy
1629,2026-01-09 10:13:22.941,1.49,98.51,Unhealthy
1630,2026-01-09 10:13:22.981,2.56,97.44,Unhealthy
1631,2026-01-09 10:13:23.028,3.88,96.12,Unhealthy
1632,2026-01-09 10:13:23.069,4.76,95.24,Unhealthy
1633,2026-01-09 10:13:23.113,4.90,95.10,Unhealthy
1634,2026-01-09 10:13:23.158,18.21,81.79,Unhealthy
1635,2026-01-09 10:13:23.199,28.51,71.49,Unhealthy
1636,2026-01-09 10:13:23.246,0.79,99.21,Unhealthy
1637,2026-01-09 10:13:23.296,0.47,99.53,Unhealthy
1638,2026-01-09 10:13:23.343,0.20,99.80,Unhealthy
1639,2026-01-09 10:13:23.385,0.17,99.83,Unhealthy
1640,2026-01-09 10:13:23.428,0.20,99.80,Unhealthy
1641,2026-01-09 10:13:23.469,0.15,99.85,Unhealthy
1642,2026-01-09 10:13:23.513,0.14,99.86,Unhealthy
1643,2026-01-09 10:13:23.554,0.16,99.84,Unhealthy
1644,2026-01-09 10:13:23.600,0.14,99.86,Unhealthy
1645,2026-01-09 10:13:23.643,0.13,99.87,Unhealthy
1646,2026-01-09 10:13:23.686,0.11,99.89,Unhealthy
1647,2026-01-09 10:13:23.728,0.09,99.91,Unhealthy
1648,2026-01-09 10:13:23.772,0.07,99.93,Unhealthy
1649,2026-01-09 10:13:23.812,0.08,99.92,Unhealthy
1650,2026-01-09 10:13:23.856,0.09,99.91,Unhealthy
1651,2026-01-09 10:13:23.901,0.08,99.92,Unhealthy
1652,2026-01-09 10:13:23.946,0.07,99.93,Unhealthy
1653,2026-01-09 10:13:23.992,0.06,99.94,Unhealthy
1654,2026-01-09 10:13:24.040,0.07,99.93,Unhealthy
1655,2026-01-09 10:13:24.079,0.04,99.96,Unhealthy
1656,2026-01-09 10:13:24.128,0.07,99.93,Unhealthy
1657,2026-01-09 10:13:24.175,0.05,99.95,Unhealthy
1658,2026-01-09 10:13:24.219,0.05,99.95,Unhealthy
1659,2026-01-09 10:13:24.265,0.06,99.94,Unhealthy
1660,2026-01-09 10:13:24.313,0.05,99.95,Unhealthy
1661,2026-01-09 10:13:24.361,0.06,99.94,Unhealthy
1662,2026-01-09 10:13:24.401,0.05,99.95,Unhealthy
1663,2026-01-09 10:13:24.444,0.05,99.95,Unhealthy
1664,2026-01-09 10:13:24.492,0.06,99.94,Unhealthy
1665,2026-01-09 10:13:24.532,0.04,99.96,Unhealthy
1666,2026-01-09 10:13:24.572,0.06,99.94,Unhealthy
1667,2026-01-09 10:13:24.614,0.05,99.95,Unhealthy
1668,2026-01-09 10:13:24.658,0.04,99.96,Unhealthy
1669,2026-01-09 10:13:24.697,0.05,99.95,Unhealthy
1670,2026-01-09 10:13:24.746,0.05,99.95,Unhealthy
1671,2026-01-09 10:13:24.790,0.06,99.94,Unhealthy
1672,2026-01-09 10:13:24.829,0.04,99.96,Unhealthy
1673,2026-01-09 10:13:24.869,0.04,99.96,Unhealthy
1674,2026-01-09 10:13:24.908,0.04,99.96,Unhealthy
1675,2026-01-09 10:13:24.954,0.04,99.96,Unhealthy
1676,2026-01-09 10:13:25.002,0.05,99.95,Unhealthy
1677,2026-01-09 10:13:25.045,0.03,99.97,Unhealthy
1678,2026-01-09 10:13:25.084,0.04,99.96,Unhealthy
1679,2026-01-09 10:13:25.126,0.03,99.97,Unhealthy
1680,2026-01-09 10:13:25.168,0.05,99.95,Unhealthy
1681,2026-01-09 10:13:25.214,0.03,99.97,Unhealthy
1682,2026-01-09 10:13:25.255,0.04,99.96,Unhealthy
1683,2026-01-09 10:13:25.293,0.04,99.96,Unhealthy
1684,2026-01-09 10:13:25.337,0.04,99.96,Unhealthy
1685,2026-01-09 10:13:25.378,0.04,99.96,Unhealthy
1686,2026-01-09 10:13:25.423,0.04,99.96,Unhealthy
1687,2026-01-09 10:13:25.473,0.04,99.96,Unhealthy
1688,2026-01-09 10:13:25.521,0.05,99.95,Unhealthy
1689,2026-01-09 10:13:25.570,0.06,99.94,Unhealthy
1690,2026-01-09 10:13:25.609,0.03,99.97,Unhealthy
1691,2026-01-09 10:13:25.651,0.05,99.95,Unhealthy
1692,2026-01-09 10:13:25.694,0.04,99.96,Unhealthy
1693,2026-01-09 10:13:25.735,0.05,99.95,Unhealthy
1694,2026-01-09 10:13:25.785,0.03,99.97,Unhealthy
1695,2026-01-09 10:13:25.823,0.04,99.96,Unhealthy
1696,2026-01-09 10:13:25.868,0.04,99.96,Unhealthy
1697,2026-01-09 10:13:25.907,0.03,99.97,Unhealthy
1698,2026-01-09 10:13:25.952,0.03,99.97,Unhealthy
1699,2026-01-09 10:13:25.998,0.04,99.96,Unhealthy
1700,2026-01-09 10:13:26.038,0.03,99.97,Unhealthy
1701,2026-01-09 10:13:26.076,0.03,99.97,Unhealthy
1702,2026-01-09 10:13:26.118,0.04,99.96,Unhealthy
1703,2026-01-09 10:13:26.161,0.03,99.97,Unhealthy
1704,2026-01-09 10:13:26.201,0.03,99.97,Unhealthy
1705,2026-01-09 10:13:26.241,0.04,99.96,Unhealthy
1706,2026-01-09 10:13:26.282,0.05,99.95,Unhealthy
1707,2026-01-09 10:13:26.319,0.03,99.97,Unhealthy
1708,2026-01-09 10:13:26.371,0.06,99.94,Unhealthy
1709,2026-01-09 10:13:26.415,0.05,99.95,Unhealthy
1710,2026-01-09 10:13:26.465,0.05,99.95,Unhealthy
1711,2026-01-09 10:13:26.511,0.03,99.97,Unhealthy
1712,2026-01-09 10:13:26.552,0.05,99.95,Unhealthy
1713,2026-01-09 10:13:26.593,0.04,99.96,Unhealthy
1714,2026-01-09 10:13:26.638,0.04,99.96,Unhealthy
1715,2026-01-09 10:13:26.689,0.04,99.96,Unhealthy
1716,2026-01-09 10:13:26.727,0.02,99.98,Unhealthy
1717,2026-01-09 10:13:26.766,0.04,99.96,Unhealthy
1718,2026-01-09 10:13:26.806,0.04,99.96,Unhealthy
1719,2026-01-09 10:13:26.855,0.03,99.97,Unhealthy
1720,2026-01-09 10:13:26.902,0.03,99.97,Unhealthy
1721,2026-01-09 10:13:26.948,0.03,99.97,Unhealthy
1722,2026-01-09 10:13:26.991,0.04,99.96,Unhealthy
1723,2026-01-09 10:13:27.031,0.03,99.97,Unhealthy
1724,2026-01-09 10:13:27.081,0.03,99.97,Unhealthy
1725,2026-01-09 10:13:27.131,0.04,99.96,Unhealthy
1726,2026-01-09 10:13:27.172,0.05,99.95,Unhealthy
1727,2026-01-09 10:13:27.215,0.04,99.96,Unhealthy
1728,2026-01-09 10:13:27.258,0.05,99.95,Unhealthy
1729,2026-01-09 10:13:27.299,0.04,99.96,Unhealthy
1730,2026-01-09 10:13:27.344,0.05,99.95,Unhealthy
1731,2026-01-09 10:13:27.386,0.03,99.97,Unhealthy
1732,2026-01-09 10:13:27.437,0.05,99.95,Unhealthy
1733,2026-01-09 10:13:27.477,0.04,99.96,Unhealthy
1734,2026-01-09 10:13:27.518,0.04,99.96,Unhealthy
1735,2026-01-09 10:13:27.556,0.04,99.96,Unhealthy
1736,2026-01-09 10:13:27.596,0.04,99.96,Unhealthy
1737,2026-01-09 10:13:27.646,0.04,99.96,Unhealthy
1738,2026-01-09 10:13:27.689,0.03,99.97,Unhealthy
1739,2026-01-09 10:13:27.736,0.04,99.96,Unhealthy
1740,2026-01-09 10:13:27.779,0.04,99.96,Unhealthy
1741,2026-01-09 10:13:27.828,0.04,99.96,Unhealthy
1742,2026-01-09 10:13:27.868,0.04,99.96,Unhealthy
1743,2026-01-09 10:13:27.918,0.03,99.97,Unhealthy
1744,2026-01-09 10:13:27.958,0.03,99.97,Unhealthy
1745,2026-01-09 10:13:27.999,0.04,99.96,Unhealthy
1746,2026-01-09 10:13:28.038,0.02,99.98,Unhealthy
1747,2026-01-09 10:13:28.088,0.04,99.96,Unhealthy
1748,2026-01-09 10:13:28.132,0.03,99.97,Unhealthy
1749,2026-01-09 10:13:28.173,0.04,99.96,Unhealthy
1750,2026-01-09 10:13:28.221,0.03,99.97,Unhealthy
1751,2026-01-09 10:13:28.262,0.02,99.98,Unhealthy
1752,2026-01-09 10:13:28.304,0.03,99.97,Unhealthy
1753,2026-01-09 10:13:28.349,0.03,99.97,Unhealthy
1754,2026-01-09 10:13:28.397,0.04,99.96,Unhealthy
1755,2026-01-09 10:13:28.437,0.04,99.96,Unhealthy
1756,2026-01-09 10:13:28.483,0.03,99.97,Unhealthy
1757,2026-01-09 10:13:28.532,0.03,99.97,Unhealthy
1758,2026-01-09 10:13:28.575,0.04,99.96,Unhealthy
1759,2026-01-09 10:13:28.621,0.04,99.96,Unhealthy
1760,2026-01-09 10:13:28.662,0.02,99.98,Unhealthy
1761,2026-01-09 10:13:28.699,0.03,99.97,Unhealthy
1762,2026-01-09 10:13:28.739,0.03,99.97,Unhealthy
1763,2026-01-09 10:13:28.785,0.02,99.98,Unhealthy
1764,2026-01-09 10:13:28.825,0.04,99.96,Unhealthy
1765,2026-01-09 10:13:28.874,0.01,99.99,Unhealthy
1766,2026-01-09 10:13:28.919,0.03,99.97,Unhealthy
1767,2026-01-09 10:13:28.961,0.02,99.98,Unhealthy
1768,2026-01-09 10:13:28.999,0.02,99.98,Unhealthy
1769,2026-01-09 10:13:29.045,0.03,99.97,Unhealthy
1770,2026-01-09 10:13:29.087,0.03,99.97,Unhealthy
1771,2026-01-09 10:13:29.135,0.02,99.98,Unhealthy
1772,2026-01-09 10:13:29.185,0.02,99.98,Unhealthy
1773,2026-01-09 10:13:29.231,0.03,99.97,Unhealthy
1774,2026-01-09 10:13:29.271,0.03,99.97,Unhealthy
1775,2026-01-09 10:13:29.313,0.03,99.97,Unhealthy
1776,2026-01-09 10:13:29.361,0.02,99.98,Unhealthy
1777,2026-01-09 10:13:29.401,0.02,99.98,Unhealthy
1778,2026-01-09 10:13:29.446,0.02,99.98,Unhealthy
1779,2026-01-09 10:13:29.488,0.02,99.98,Unhealthy
1780,2026-01-09 10:13:29.537,0.03,99.97,Unhealthy
1781,2026-01-09 10:13:29.577,0.03,99.97,Unhealthy
1782,2026-01-09 10:13:29.621,0.02,99.98,Unhealthy
1783,2026-01-09 10:13:29.662,0.04,99.96,Unhealthy
1784,2026-01-09 10:13:29.705,0.02,99.98,Unhealthy
1785,2026-01-09 10:13:29.745,0.02,99.98,Unhealthy
1786,2026-01-09 10:13:29.788,0.02,99.98,Unhealthy
1787,2026-01-09 10:13:29.838,0.03,99.97,Unhealthy
1788,2026-01-09 10:13:29.885,0.02,99.98,Unhealthy
1789,2026-01-09 10:13:29.926,0.04,99.96,Unhealthy
1790,2026-01-09 10:13:29.969,0.03,99.97,Unhealthy
1791,2026-01-09 10:13:30.012,0.02,99.98,Unhealthy
1792,2026-01-09 10:13:30.053,0.02,99.98,Unhealthy
1793,2026-01-09 10:13:30.095,0.02,99.98,Unhealthy
1794,2026-01-09 10:13:30.134,0.05,99.95,Unhealthy
1795,2026-01-09 10:13:30.179,0.02,99.98,Unhealthy
1796,2026-01-09 10:13:30.222,0.02,99.98,Unhealthy
1797,2026-01-09 10:13:30.261,0.04,99.96,Unhealthy
1798,2026-01-09 10:13:30.303,0.02,99.98,Unhealthy
1799,2026-01-09 10:13:30.347,0.03,99.97,Unhealthy
1800,2026-01-09 10:13:30.393,0.03,99.97,Unhealthy
1801,2026-01-09 10:13:30.438,0.03,99.97,Unhealthy
1802,2026-01-09 10:13:30.483,0.03,99.97,Unhealthy
1803,2026-01-09 10:13:30.530,0.03,99.97,Unhealthy
1804,2026-01-09 10:13:30.570,0.03,99.97,Unhealthy
1805,2026-01-09 10:13:30.612,0.03,99.97,Unhealthy
1806,2026-01-09 10:13:30.658,0.04,99.96,Unhealthy
1807,2026-01-09 10:13:30.698,0.03,99.97,Unhealthy
1808,2026-01-09 10:13:30.737,0.02,99.98,Unhealthy
1809,2026-01-09 10:13:30.776,0.02,99.98,Unhealthy
1810,2026-01-09 10:13:30.816,0.03,99.97,Unhealthy
1811,2026-01-09 10:13:30.856,0.02,99.98,Unhealthy
1812,2026-01-09 10:13:30.903,0.03,99.97,Unhealthy
1813,2026-01-09 10:13:30.945,0.03,99.97,Unhealthy
1814,2026-01-09 10:13:30.988,0.03,99.97,Unhealthy
1815,2026-01-09 10:13:31.027,0.04,99.96,Unhealthy
1816,2026-01-09 10:13:31.068,0.04,99.96,Unhealthy
1817,2026-01-09 10:13:31.109,0.02,99.98,Unhealthy
1818,2026-01-09 10:13:31.156,0.03,99.97,Unhealthy
1819,2026-01-09 10:13:31.197,0.03,99.97,Unhealthy
1820,2026-01-09 10:13:31.240,0.02,99.98,Unhealthy
1821,2026-01-09 10:13:31.284,0.02,99.98,Unhealthy
1822,2026-01-09 10:13:31.334,0.04,99.96,Unhealthy
1823,2026-01-09 10:13:31.384,0.02,99.98,Unhealthy
1824,2026-01-09 10:13:31.427,0.03,99.97,Unhealthy
1825,2026-01-09 10:13:31.474,0.02,99.98,Unhealthy
1826,2026-01-09 10:13:31.520,0.02,99.98,Unhealthy
1827,2026-01-09 10:13:31.559,0.02,99.98,Unhealthy
1828,2026-01-09 10:13:31.603,0.03,99.97,Unhealthy
1829,2026-01-09 10:13:31.651,0.02,99.98,Unhealthy
1830,2026-01-09 10:13:31.700,0.02,99.98,Unhealthy
1831,2026-01-09 10:13:31.744,0.02,99.98,Unhealthy
1832,2026-01-09 10:13:31.783,0.02,99.98,Unhealthy
1833,2026-01-09 10:13:31.821,0.02,99.98,Unhealthy
1834,2026-01-09 10:13:31.864,0.02,99.98,Unhealthy
1835,2026-01-09 10:13:31.910,0.02,99.98,Unhealthy
1836,2026-01-09 10:13:31.948,0.01,99.99,Unhealthy
1837,2026-01-09 10:13:31.987,0.01,99.99,Unhealthy
1838,2026-01-09 10:13:32.025,0.02,99.98,Unhealthy
1839,2026-01-09 10:13:32.066,0.03,99.97,Unhealthy
1840,2026-01-09 10:13:32.108,0.03,99.97,Unhealthy
1841,2026-01-09 10:13:32.156,0.02,99.98,Unhealthy
1842,2026-01-09 10:13:32.201,0.01,99.99,Unhealthy
1843,2026-01-09 10:13:32.246,0.01,99.99,Unhealthy
1844,2026-01-09 10:13:32.288,0.02,99.98,Unhealthy
1845,2026-01-09 10:13:32.332,0.02,99.98,Unhealthy
1846,2026-01-09 10:13:32.380,0.02,99.98,Unhealthy
1847,2026-01-09 10:13:32.424,0.02,99.98,Unhealthy
1848,2026-01-09 10:13:32.466,0.02,99.98,Unhealthy
1849,2026-01-09 10:13:32.509,0.03,99.97,Unhealthy
1850,2026-01-09 10:13:32.557,0.02,99.98,Unhealthy
1851,2026-01-09 10:13:32.604,0.03,99.97,Unhealthy
1852,2026-01-09 10:13:32.641,0.03,99.97,Unhealthy
1853,2026-01-09 10:13:32.679,0.03,99.97,Unhealthy
1854,2026-01-09 10:13:32.717,0.03,99.97,Unhealthy
1855,2026-01-09 10:13:32.756,0.03,99.97,Unhealthy
1856,2026-01-09 10:13:32.800,0.03,99.97,Unhealthy
1857,2026-01-09 10:13:32.849,0.03,99.97,Unhealthy
1858,2026-01-09 10:13:32.895,0.02,99.98,Unhealthy
1859,2026-01-09 10:13:32.936,0.04,99.96,Unhealthy
1860,2026-01-09 10:13:32.979,0.02,99.98,Unhealthy
1861,2026-01-09 10:13:33.027,0.03,99.97,Unhealthy
1862,2026-01-09 10:13:33.073,0.03,99.97,Unhealthy
1863,2026-01-09 10:13:33.119,0.04,99.96,Unhealthy
1864,2026-01-09 10:13:33.159,0.03,99.97,Unhealthy
1865,2026-01-09 10:13:33.207,0.02,99.98,Unhealthy
1866,2026-01-09 10:13:33.250,0.02,99.98,Unhealthy
1867,2026-01-09 10:13:33.288,0.03,99.97,Unhealthy
1868,2026-01-09 10:13:33.330,0.03,99.97,Unhealthy
1869,2026-01-09 10:13:33.372,0.03,99.97,Unhealthy
1870,2026-01-09 10:13:33.415,0.03,99.97,Unhealthy
1871,2026-01-09 10:13:33.463,0.02,99.98,Unhealthy
1872,2026-01-09 10:13:33.506,0.01,99.99,Unhealthy
1873,2026-01-09 10:13:33.550,0.01,99.99,Unhealthy
1874,2026-01-09 10:13:33.595,0.00,100.00,Unhealthy
1875,2026-01-09 10:13:33.643,0.01,99.99,Unhealthy
1876,2026-01-09 10:13:33.681,0.00,100.00,Unhealthy
1877,2026-01-09 10:13:33.731,0.03,99.97,Unhealthy
1878,2026-01-09 10:13:33.780,0.45,99.55,Unhealthy
1879,2026-01-09 10:13:33.823,0.43,99.57,Unhealthy
1880,2026-01-09 10:13:33.867,1.55,98.45,Unhealthy
1881,2026-01-09 10:13:33.908,4.10,95.90,Unhealthy
1882,2026-01-09 10:13:33.951,6.87,93.13,Unhealthy
1883,2026-01-09 10:13:33.993,9.86,90.14,Unhealthy
1884,2026-01-09 10:13:34.033,12.82,87.18,Unhealthy
1885,2026-01-09 10:13:34.083,15.91,84.09,Unhealthy
1886,2026-01-09 10:13:34.125,18.59,81.41,Unhealthy
1887,2026-01-09 10:13:34.178,21.07,78.93,Unhealthy
1888,2026-01-09 10:13:34.227,22.70,77.30,Unhealthy
1889,2026-01-09 10:13:34.273,24.29,75.71,Unhealthy
1890,2026-01-09 10:13:34.321,26.16,73.84,Unhealthy
1891,2026-01-09 10:13:34.366,27.15,72.85,Unhealthy
1892,2026-01-09 10:13:34.403,27.96,72.04,Unhealthy
1893,2026-01-09 10:13:34.446,27.51,72.49,Unhealthy
1894,2026-01-09 10:13:34.493,27.75,72.25,Unhealthy
1895,2026-01-09 10:13:34.532,28.21,71.79,Unhealthy
1896,2026-01-09 10:13:34.573,28.47,71.53,Unhealthy
1897,2026-01-09 10:13:34.618,28.97,71.03,Unhealthy
1898,2026-01-09 10:13:34.658,29.20,70.80,Unhealthy
1899,2026-01-09 10:13:34.702,29.33,70.67,Unhealthy
1900,2026-01-09 10:13:34.741,29.37,70.63,Unhealthy
1901,2026-01-09 10:13:34.788,29.48,70.52,Unhealthy
1902,2026-01-09 10:13:34.837,29.74,70.26,Unhealthy
1903,2026-01-09 10:13:34.876,29.68,70.32,Unhealthy
1904,2026-01-09 10:13:34.919,29.32,70.68,Unhealthy
1905,2026-01-09 10:13:34.962,29.01,70.99,Unhealthy
1906,2026-01-09 10:13:35.006,28.50,71.50,Unhealthy
1907,2026-01-09 10:13:35.048,28.19,71.81,Unhealthy
1908,2026-01-09 10:13:35.089,28.08,71.92,Unhealthy
1909,2026-01-09 10:13:35.129,28.26,71.74,Unhealthy
1910,2026-01-09 10:13:35.167,28.82,71.18,Unhealthy
1911,2026-01-09 10:13:35.216,29.45,70.55,Unhealthy
1912,2026-01-09 10:13:35.257,30.27,69.73,Unhealthy
1913,2026-01-09 10:13:35.295,30.98,69.02,Unhealthy
1914,2026-01-09 10:13:35.333,31.59,68.41,Unhealthy
1915,2026-01-09 10:13:35.370,32.37,67.63,Unhealthy
1916,2026-01-09 10:13:35.407,33.25,66.75,Unhealthy
1917,2026-01-09 10:13:35.451,34.27,65.73,Unhealthy
1918,2026-01-09 10:13:35.495,35.46,64.54,Unhealthy
1919,2026-01-09 10:13:35.531,36.72,63.28,Unhealthy
1920,2026-01-09 10:13:35.572,37.84,62.16,Unhealthy
1921,2026-01-09 10:13:35.615,38.80,61.20,Unhealthy
1922,2026-01-09 10:13:35.656,40.10,59.90,Moderate
1923,2026-01-09 10:13:35.699,40.86,59.14,Moderate
1924,2026-01-09 10:13:35.740,41.63,58.37,Moderate
1925,2026-01-09 10:13:35.777,42.57,57.43,Moderate
1926,2026-01-09 10:13:35.821,43.55,56.45,Moderate
1927,2026-01-09 10:13:35.863,44.73,55.27,Moderate
1928,2026-01-09 10:13:35.901,45.73,54.27,Moderate
1929,2026-01-09 10:13:35.942,46.62,53.38,Moderate
1930,2026-01-09 10:13:35.980,47.51,52.49,Moderate
1931,2026-01-09 10:13:36.019,48.18,51.82,Moderate
1932,2026-01-09 10:13:36.066,48.11,51.89,Moderate
1933,2026-01-09 10:13:36.127,48.12,51.88,Moderate
1934,2026-01-09 10:13:36.186,48.25,51.75,Moderate
1935,2026-01-09 10:13:36.240,48.21,51.79,Moderate
1936,2026-01-09 10:13:36.282,48.19,51.81,Moderate
1937,2026-01-09 10:13:36.323,48.15,51.85,Moderate
1938,2026-01-09 10:13:36.359,48.11,51.89,Moderate
1939,2026-01-09 10:13:36.405,48.07,51.93,Moderate
1940,2026-01-09 10:13:36.448,48.04,51.96,Moderate
1941,2026-01-09 10:13:36.490,47.98,52.02,Moderate
1942,2026-01-09 10:13:36.528,47.94,52.06,Moderate
1943,2026-01-09 10:13:36.573,47.91,52.09,Moderate
1944,2026-01-09 10:13:36.608,47.87,52.13,Moderate
1945,2026-01-09 10:13:36.654,47.85,52.15,Moderate
1946,2026-01-09 10:13:36.699,47.80,52.20,Moderate
1947,2026-01-09 10:13:36.737,47.76,52.24,Moderate
1948,2026-01-09 10:13:36.781,47.72,52.28,Moderate
1949,2026-01-09 10:13:36.823,47.69,52.31,Moderate
1950,2026-01-09 10:13:36.866,47.62,52.38,Moderate
1951,2026-01-09 10:13:36.907,47.58,52.42,Moderate
1952,2026-01-09 10:13:36.949,47.54,52.46,Moderate
1953,2026-01-09 10:13:36.987,47.51,52.49,Moderate
1954,2026-01-09 10:13:37.027,47.47,52.53,Moderate
1955,2026-01-09 10:13:37.069,47.43,52.57,Moderate
1956,2026-01-09 10:13:37.115,47.40,52.60,Moderate
1957,2026-01-09 10:13:37.152,47.37,52.63,Moderate
1958,2026-01-09 10:13:37.189,47.33,52.67,Moderate
1959,2026-01-09 10:13:37.226,47.29,52.71,Moderate
1960,2026-01-09 10:13:37.262,47.26,52.74,Moderate
1961,2026-01-09 10:13:37.302,47.18,52.82,Moderate
1962,2026-01-09 10:13:37.341,47.13,52.87,Moderate
1963,2026-01-09 10:13:37.380,47.04,52.96,Moderate
1964,2026-01-09 10:13:37.413,46.96,53.04,Moderate
1965,2026-01-09 10:13:37.447,46.90,53.10,Moderate
1966,2026-01-09 10:13:37.481,46.82,53.18,Moderate
1967,2026-01-09 10:13:37.525,46.76,53.24,Moderate
1968,2026-01-09 10:13:37.567,46.67,53.33,Moderate
1969,2026-01-09 10:13:37.603,46.60,53.40,Moderate
1970,2026-01-09 10:13:37.645,46.53,53.47,Moderate
1971,2026-01-09 10:13:37.683,46.46,53.54,Moderate
1972,2026-01-09 10:13:37.723,46.39,53.61,Moderate
1973,2026-01-09 10:13:37.762,46.34,53.66,Moderate
1974,2026-01-09 10:13:37.800,46.27,53.73,Moderate
1975,2026-01-09 10:13:37.841,46.19,53.81,Moderate
1976,2026-01-09 10:13:37.880,46.13,53.87,Moderate
1977,2026-01-09 10:13:37.915,46.09,53.91,Moderate
1978,2026-01-09 10:13:37.957,46.03,53.97,Moderate
1979,2026-01-09 10:13:37.999,45.98,54.02,Moderate
1980,2026-01-09 10:13:38.037,45.88,54.12,Moderate
1981,2026-01-09 10:13:38.075,45.85,54.15,Moderate
1982,2026-01-09 10:13:38.114,45.78,54.22,Moderate
1983,2026-01-09 10:13:38.157,45.74,54.26,Moderate
1984,2026-01-09 10:13:38.196,45.69,54.31,Moderate
1985,2026-01-09 10:13:38.231,45.64,54.36,Moderate
1986,2026-01-09 10:13:38.270,45.59,54.41,Moderate
1987,2026-01-09 10:13:38.310,45.55,54.45,Moderate
1988,2026-01-09 10:13:38.346,45.50,54.50,Moderate
1989,2026-01-09 10:13:38.384,45.44,54.56,Moderate
1990,2026-01-09 10:13:38.421,45.39,54.61,Moderate
1991,2026-01-09 10:13:38.461,45.36,54.64,Moderate
1992,2026-01-09 10:13:38.502,45.32,54.68,Moderate
1993,2026-01-09 10:13:38.536,45.27,54.73,Moderate
1994,2026-01-09 10:13:38.571,45.24,54.76,Moderate
1995,2026-01-09 10:13:38.614,45.16,54.84,Moderate
1996,2026-01-09 10:13:38.651,45.11,54.89,Moderate
1997,2026-01-09 10:13:38.693,45.06,54.94,Moderate
1998,2026-01-09 10:13:38.735,45.00,55.00,Moderate
1999,2026-01-09 10:13:38.779,44.96,55.04,Moderate
2000,2026-01-09 10:13:38.818,44.92,55.08,Moderate
2001,2026-01-09 10:13:38.856,44.86,55.14,Moderate
2002,2026-01-09 10:13:38.898,44.82,55.18,Moderate
2003,2026-01-09 10:13:38.934,44.78,55.22,Moderate
2004,2026-01-09 10:13:38.969,44.74,55.26,Moderate
2005,2026-01-09 10:13:39.012,44.71,55.29,Moderate
2006,2026-01-09 10:13:39.048,44.67,55.33,Moderate
2007,2026-01-09 10:13:39.084,44.63,55.37,Moderate
2008,2026-01-09 10:13:39.124,44.59,55.41,Moderate
2009,2026-01-09 10:13:39.161,44.53,55.47,Moderate
2010,2026-01-09 10:13:39.196,44.47,55.53,Moderate
2011,2026-01-09 10:13:39.233,44.44,55.56,Moderate
2012,2026-01-09 10:13:39.270,44.39,55.61,Moderate
2013,2026-01-09 10:13:39.310,44.35,55.65,Moderate
2014,2026-01-09 10:13:39.351,44.31,55.69,Moderate
2015,2026-01-09 10:13:39.387,44.26,55.74,Moderate
2016,2026-01-09 10:13:39.426,44.22,55.78,Moderate
2017,2026-01-09 10:13:39.461,44.19,55.81,Moderate
2018,2026-01-09 10:13:39.500,44.15,55.85,Moderate
2019,2026-01-09 10:13:39.533,44.11,55.89,Moderate
2020,2026-01-09 10:13:39.571,44.08,55.92,Moderate
2021,2026-01-09 10:13:39.613,44.05,55.95,Moderate
2022,2026-01-09 10:13:39.653,44.00,56.00,Moderate
2023,2026-01-09 10:13:39.690,43.97,56.03,Moderate
2024,2026-01-09 10:13:39.726,43.94,56.06,Moderate
2025,2026-01-09 10:13:39.765,43.90,56.10,Moderate
2026,2026-01-09 10:13:39.802,43.88,56.12,Moderate
2027,2026-01-09 10:13:39.850,43.83,56.17,Moderate
2028,2026-01-09 10:13:39.896,43.78,56.22,Moderate
2029,2026-01-09 10:13:39.935,43.77,56.23,Moderate
2030,2026-01-09 10:13:39.979,43.72,56.28,Moderate
2031,2026-01-09 10:13:40.031,43.69,56.31,Moderate
2032,2026-01-09 10:13:40.077,43.65,56.35,Moderate
2033,2026-01-09 10:13:40.123,43.61,56.39,Moderate
2034,2026-01-09 10:13:40.169,43.57,56.43,Moderate
2035,2026-01-09 10:13:40.208,43.53,56.47,Moderate
2036,2026-01-09 10:13:40.246,43.51,56.49,Moderate
2037,2026-01-09 10:13:40.303,43.48,56.52,Moderate
2038,2026-01-09 10:13:40.373,43.47,56.53,Moderate
2039,2026-01-09 10:13:40.429,43.44,56.56,Moderate
2040,2026-01-09 10:13:40.477,43.38,56.62,Moderate
2041,2026-01-09 10:13:40.538,43.35,56.65,Moderate
2042,2026-01-09 10:13:40.589,43.33,56.67,Moderate
2043,2026-01-09 10:13:40.627,43.30,56.70,Moderate
2044,2026-01-09 10:13:40.669,43.27,56.73,Moderate
2045,2026-01-09 10:13:40.710,43.24,56.76,Moderate
2046,2026-01-09 10:13:40.749,43.21,56.79,Moderate
2047,2026-01-09 10:13:40.791,43.17,56.83,Moderate
2048,2026-01-09 10:13:40.827,43.14,56.86,Moderate
2049,2026-01-09 10:13:40.878,43.12,56.88,Moderate
2050,2026-01-09 10:13:40.919,43.10,56.90,Moderate
2051,2026-01-09 10:13:40.960,43.08,56.92,Moderate
2052,2026-01-09 10:13:41.008,43.04,56.96,Moderate
2053,2026-01-09 10:13:41.057,43.02,56.98,Moderate
2054,2026-01-09 10:13:41.115,42.99,57.01,Moderate
2055,2026-01-09 10:13:41.155,42.96,57.04,Moderate
2056,2026-01-09 10:13:41.188,42.94,57.06,Moderate
2057,2026-01-09 10:13:41.226,42.91,57.09,Moderate
2058,2026-01-09 10:13:41.260,42.87,57.13,Moderate
2059,2026-01-09 10:13:41.300,42.86,57.14,Moderate
2060,2026-01-09 10:13:41.338,42.84,57.16,Moderate
2061,2026-01-09 10:13:41.379,42.80,57.20,Moderate
2062,2026-01-09 10:13:41.420,42.77,57.23,Moderate
2063,2026-01-09 10:13:41.458,42.74,57.26,Moderate
2064,2026-01-09 10:13:41.492,42.73,57.27,Moderate
2065,2026-01-09 10:13:41.525,42.71,57.29,Moderate
2066,2026-01-09 10:13:41.560,42.69,57.31,Moderate
2067,2026-01-09 10:13:41.594,42.68,57.32,Moderate
2068,2026-01-09 10:13:41.630,42.67,57.33,Moderate
2069,2026-01-09 10:13:41.669,42.65,57.35,Moderate
2070,2026-01-09 10:13:41.708,42.59,57.41,Moderate
2071,2026-01-09 10:13:41.746,42.59,57.41,Moderate
2072,2026-01-09 10:13:41.789,42.58,57.42,Moderate
2073,2026-01-09 10:13:41.829,42.56,57.44,Moderate
2074,2026-01-09 10:13:41.868,42.54,57.46,Moderate
2075,2026-01-09 10:13:41.910,42.51,57.49,Moderate
2076,2026-01-09 10:13:41.943,42.49,57.51,Moderate
2077,2026-01-09 10:13:41.976,42.47,57.53,Moderate
2078,2026-01-09 10:13:42.012,42.44,57.56,Moderate
2079,2026-01-09 10:13:42.047,42.43,57.57,Moderate
2080,2026-01-09 10:13:42.084,42.41,57.59,Moderate
2081,2026-01-09 10:13:42.124,42.38,57.62,Moderate
2082,2026-01-09 10:13:42.162,42.36,57.64,Moderate
2083,2026-01-09 10:13:42.204,42.33,57.67,Moderate
2084,2026-01-09 10:13:42.246,42.30,57.70,Moderate
2085,2026-01-09 10:13:42.287,42.29,57.71,Moderate
2086,2026-01-09 10:13:42.323,42.28,57.72,Moderate
2087,2026-01-09 10:13:42.362,42.26,57.74,Moderate
2088,2026-01-09 10:13:42.396,42.23,57.77,Moderate
2089,2026-01-09 10:13:42.433,42.22,57.78,Moderate
2090,2026-01-09 10:13:42.469,42.21,57.79,Moderate
2091,2026-01-09 10:13:42.505,42.18,57.82,Moderate
2092,2026-01-09 10:13:42.538,42.17,57.83,Moderate
2093,2026-01-09 10:13:42.574,42.15,57.85,Moderate
2094,2026-01-09 10:13:42.613,42.14,57.86,Moderate
2095,2026-01-09 10:13:42.646,42.12,57.88,Moderate
2096,2026-01-09 10:13:42.683,42.11,57.89,Moderate
2097,2026-01-09 10:13:42.723,42.09,57.91,Moderate
2098,2026-01-09 10:13:42.757,42.07,57.93,Moderate
2099,2026-01-09 10:13:42.792,42.06,57.94,Moderate
2100,2026-01-09 10:13:42.836,42.04,57.96,Moderate
2101,2026-01-09 10:13:42.875,42.02,57.98,Moderate
2102,2026-01-09 10:13:42.912,42.01,57.99,Moderate
2103,2026-01-09 10:13:42.952,42.00,58.00,Moderate
2104,2026-01-09 10:13:42.992,41.98,58.02,Moderate
2105,2026-01-09 10:13:43.030,41.97,58.03,Moderate
2106,2026-01-09 10:13:43.075,41.96,58.04,Moderate
2107,2026-01-09 10:13:43.110,41.95,58.05,Moderate
2108,2026-01-09 10:13:43.149,41.94,58.06,Moderate
2109,2026-01-09 10:13:43.192,41.92,58.08,Moderate
2110,2026-01-09 10:13:43.231,41.91,58.09,Moderate
2111,2026-01-09 10:13:43.270,41.90,58.10,Moderate
2112,2026-01-09 10:13:43.306,41.88,58.12,Moderate
2113,2026-01-09 10:13:43.344,41.86,58.14,Moderate
2114,2026-01-09 10:13:43.384,41.86,58.14,Moderate
2115,2026-01-09 10:13:43.424,41.84,58.16,Moderate
2116,2026-01-09 10:13:43.464,41.83,58.17,Moderate
2117,2026-01-09 10:13:43.511,41.81,58.19,Moderate
2118,2026-01-09 10:13:43.553,41.80,58.20,Moderate
2119,2026-01-09 10:13:43.594,41.78,58.22,Moderate
2120,2026-01-09 10:13:43.630,41.78,58.22,Moderate
2121,2026-01-09 10:13:43.673,41.77,58.23,Moderate
2122,2026-01-09 10:13:43.715,41.77,58.23,Moderate
2123,2026-01-09 10:13:43.760,41.76,58.24,Moderate
2124,2026-01-09 10:13:43.797,41.74,58.26,Moderate
2125,2026-01-09 10:13:43.841,41.72,58.28,Moderate
2126,2026-01-09 10:13:43.877,41.72,58.28,Moderate
2127,2026-01-09 10:13:43.914,41.70,58.30,Moderate
2128,2026-01-09 10:13:43.953,41.69,58.31,Moderate
2129,2026-01-09 10:13:43.989,41.68,58.32,Moderate
2130,2026-01-09 10:13:44.026,41.65,58.35,Moderate
2131,2026-01-09 10:13:44.064,41.64,58.36,Moderate
2132,2026-01-09 10:13:44.102,41.63,58.37,Moderate
2133,2026-01-09 10:13:44.138,41.63,58.37,Moderate
2134,2026-01-09 10:13:44.174,41.62,58.38,Moderate
2135,2026-01-09 10:13:44.207,41.60,58.40,Moderate
2136,2026-01-09 10:13:44.243,41.59,58.41,Moderate
2137,2026-01-09 10:13:44.279,41.58,58.42,Moderate
2138,2026-01-09 10:13:44.313,41.58,58.42,Moderate
2139,2026-01-09 10:13:44.356,41.57,58.43,Moderate
2140,2026-01-09 10:13:44.390,41.55,58.45,Moderate
2141,2026-01-09 10:13:44.423,41.55,58.45,Moderate
2142,2026-01-09 10:13:44.465,41.54,58.46,Moderate
2143,2026-01-09 10:13:44.506,41.53,58.47,Moderate
2144,2026-01-09 10:13:44.538,41.52,58.48,Moderate
2145,2026-01-09 10:13:44.574,41.51,58.49,Moderate
2146,2026-01-09 10:13:44.610,41.51,58.49,Moderate
2147,2026-01-09 10:13:44.649,41.50,58.50,Moderate
2148,2026-01-09 10:13:44.686,41.50,58.50,Moderate
2149,2026-01-09 10:13:44.731,41.49,58.51,Moderate
2150,2026-01-09 10:13:44.762,41.49,58.51,Moderate
2151,2026-01-09 10:13:44.797,41.49,58.51,Moderate
2152,2026-01-09 10:13:44.835,41.48,58.52,Moderate
2153,2026-01-09 10:13:44.875,41.46,58.54,Moderate
2154,2026-01-09 10:13:44.911,41.46,58.54,Moderate
2155,2026-01-09 10:13:44.952,41.44,58.56,Moderate
2156,2026-01-09 10:13:44.984,41.45,58.55,Moderate
2157,2026-01-09 10:13:45.019,41.43,58.57,Moderate
2158,2026-01-09 10:13:45.056,41.43,58.57,Moderate
2159,2026-01-09 10:13:45.094,41.42,58.58,Moderate
2160,2026-01-09 10:13:45.132,41.42,58.58,Moderate
2161,2026-01-09 10:13:45.177,41.42,58.58,Moderate
2162,2026-01-09 10:13:45.214,41.40,58.60,Moderate
2163,2026-01-09 10:13:45.256,41.39,58.61,Moderate
2164,2026-01-09 10:13:45.290,41.39,58.61,Moderate
2165,2026-01-09 10:13:45.323,41.38,58.62,Moderate
2166,2026-01-09 10:13:45.372,41.37,58.63,Moderate
2167,2026-01-09 10:13:45.413,41.37,58.63,Moderate
2168,2026-01-09 10:13:45.445,41.37,58.63,Moderate
2169,2026-01-09 10:13:45.479,41.37,58.63,Moderate
2170,2026-01-09 10:13:45.521,41.36,58.64,Moderate
2171,2026-01-09 10:13:45.567,41.35,58.65,Moderate
2172,2026-01-09 10:13:45.604,41.35,58.65,Moderate
2173,2026-01-09 10:13:45.639,41.35,58.65,Moderate
2174,2026-01-09 10:13:45.673,41.34,58.66,Moderate
2175,2026-01-09 10:13:45.710,41.33,58.67,Moderate
2176,2026-01-09 10:13:45.754,41.33,58.67,Moderate
2177,2026-01-09 10:13:45.787,41.33,58.67,Moderate
2178,2026-01-09 10:13:45.819,41.31,58.69,Moderate
2179,2026-01-09 10:13:45.852,41.31,58.69,Moderate
2180,2026-01-09 10:13:45.889,41.31,58.69,Moderate
2181,2026-01-09 10:13:45.930,41.31,58.69,Moderate
2182,2026-01-09 10:13:45.966,41.31,58.69,Moderate
2183,2026-01-09 10:13:46.004,41.29,58.71,Moderate
2184,2026-01-09 10:13:46.043,41.29,58.71,Moderate
2185,2026-01-09 10:13:46.085,41.28,58.72,Moderate
2186,2026-01-09 10:13:46.120,41.27,58.73,Moderate
2187,2026-01-09 10:13:46.155,41.27,58.73,Moderate
2188,2026-01-09 10:13:46.192,41.26,58.74,Moderate
2189,2026-01-09 10:13:46.233,41.27,58.73,Moderate
2190,2026-01-09 10:13:46.272,41.25,58.75,Moderate
2191,2026-01-09 10:13:46.313,41.25,58.75,Moderate
2192,2026-01-09 10:13:46.354,41.25,58.75,Moderate
2193,2026-01-09 10:13:46.396,41.25,58.75,Moderate
2194,2026-01-09 10:13:46.435,41.24,58.76,Moderate
2195,2026-01-09 10:13:46.469,41.25,58.75,Moderate
2196,2026-01-09 10:13:46.505,41.24,58.76,Moderate
2197,2026-01-09 10:13:46.544,41.25,58.75,Moderate
2198,2026-01-09 10:13:46.582,41.25,58.75,Moderate
2199,2026-01-09 10:13:46.626,41.25,58.75,Moderate
2200,2026-01-09 10:13:46.662,41.23,58.77,Moderate
2201,2026-01-09 10:13:46.708,41.23,58.77,Moderate
2202,2026-01-09 10:13:46.746,41.23,58.77,Moderate
2203,2026-01-09 10:13:46.784,41.22,58.78,Moderate
2204,2026-01-09 10:13:46.820,41.22,58.78,Moderate
2205,2026-01-09 10:13:46.860,41.21,58.79,Moderate
2206,2026-01-09 10:13:46.900,41.21,58.79,Moderate
2207,2026-01-09 10:13:46.937,41.20,58.80,Moderate
2208,2026-01-09 10:13:46.974,41.20,58.80,Moderate
2209,2026-01-09 10:13:47.018,41.20,58.80,Moderate
2210,2026-01-09 10:13:47.054,41.20,58.80,Moderate
2211,2026-01-09 10:13:47.097,41.18,58.82,Moderate
2212,2026-01-09 10:13:47.142,41.20,58.80,Moderate
2213,2026-01-09 10:13:47.176,41.20,58.80,Moderate
2214,2026-01-09 10:13:47.208,41.20,58.80,Moderate
2215,2026-01-09 10:13:47.241,41.20,58.80,Moderate
2216,2026-01-09 10:13:47.280,41.20,58.80,Moderate
2217,2026-01-09 10:13:47.320,41.20,58.80,Moderate
2218,2026-01-09 10:13:47.359,41.20,58.80,Moderate
2219,2026-01-09 10:13:47.393,41.19,58.81,Moderate
2220,2026-01-09 10:13:47.428,41.20,58.80,Moderate
2221,2026-01-09 10:13:47.460,41.21,58.79,Moderate
2222,2026-01-09 10:13:47.493,41.21,58.79,Moderate
2223,2026-01-09 10:13:47.526,41.20,58.80,Moderate
2224,2026-01-09 10:13:47.564,41.21,58.79,Moderate
2225,2026-01-09 10:13:47.602,41.21,58.79,Moderate
2226,2026-01-09 10:13:47.637,41.21,58.79,Moderate
2227,2026-01-09 10:13:47.674,41.21,58.79,Moderate
2228,2026-01-09 10:13:47.708,41.21,58.79,Moderate
2229,2026-01-09 10:13:47.745,41.21,58.79,Moderate
2230,2026-01-09 10:13:47.775,41.22,58.78,Moderate
2231,2026-01-09 10:13:47.815,41.21,58.79,Moderate
2232,2026-01-09 10:13:47.849,41.23,58.77,Moderate
2233,2026-01-09 10:13:47.884,41.21,58.79,Moderate
2234,2026-01-09 10:13:47.916,41.21,58.79,Moderate
2235,2026-01-09 10:13:47.951,41.21,58.79,Moderate
2236,2026-01-09 10:13:47.992,41.20,58.80,Moderate
2237,2026-01-09 10:13:48.025,41.19,58.81,Moderate
2238,2026-01-09 10:13:48.063,41.19,58.81,Moderate
2239,2026-01-09 10:13:48.097,41.17,58.83,Moderate
2240,2026-01-09 10:13:48.139,41.18,58.82,Moderate
2241,2026-01-09 10:13:48.174,41.17,58.83,Moderate
2242,2026-01-09 10:13:48.212,41.18,58.82,Moderate
2243,2026-01-09 10:13:48.252,41.18,58.82,Moderate
2244,2026-01-09 10:13:48.290,41.18,58.82,Moderate
2245,2026-01-09 10:13:48.326,41.18,58.82,Moderate
2246,2026-01-09 10:13:48.362,41.19,58.81,Moderate
2247,2026-01-09 10:13:48.396,41.19,58.81,Moderate
2248,2026-01-09 10:13:48.427,41.19,58.81,Moderate
2249,2026-01-09 10:13:48.467,41.19,58.81,Moderate
2250,2026-01-09 10:13:48.505,41.17,58.83,Moderate
2251,2026-01-09 10:13:48.541,41.18,58.82,Moderate
2252,2026-01-09 10:13:48.575,41.18,58.82,Moderate
2253,2026-01-09 10:13:48.609,41.18,58.82,Moderate
2254,2026-01-09 10:13:48.643,41.19,58.81,Moderate
2255,2026-01-09 10:13:48.679,41.18,58.82,Moderate
2256,2026-01-09 10:13:48.718,41.19,58.81,Moderate
2257,2026-01-09 10:13:48.757,41.19,58.81,Moderate
2258,2026-01-09 10:13:48.791,41.20,58.80,Moderate
2259,2026-01-09 10:13:48.824,41.20,58.80,Moderate
2260,2026-01-09 10:13:48.858,41.20,58.80,Moderate
2261,2026-01-09 10:13:48.896,41.20,58.80,Moderate
2262,2026-01-09 10:13:48.934,41.20,58.80,Moderate
2263,2026-01-09 10:13:48.973,41.20,58.80,Moderate
2264,2026-01-09 10:13:49.008,41.20,58.80,Moderate
2265,2026-01-09 10:13:49.042,41.20,58.80,Moderate
2266,2026-01-09 10:13:49.081,41.20,58.80,Moderate
2267,2026-01-09 10:13:49.118,41.20,58.80,Moderate
2268,2026-01-09 10:13:49.157,41.20,58.80,Moderate
2269,2026-01-09 10:13:49.191,41.21,58.79,Moderate
2270,2026-01-09 10:13:49.228,41.21,58.79,Moderate
2271,2026-01-09 10:13:49.267,41.22,58.78,Moderate
2272,2026-01-09 10:13:49.304,41.22,58.78,Moderate
2273,2026-01-09 10:13:49.339,41.22,58.78,Moderate
2274,2026-01-09 10:13:49.375,41.23,58.77,Moderate
2275,2026-01-09 10:13:49.418,41.24,58.76,Moderate
2276,2026-01-09 10:13:49.454,41.24,58.76,Moderate
2277,2026-01-09 10:13:49.489,41.24,58.76,Moderate
2278,2026-01-09 10:13:49.528,41.25,58.75,Moderate
2279,2026-01-09 10:13:49.565,41.24,58.76,Moderate
2280,2026-01-09 10:13:49.606,41.26,58.74,Moderate
2281,2026-01-09 10:13:49.651,41.25,58.75,Moderate
2282,2026-01-09 10:13:49.687,41.26,58.74,Moderate
2283,2026-01-09 10:13:49.720,41.26,58.74,Moderate
2284,2026-01-09 10:13:49.755,41.26,58.74,Moderate
2285,2026-01-09 10:13:49.790,41.26,58.74,Moderate
2286,2026-01-09 10:13:49.827,41.26,58.74,Moderate
2287,2026-01-09 10:13:49.870,41.26,58.74,Moderate
2288,2026-01-09 10:13:49.911,41.27,58.73,Moderate
2289,2026-01-09 10:13:49.948,41.27,58.73,Moderate
2290,2026-01-09 10:13:49.989,41.27,58.73,Moderate
2291,2026-01-09 10:13:50.033,41.28,58.72,Moderate
2292,2026-01-09 10:13:50.067,41.28,58.72,Moderate
2293,2026-01-09 10:13:50.099,41.28,58.72,Moderate
2294,2026-01-09 10:13:50.131,41.29,58.71,Moderate
2295,2026-01-09 10:13:50.164,41.29,58.71,Moderate
2296,2026-01-09 10:13:50.199,41.29,58.71,Moderate
2297,2026-01-09 10:13:50.238,41.29,58.71,Moderate
2298,2026-01-09 10:13:50.283,41.29,58.71,Moderate
2299,2026-01-09 10:13:50.323,41.29,58.71,Moderate
2300,2026-01-09 10:13:50.360,41.30,58.70,Moderate
2301,2026-01-09 10:13:50.401,41.30,58.70,Moderate
2302,2026-01-09 10:13:50.439,41.30,58.70,Moderate
2303,2026-01-09 10:13:50.473,41.31,58.69,Moderate
2304,2026-01-09 10:13:50.510,41.31,58.69,Moderate
2305,2026-01-09 10:13:50.550,41.32,58.68,Moderate
2306,2026-01-09 10:13:50.587,41.33,58.67,Moderate
2307,2026-01-09 10:13:50.622,41.32,58.68,Moderate
2308,2026-01-09 10:13:50.664,41.33,58.67,Moderate
2309,2026-01-09 10:13:50.701,41.34,58.66,Moderate
2310,2026-01-09 10:13:50.738,41.34,58.66,Moderate
2311,2026-01-09 10:13:50.771,41.34,58.66,Moderate
2312,2026-01-09 10:13:50.808,41.33,58.67,Moderate
2313,2026-01-09 10:13:50.846,41.35,58.65,Moderate
2314,2026-01-09 10:13:50.887,41.34,58.66,Moderate
2315,2026-01-09 10:13:50.918,41.34,58.66,Moderate
2316,2026-01-09 10:13:50.956,41.35,58.65,Moderate
2317,2026-01-09 10:13:50.992,41.35,58.65,Moderate
2318,2026-01-09 10:13:51.025,41.36,58.64,Moderate
2319,2026-01-09 10:13:51.061,41.37,58.63,Moderate
2320,2026-01-09 10:13:51.102,41.37,58.63,Moderate
2321,2026-01-09 10:13:51.134,41.36,58.64,Moderate
2322,2026-01-09 10:13:51.173,41.37,58.63,Moderate
2323,2026-01-09 10:13:51.211,41.38,58.62,Moderate
2324,2026-01-09 10:13:51.250,41.38,58.62,Moderate
2325,2026-01-09 10:13:51.286,41.38,58.62,Moderate
2326,2026-01-09 10:13:51.322,41.39,58.61,Moderate
2327,2026-01-09 10:13:51.355,41.40,58.60,Moderate
2328,2026-01-09 10:13:51.389,41.40,58.60,Moderate
2329,2026-01-09 10:13:51.426,41.40,58.60,Moderate
2330,2026-01-09 10:13:51.462,41.40,58.60,Moderate
2331,2026-01-09 10:13:51.496,41.42,58.58,Moderate
2332,2026-01-09 10:13:51.534,41.42,58.58,Moderate
2333,2026-01-09 10:13:51.570,41.42,58.58,Moderate
2334,2026-01-09 10:13:51.603,41.43,58.57,Moderate
2335,2026-01-09 10:13:51.643,41.43,58.57,Moderate
2336,2026-01-09 10:13:51.682,41.44,58.56,Moderate
2337,2026-01-09 10:13:51.718,41.45,58.55,Moderate
2338,2026-01-09 10:13:51.756,41.45,58.55,Moderate
2339,2026-01-09 10:13:51.787,41.45,58.55,Moderate
2340,2026-01-09 10:13:51.823,41.46,58.54,Moderate
2341,2026-01-09 10:13:51.854,41.47,58.53,Moderate
2342,2026-01-09 10:13:51.887,41.48,58.52,Moderate
2343,2026-01-09 10:13:51.923,41.49,58.51,Moderate
2344,2026-01-09 10:13:51.965,41.50,58.50,Moderate
2345,2026-01-09 10:13:52.000,41.50,58.50,Moderate
2346,2026-01-09 10:13:52.044,41.50,58.50,Moderate
2347,2026-01-09 10:13:52.083,41.50,58.50,Moderate
2348,2026-01-09 10:13:52.122,41.52,58.48,Moderate
2349,2026-01-09 10:13:52.157,41.52,58.48,Moderate
2350,2026-01-09 10:13:52.195,41.51,58.49,Moderate
2351,2026-01-09 10:13:52.231,41.52,58.48,Moderate
2352,2026-01-09 10:13:52.265,41.52,58.48,Moderate
2353,2026-01-09 10:13:52.305,41.52,58.48,Moderate
2354,2026-01-09 10:13:52.349,41.54,58.46,Moderate
2355,2026-01-09 10:13:52.387,41.54,58.46,Moderate
2356,2026-01-09 10:13:52.431,41.55,58.45,Moderate
2357,2026-01-09 10:13:52.471,41.55,58.45,Moderate
2358,2026-01-09 10:13:52.504,41.55,58.45,Moderate
2359,2026-01-09 10:13:52.540,41.55,58.45,Moderate
2360,2026-01-09 10:13:52.575,41.57,58.43,Moderate
2361,2026-01-09 10:13:52.610,41.58,58.42,Moderate
2362,2026-01-09 10:13:52.648,41.58,58.42,Moderate
2363,2026-01-09 10:13:52.685,41.57,58.43,Moderate
2364,2026-01-09 10:13:52.721,41.57,58.43,Moderate
2365,2026-01-09 10:13:52.765,41.58,58.42,Moderate
2366,2026-01-09 10:13:52.802,41.57,58.43,Moderate
2367,2026-01-09 10:13:52.837,41.58,58.42,Moderate
2368,2026-01-09 10:13:52.873,41.58,58.42,Moderate
2369,2026-01-09 10:13:52.912,41.58,58.42,Moderate
2370,2026-01-09 10:13:52.949,41.59,58.41,Moderate
2371,2026-01-09 10:13:52.986,41.60,58.40,Moderate
2372,2026-01-09 10:13:53.020,41.60,58.40,Moderate
2373,2026-01-09 10:13:53.052,41.61,58.39,Moderate
2374,2026-01-09 10:13:53.087,41.61,58.39,Moderate
2375,2026-01-09 10:13:53.128,41.60,58.40,Moderate
2376,2026-01-09 10:13:53.162,41.61,58.39,Moderate
2377,2026-01-09 10:13:53.200,41.61,58.39,Moderate
2378,2026-01-09 10:13:53.240,41.61,58.39,Moderate
2379,2026-01-09 10:13:53.281,41.62,58.38,Moderate
2380,2026-01-09 10:13:53.317,41.62,58.38,Moderate
2381,2026-01-09 10:13:53.349,41.62,58.38,Moderate
2382,2026-01-09 10:13:53.388,41.62,58.38,Moderate
2383,2026-01-09 10:13:53.428,41.63,58.37,Moderate
2384,2026-01-09 10:13:53.464,41.63,58.37,Moderate
2385,2026-01-09 10:13:53.503,41.64,58.36,Moderate
2386,2026-01-09 10:13:53.545,41.65,58.35,Moderate
2387,2026-01-09 10:13:53.583,41.66,58.34,Moderate
2388,2026-01-09 10:13:53.624,41.66,58.34,Moderate
2389,2026-01-09 10:13:53.667,41.66,58.34,Moderate
2390,2026-01-09 10:13:53.707,41.66,58.34,Moderate
2391,2026-01-09 10:13:53.744,41.67,58.33,Moderate
2392,2026-01-09 10:13:53.780,41.67,58.33,Moderate
2393,2026-01-09 10:13:53.814,41.68,58.32,Moderate
2394,2026-01-09 10:13:53.849,41.69,58.31,Moderate
2395,2026-01-09 10:13:53.890,41.69,58.31,Moderate
2396,2026-01-09 10:13:53.929,41.70,58.30,Moderate
2397,2026-01-09 10:13:53.965,41.70,58.30,Moderate
2398,2026-01-09 10:13:54.000,41.70,58.30,Moderate
2399,2026-01-09 10:13:54.043,41.70,58.30,Moderate
2400,2026-01-09 10:13:54.079,41.70,58.30,Moderate
2401,2026-01-09 10:13:54.120,41.71,58.29,Moderate
2402,2026-01-09 10:13:54.151,41.71,58.29,Moderate
2403,2026-01-09 10:13:54.189,41.71,58.29,Moderate
2404,2026-01-09 10:13:54.223,41.71,58.29,Moderate
2405,2026-01-09 10:13:54.258,41.72,58.28,Moderate
2406,2026-01-09 10:13:54.288,41.73,58.27,Moderate
2407,2026-01-09 10:13:54.320,41.73,58.27,Moderate
2408,2026-01-09 10:13:54.363,41.74,58.26,Moderate
2409,2026-01-09 10:13:54.402,41.74,58.26,Moderate
2410,2026-01-09 10:13:54.444,41.75,58.25,Moderate
2411,2026-01-09 10:13:54.480,41.76,58.24,Moderate
2412,2026-01-09 10:13:54.515,41.76,58.24,Moderate
2413,2026-01-09 10:13:54.550,41.76,58.24,Moderate
2414,2026-01-09 10:13:54.585,41.76,58.24,Moderate
2415,2026-01-09 10:13:54.622,41.76,58.24,Moderate
2416,2026-01-09 10:13:54.661,41.77,58.23,Moderate
2417,2026-01-09 10:13:54.701,41.78,58.22,Moderate
2418,2026-01-09 10:13:54.738,41.78,58.22,Moderate
2419,2026-01-09 10:13:54.780,41.80,58.20,Moderate
2420,2026-01-09 10:13:54.817,41.80,58.20,Moderate
2421,2026-01-09 10:13:54.852,41.80,58.20,Moderate
2422,2026-01-09 10:13:54.885,41.80,58.20,Moderate
2423,2026-01-09 10:13:54.922,41.81,58.19,Moderate
2424,2026-01-09 10:13:54.958,41.83,58.17,Moderate
2425,2026-01-09 10:13:54.992,41.84,58.16,Moderate
2426,2026-01-09 10:13:55.030,41.85,58.15,Moderate
2427,2026-01-09 10:13:55.066,41.85,58.15,Moderate
2428,2026-01-09 10:13:55.105,41.84,58.16,Moderate
2429,2026-01-09 10:13:55.143,41.85,58.15,Moderate
2430,2026-01-09 10:13:55.182,41.84,58.16,Moderate
2431,2026-01-09 10:13:55.219,41.85,58.15,Moderate
2432,2026-01-09 10:13:55.256,41.85,58.15,Moderate
2433,2026-01-09 10:13:55.288,41.84,58.16,Moderate
2434,2026-01-09 10:13:55.330,41.85,58.15,Moderate
2435,2026-01-09 10:13:55.374,41.86,58.14,Moderate
2436,2026-01-09 10:13:55.417,41.87,58.13,Moderate
2437,2026-01-09 10:13:55.448,41.88,58.12,Moderate
2438,2026-01-09 10:13:55.484,41.88,58.12,Moderate
2439,2026-01-09 10:13:55.518,41.88,58.12,Moderate
2440,2026-01-09 10:13:55.553,41.88,58.12,Moderate
2441,2026-01-09 10:13:55.586,41.88,58.12,Moderate
2442,2026-01-09 10:13:55.620,41.89,58.11,Moderate
2443,2026-01-09 10:13:55.658,41.90,58.10,Moderate
2444,2026-01-09 10:13:55.695,41.91,58.09,Moderate
2445,2026-01-09 10:13:55.735,41.91,58.09,Moderate
2446,2026-01-09 10:13:55.776,41.91,58.09,Moderate
2447,2026-01-09 10:13:55.811,41.92,58.08,Moderate
2448,2026-01-09 10:13:55.844,41.92,58.08,Moderate
2449,2026-01-09 10:13:55.879,41.92,58.08,Moderate
2450,2026-01-09 10:13:55.913,41.92,58.08,Moderate
2451,2026-01-09 10:13:55.952,41.92,58.08,Moderate
2452,2026-01-09 10:13:55.993,41.92,58.08,Moderate
2453,2026-01-09 10:13:56.029,41.93,58.07,Moderate
2454,2026-01-09 10:13:56.070,41.93,58.07,Moderate
2455,2026-01-09 10:13:56.108,41.94,58.06,Moderate
2456,2026-01-09 10:13:56.149,41.94,58.06,Moderate
2457,2026-01-09 10:13:56.191,41.93,58.07,Moderate
2458,2026-01-09 10:13:56.227,41.93,58.07,Moderate
2459,2026-01-09 10:13:56.265,41.94,58.06,Moderate
2460,2026-01-09 10:13:56.307,41.97,58.03,Moderate
2461,2026-01-09 10:13:56.342,41.98,58.02,Moderate
2462,2026-01-09 10:13:56.380,41.97,58.03,Moderate
2463,2026-01-09 10:13:56.416,41.97,58.03,Moderate
2464,2026-01-09 10:13:56.453,41.97,58.03,Moderate
2465,2026-01-09 10:13:56.494,41.98,58.02,Moderate
2466,2026-01-09 10:13:56.534,41.99,58.01,Moderate
2467,2026-01-09 10:13:56.572,41.99,58.01,Moderate
2468,2026-01-09 10:13:56.603,42.00,58.00,Moderate
2469,2026-01-09 10:13:56.633,41.99,58.01,Moderate
2470,2026-01-09 10:13:56.665,42.00,58.00,Moderate
2471,2026-01-09 10:13:56.697,42.00,58.00,Moderate
2472,2026-01-09 10:13:56.735,42.02,57.98,Moderate
2473,2026-01-09 10:13:56.771,42.02,57.98,Moderate
2474,2026-01-09 10:13:56.809,42.02,57.98,Moderate
2475,2026-01-09 10:13:56.845,42.03,57.97,Moderate
2476,2026-01-09 10:13:56.884,42.04,57.96,Moderate
2477,2026-01-09 10:13:56.924,42.05,57.95,Moderate
2478,2026-01-09 10:13:56.960,42.05,57.95,Moderate
2479,2026-01-09 10:13:56.992,42.05,57.95,Moderate
2480,2026-01-09 10:13:57.027,42.06,57.94,Moderate
2481,2026-01-09 10:13:57.066,42.07,57.93,Moderate
2482,2026-01-09 10:13:57.101,42.08,57.92,Moderate
2483,2026-01-09 10:13:57.143,42.08,57.92,Moderate
2484,2026-01-09 10:13:57.180,42.09,57.91,Moderate
2485,2026-01-09 10:13:57.221,42.09,57.91,Moderate
2486,2026-01-09 10:13:57.262,42.10,57.90,Moderate
2487,2026-01-09 10:13:57.294,42.11,57.89,Moderate
2488,2026-01-09 10:13:57.332,42.11,57.89,Moderate
2489,2026-01-09 10:13:57.369,42.11,57.89,Moderate
2490,2026-01-09 10:13:57.414,42.09,57.91,Moderate
2491,2026-01-09 10:13:57.456,42.10,57.90,Moderate
2492,2026-01-09 10:13:57.490,42.10,57.90,Moderate
2493,2026-01-09 10:13:57.527,42.11,57.89,Moderate
2494,2026-01-09 10:13:57.558,42.12,57.88,Moderate
2495,2026-01-09 10:13:57.594,42.12,57.88,Moderate
2496,2026-01-09 10:13:57.635,42.13,57.87,Moderate
2497,2026-01-09 10:13:57.671,42.13,57.87,Moderate
2498,2026-01-09 10:13:57.707,42.13,57.87,Moderate
2499,2026-01-09 10:13:57.743,42.14,57.86,Moderate
2500,2026-01-09 10:13:57.777,42.14,57.86,Moderate
2501,2026-01-09 10:13:57.811,42.15,57.85,Moderate
2502,2026-01-09 10:13:57.848,42.15,57.85,Moderate
2503,2026-01-09 10:13:57.890,42.15,57.85,Moderate
2504,2026-01-09 10:13:57.929,42.16,57.84,Moderate
2505,2026-01-09 10:13:57.966,42.17,57.83,Moderate
2506,2026-01-09 10:13:58.002,42.18,57.82,Moderate
2507,2026-01-09 10:13:58.037,42.19,57.81,Moderate
2508,2026-01-09 10:13:58.080,42.20,57.80,Moderate
2509,2026-01-09 10:13:58.120,42.20,57.80,Moderate
2510,2026-01-09 10:13:58.159,42.20,57.80,Moderate
2511,2026-01-09 10:13:58.195,42.20,57.80,Moderate
2512,2026-01-09 10:13:58.233,42.20,57.80,Moderate
2513,2026-01-09 10:13:58.269,42.21,57.79,Moderate
2514,2026-01-09 10:13:58.315,42.21,57.79,Moderate
2515,2026-01-09 10:13:58.362,42.22,57.78,Moderate
2516,2026-01-09 10:13:58.396,42.23,57.77,Moderate
2517,2026-01-09 10:13:58.432,42.23,57.77,Moderate
2518,2026-01-09 10:13:58.466,42.23,57.77,Moderate
2519,2026-01-09 10:13:58.506,42.24,57.76,Moderate
2520,2026-01-09 10:13:58.548,42.25,57.75,Moderate
2521,2026-01-09 10:13:58.592,42.25,57.75,Moderate
2522,2026-01-09 10:13:58.631,42.25,57.75,Moderate
2523,2026-01-09 10:13:58.668,42.26,57.74,Moderate
2524,2026-01-09 10:13:58.701,42.26,57.74,Moderate
2525,2026-01-09 10:13:58.738,42.27,57.73,Moderate
2526,2026-01-09 10:13:58.775,42.27,57.73,Moderate
2527,2026-01-09 10:13:58.811,42.27,57.73,Moderate
2528,2026-01-09 10:13:58.850,42.28,57.72,Moderate
2529,2026-01-09 10:13:58.891,42.29,57.71,Moderate
2530,2026-01-09 10:13:58.931,42.30,57.70,Moderate
2531,2026-01-09 10:13:58.973,42.31,57.69,Moderate
2532,2026-01-09 10:13:59.010,42.30,57.70,Moderate
2533,2026-01-09 10:13:59.044,42.31,57.69,Moderate
2534,2026-01-09 10:13:59.084,42.31,57.69,Moderate
2535,2026-01-09 10:13:59.125,42.32,57.68,Moderate
2536,2026-01-09 10:13:59.164,42.34,57.66,Moderate
2537,2026-01-09 10:13:59.202,42.34,57.66,Moderate
2538,2026-01-09 10:13:59.236,42.35,57.65,Moderate
2539,2026-01-09 10:13:59.280,42.35,57.65,Moderate
2540,2026-01-09 10:13:59.317,42.36,57.64,Moderate
2541,2026-01-09 10:13:59.358,42.37,57.63,Moderate
2542,2026-01-09 10:13:59.399,42.37,57.63,Moderate
2543,2026-01-09 10:13:59.432,42.38,57.62,Moderate
2544,2026-01-09 10:13:59.469,42.39,57.61,Moderate
2545,2026-01-09 10:13:59.510,42.39,57.61,Moderate
2546,2026-01-09 10:13:59.551,42.40,57.60,Moderate
2547,2026-01-09 10:13:59.591,42.40,57.60,Moderate
2548,2026-01-09 10:13:59.629,42.40,57.60,Moderate
2549,2026-01-09 10:13:59.666,42.40,57.60,Moderate
2550,2026-01-09 10:13:59.711,42.39,57.61,Moderate
2551,2026-01-09 10:13:59.754,42.40,57.60,Moderate
2552,2026-01-09 10:13:59.795,42.40,57.60,Moderate
2553,2026-01-09 10:13:59.831,42.40,57.60,Moderate
2554,2026-01-09 10:13:59.873,42.40,57.60,Moderate
2555,2026-01-09 10:13:59.911,42.40,57.60,Moderate
2556,2026-01-09 10:13:59.947,42.41,57.59,Moderate
2557,2026-01-09 10:13:59.984,42.42,57.58,Moderate
2558,2026-01-09 10:14:00.022,42.42,57.58,Moderate
2559,2026-01-09 10:14:00.062,42.43,57.57,Moderate
2560,2026-01-09 10:14:00.106,42.44,57.56,Moderate
2561,2026-01-09 10:14:00.146,42.45,57.55,Moderate
2562,2026-01-09 10:14:00.181,42.45,57.55,Moderate
2563,2026-01-09 10:14:00.225,42.46,57.54,Moderate
2564,2026-01-09 10:14:00.263,42.47,57.53,Moderate
2565,2026-01-09 10:14:00.299,42.47,57.53,Moderate
2566,2026-01-09 10:14:00.336,42.48,57.52,Moderate
2567,2026-01-09 10:14:00.381,42.48,57.52,Moderate
2568,2026-01-09 10:14:00.417,42.49,57.51,Moderate
2569,2026-01-09 10:14:00.448,42.49,57.51,Moderate
2570,2026-01-09 10:14:00.490,42.50,57.50,Moderate
2571,2026-01-09 10:14:00.529,42.51,57.49,Moderate
2572,2026-01-09 10:14:00.569,42.51,57.49,Moderate
2573,2026-01-09 10:14:00.601,42.51,57.49,Moderate
2574,2026-01-09 10:14:00.638,42.51,57.49,Moderate
2575,2026-01-09 10:14:00.676,42.52,57.48,Moderate
2576,2026-01-09 10:14:00.713,42.52,57.48,Moderate
2577,2026-01-09 10:14:00.759,42.52,57.48,Moderate
2578,2026-01-09 10:14:00.803,42.52,57.48,Moderate
2579,2026-01-09 10:14:00.838,42.52,57.48,Moderate
2580,2026-01-09 10:14:00.877,42.52,57.48,Moderate
2581,2026-01-09 10:14:00.916,42.53,57.47,Moderate
2582,2026-01-09 10:14:00.950,42.54,57.46,Moderate
2583,2026-01-09 10:14:00.985,42.55,57.45,Moderate
2584,2026-01-09 10:14:01.022,42.54,57.46,Moderate
2585,2026-01-09 10:14:01.064,42.56,57.44,Moderate
2586,2026-01-09 10:14:01.097,42.56,57.44,Moderate
2587,2026-01-09 10:14:01.131,42.56,57.44,Moderate
