frame_number,timestamp,health_index,unhealthy_ratio_percent,health_status
0,2026-01-09 10:02:34.650,0.18,99.82,Unhealthy
1,2026-01-09 10:02:34.921,0.18,99.82,Unhealthy
2,2026-01-09 10:02:34.961,0.17,99.83,Unhealthy
3,2026-01-09 10:02:35.007,0.18,99.82,Unhealthy
4,2026-01-09 10:02:35.050,0.18,99.82,Unhealthy
5,2026-01-09 10:02:35.088,0.18,99.82,Unhealthy
6,2026-01-09 10:02:35.118,0.18,99.82,Unhealthy
7,2026-01-09 10:02:35.153,0.18,99.82,Unhealthy
8,2026-01-09 10:02:35.184,0.18,99.82,Unhealthy
9,2026-01-09 10:02:35.214,0.19,99.81,Unhealthy
10,2026-01-09 10:02:35.242,0.19,99.81,Unhealthy
11,2026-01-09 10:02:35.276,0.18,99.82,Unhealthy
12,2026-01-09 10:02:35.301,0.18,99.82,Unhealthy
13,2026-01-09 10:02:35.325,0.18,99.82,Unhealthy
14,2026-01-09 10:02:35.355,0.18,99.82,Unhealthy
15,2026-01-09 10:02:35.378,0.19,99.81,Unhealthy
16,2026-01-09 10:02:35.402,0.19,99.81,Unhealthy
17,2026-01-09 10:02:35.427,0.18,99.82,Unhealthy
18,2026-01-09 10:02:35.453,0.18,99.82,Unhealthy
19,2026-01-09 10:02:35.477,0.18,99.82,Unhealthy
20,2026-01-09 10:02:35.504,0.18,99.82,Unhealthy
21,2026-01-09 10:02:35.533,0.18,99.82,Unhealthy
22,2026-01-09 10:02:35.572,0.18,99.82,Unhealthy
23,2026-01-09 10:02:35.596,0.17,99.83,Unhealthy
24,2026-01-09 10:02:35.620,0.17,99.83,Unhealthy
25,2026-01-09 10:02:35.639,0.17,99.83,Unhealthy
26,2026-01-09 10:02:35.659,0.17,99.83,Unhealthy
27,2026-01-09 10:02:35.678,0.17,99.83,Unhealthy
28,2026-01-09 10:02:35.698,0.17,99.83,Unhealthy
29,2026-01-09 10:02:35.715,0.17,99.83,Unhealthy
30,2026-01-09 10:02:35.739,0.18,99.82,Unhealthy
31,2026-01-09 10:02:35.758,0.17,99.83,Unhealthy
32,2026-01-09 10:02:35.778,0.18,99.82,Unhealthy
33,2026-01-09 10:02:35.796,0.18,99.82,Unhealthy
34,2026-01-09 10:02:35.816,0.18,99.82,Unhealthy
35,2026-01-09 10:02:35.834,0.18,99.82,Unhealthy
36,2026-01-09 10:02:35.856,0.18,99.82,Unhealthy
37,2026-01-09 10:02:35.876,0.18,99.82,Unhealthy
38,2026-01-09 10:02:35.895,0.18,99.82,Unhealthy
39,2026-01-09 10:02:35.915,0.18,99.82,Unhealthy
40,2026-01-09 10:02:35.934,0.18,99.82,Unhealthy
41,2026-01-09 10:02:35.952,0.18,99.82,Unhealthy
42,2026-01-09 10:02:35.970,0.19,99.81,Unhealthy
43,2026-01-09 10:02:35.988,0.18,99.82,Unhealthy
44,2026-01-09 10:02:36.006,0.18,99.82,Unhealthy
45,2026-01-09 10:02:36.024,0.18,99.82,Unhealthy
46,2026-01-09 10:02:36.041,0.18,99.82,Unhealthy
47,2026-01-09 10:02:36.057,0.18,99.82,Unhealthy
48,2026-01-09 10:02:36.075,0.18,99.82,Unhealthy
49,2026-01-09 10:02:36.092,0.18,99.82,Unhealthy
50,2026-01-09 10:02:36.109,0.18,99.82,Unhealthy
51,2026-01-09 10:02:36.126,0.18,99.82,Unhealthy
52,2026-01-09 10:02:36.143,0.18,99.82,Unhealthy
53,2026-01-09 10:02:36.160,0.18,99.82,Unhealthy
54,2026-01-09 10:02:36.177,0.18,99.82,Unhealthy
55,2026-01-09 10:02:36.195,0.18,99.82,Unhealthy
56,2026-01-09 10:02:36.212,0.18,99.82,Unhealthy
57,2026-01-09 10:02:36.229,0.18,99.82,Unhealthy
58,2026-01-09 10:02:36.246,0.18,99.82,Unhealthy
59,2026-01-09 10:02:36.262,0.18,99.82,Unhealthy
60,2026-01-09 10:02:36.282,0.19,99.81,Unhealthy
61,2026-01-09 10:02:36.297,0.18,99.82,Unhealthy
62,2026-01-09 10:02:36.314,0.18,99.82,Unhealthy
63,2026-01-09 10:02:36.330,0.18,99.82,Unhealthy
64,2026-01-09 10:02:36.347,0.18,99.82,Unhealthy
65,2026-01-09 10:02:36.362,0.18,99.82,Unhealthy
66,2026-01-09 10:02:36.380,0.18,99.82,Unhealthy
67,2026-01-09 10:02:36.398,0.18,99.82,Unhealthy
68,2026-01-09 10:02:36.415,0.18,99.82,Unhealthy
69,2026-01-09 10:02:36.431,0.18,99.82,Unhealthy
70,2026-01-09 10:02:36.448,0.19,99.81,Unhealthy
71,2026-01-09 10:02:36.464,0.18,99.82,Unhealthy
72,2026-01-09 10:02:36.481,0.18,99.82,Unhealthy
73,2026-01-09 10:02:36.497,0.17,99.83,Unhealthy
74,2026-01-09 10:02:36.515,0.18,99.82,Unhealthy
75,2026-01-09 10:02:36.532,0.18,99.82,Unhealthy
76,2026-01-09 10:02:36.549,0.18,99.82,Unhealthy
77,2026-01-09 10:02:36.567,0.18,99.82,Unhealthy
78,2026-01-09 10:02:36.586,0.17,99.83,Unhealthy
79,2026-01-09 10:02:36.604,0.18,99.82,Unhealthy
80,2026-01-09 10:02:36.621,0.17,99.83,Unhealthy
81,2026-01-09 10:02:36.638,0.17,99.83,Unhealthy
82,2026-01-09 10:02:36.655,0.17,99.83,Unhealthy
83,2026-01-09 10:02:36.672,0.18,99.82,Unhealthy
84,2026-01-09 10:02:36.691,0.17,99.83,Unhealthy
85,2026-01-09 10:02:36.710,0.17,99.83,Unhealthy
86,2026-01-09 10:02:36.729,0.17,99.83,Unhealthy
87,2026-01-09 10:02:36.746,0.17,99.83,Unhealthy
88,2026-01-09 10:02:36.765,0.17,99.83,Unhealthy
89,2026-01-09 10:02:36.782,0.17,99.83,Unhealthy
90,2026-01-09 10:02:36.805,0.19,99.81,Unhealthy
91,2026-01-09 10:02:36.825,0.19,99.81,Unhealthy
92,2026-01-09 10:02:36.845,0.19,99.81,Unhealthy
93,2026-01-09 10:02:36.863,0.19,99.81,Unhealthy
94,2026-01-09 10:02:36.881,0.19,99.81,Unhealthy
95,2026-01-09 10:02:36.899,0.19,99.81,Unhealthy
96,2026-01-09 10:02:36.920,0.19,99.81,Unhealthy
97,2026-01-09 10:02:36.940,0.19,99.81,Unhealthy
98,2026-01-09 10:02:36.958,0.18,99.82,Unhealthy
99,2026-01-09 10:02:36.974,0.18,99.82,Unhealthy
100,2026-01-09 10:02:36.991,0.18,99.82,Unhealthy
101,2026-01-09 10:02:37.009,0.19,99.81,Unhealthy
102,2026-01-09 10:02:37.029,0.19,99.81,Unhealthy
103,2026-01-09 10:02:37.046,0.19,99.81,Unhealthy
104,2026-01-09 10:02:37.063,0.18,99.82,Unhealthy
105,2026-01-09 10:02:37.079,0.18,99.82,Unhealthy
106,2026-01-09 10:02:37.096,0.18,99.82,Unhealthy
107,2026-01-09 10:02:37.113,0.18,99.82,Unhealthy
108,2026-01-09 10:02:37.132,0.18,99.82,Unhealthy
109,2026-01-09 10:02:37.151,0.18,99.82,Unhealthy
110,2026-01-09 10:02:37.172,0.18,99.82,Unhealthy
111,2026-01-09 10:02:37.190,0.18,99.82,Unhealthy
112,2026-01-09 10:02:37.207,0.18,99.82,Unhealthy
113,2026-01-09 10:02:37.224,0.18,99.82,Unhealthy
114,2026-01-09 10:02:37.243,0.18,99.82,Unhealthy
115,2026-01-09 10:02:37.271,0.18,99.82,Unhealthy
116,2026-01-09 10:02:37.292,0.18,99.82,Unhealthy
117,2026-01-09 10:02:37.311,0.18,99.82,Unhealthy
118,2026-01-09 10:02:37.329,0.18,99.82,Unhealthy
119,2026-01-09 10:02:37.361,0.18,99.82,Unhealthy
120,2026-01-09 10:02:37.445,0.18,99.82,Unhealthy
121,2026-01-09 10:02:37.462,0.18,99.82,Unhealthy
122,2026-01-09 10:02:37.485,0.18,99.82,Unhealthy
123,2026-01-09 10:02:37.528,0.18,99.82,Unhealthy
124,2026-01-09 10:02:37.576,0.18,99.82,Unhealthy
125,2026-01-09 10:02:37.615,0.18,99.82,Unhealthy
126,2026-01-09 10:02:37.663,0.18,99.82,Unhealthy
127,2026-01-09 10:02:37.695,0.18,99.82,Unhealthy
128,2026-01-09 10:02:37.727,0.18,99.82,Unhealthy
129,2026-01-09 10:02:37.793,0.18,99.82,Unhealthy
130,2026-01-09 10:02:37.823,0.17,99.83,Unhealthy
131,2026-01-09 10:02:37.880,0.17,99.83,Unhealthy
132,2026-01-09 10:02:37.912,0.17,99.83,Unhealthy
133,2026-01-09 10:02:37.945,0.18,99.82,Unhealthy
134,2026-01-09 10:02:37.987,0.18,99.82,Unhealthy
135,2026-01-09 10:02:38.026,0.18,99.82,Unhealthy
136,2026-01-09 10:02:38.074,0.17,99.83,Unhealthy
137,2026-01-09 10:02:38.114,0.17,99.83,Unhealthy
138,2026-01-09 10:02:38.152,0.17,99.83,Unhealthy
139,2026-01-09 10:02:38.209,0.17,99.83,Unhealthy
140,2026-01-09 10:02:38.243,0.17,99.83,Unhealthy
141,2026-01-09 10:02:38.306,0.17,99.83,Unhealthy
142,2026-01-09 10:02:38.324,0.17,99.83,Unhealthy
143,2026-01-09 10:02:38.358,0.18,99.82,Unhealthy
144,2026-01-09 10:02:38.401,0.18,99.82,Unhealthy
145,2026-01-09 10:02:38.441,0.18,99.82,Unhealthy
146,2026-01-09 10:02:38.495,0.18,99.82,Unhealthy
147,2026-01-09 10:02:38.524,0.18,99.82,Unhealthy
148,2026-01-09 10:02:38.567,0.18,99.82,Unhealthy
149,2026-01-09 10:02:38.606,0.18,99.82,Unhealthy
150,2026-01-09 10:02:38.695,0.19,99.81,Unhealthy
151,2026-01-09 10:02:38.710,0.19,99.81,Unhealthy
152,2026-01-09 10:02:38.739,0.19,99.81,Unhealthy
153,2026-01-09 10:02:38.785,0.18,99.82,Unhealthy
154,2026-01-09 10:02:38.816,0.18,99.82,Unhealthy
155,2026-01-09 10:02:38.859,0.18,99.82,Unhealthy
156,2026-01-09 10:02:38.915,0.18,99.82,Unhealthy
157,2026-01-09 10:02:38.950,0.18,99.82,Unhealthy
158,2026-01-09 10:02:38.988,0.18,99.82,Unhealthy
159,2026-01-09 10:02:39.021,0.18,99.82,Unhealthy
160,2026-01-09 10:02:39.067,0.18,99.82,Unhealthy
161,2026-01-09 10:02:39.126,0.18,99.82,Unhealthy
162,2026-01-09 10:02:39.157,0.18,99.82,Unhealthy
163,2026-01-09 10:02:39.194,0.18,99.82,Unhealthy
164,2026-01-09 10:02:39.244,0.18,99.82,Unhealthy
165,2026-01-09 10:02:39.286,0.18,99.82,Unhealthy
166,2026-01-09 10:02:39.308,0.18,99.82,Unhealthy
167,2026-01-09 10:02:39.360,0.18,99.82,Unhealthy
168,2026-01-09 10:02:39.430,0.19,99.81,Unhealthy
169,2026-01-09 10:02:39.447,0.19,99.81,Unhealthy
170,2026-01-09 10:02:39.485,0.19,99.81,Unhealthy
171,2026-01-09 10:02:39.513,0.18,99.82,Unhealthy
172,2026-01-09 10:02:39.566,0.18,99.82,Unhealthy
173,2026-01-09 10:02:39.599,0.18,99.82,Unhealthy
174,2026-01-09 10:02:39.661,0.18,99.82,Unhealthy
175,2026-01-09 10:02:39.692,0.19,99.81,Unhealthy
176,2026-01-09 10:02:39.829,0.19,99.81,Unhealthy
177,2026-01-09 10:02:39.845,0.19,99.81,Unhealthy
178,2026-01-09 10:02:39.860,0.19,99.81,Unhealthy
179,2026-01-09 10:02:39.882,0.18,99.82,Unhealthy
180,2026-01-09 10:02:39.994,0.18,99.82,Unhealthy
181,2026-01-09 10:02:40.009,0.18,99.82,Unhealthy
182,2026-01-09 10:02:40.027,0.18,99.82,Unhealthy
183,2026-01-09 10:02:40.085,0.18,99.82,Unhealthy
184,2026-01-09 10:02:40.149,0.18,99.82,Unhealthy
185,2026-01-09 10:02:40.167,0.18,99.82,Unhealthy
186,2026-01-09 10:02:40.206,0.18,99.82,Unhealthy
187,2026-01-09 10:02:40.223,0.18,99.82,Unhealthy
188,2026-01-09 10:02:40.334,0.18,99.82,Unhealthy
189,2026-01-09 10:02:40.351,0.18,99.82,Unhealthy
190,2026-01-09 10:02:40.368,0.17,99.83,Unhealthy
191,2026-01-09 10:02:40.387,0.17,99.83,Unhealthy
192,2026-01-09 10:02:40.417,0.17,99.83,Unhealthy
193,2026-01-09 10:02:40.451,0.18,99.82,Unhealthy
194,2026-01-09 10:02:40.507,0.18,99.82,Unhealthy
195,2026-01-09 10:02:40.539,0.18,99.82,Unhealthy
196,2026-01-09 10:02:40.567,0.18,99.82,Unhealthy
197,2026-01-09 10:02:40.624,0.17,99.83,Unhealthy
198,2026-01-09 10:02:40.664,0.17,99.83,Unhealthy
199,2026-01-09 10:02:40.703,0.17,99.83,Unhealthy
200,2026-01-09 10:02:40.747,0.18,99.82,Unhealthy
201,2026-01-09 10:02:40.792,0.20,99.80,Unhealthy
202,2026-01-09 10:02:40.838,0.20,99.80,Unhealthy
203,2026-01-09 10:02:40.876,0.19,99.81,Unhealthy
204,2026-01-09 10:02:40.901,0.19,99.81,Unhealthy
205,2026-01-09 10:02:40.967,0.19,99.81,Unhealthy
206,2026-01-09 10:02:40.990,0.18,99.82,Unhealthy
207,2026-01-09 10:02:41.039,0.18,99.82,Unhealthy
208,2026-01-09 10:02:41.087,0.18,99.82,Unhealthy
209,2026-01-09 10:02:41.136,0.18,99.82,Unhealthy
210,2026-01-09 10:02:41.172,0.18,99.82,Unhealthy
211,2026-01-09 10:02:41.218,0.18,99.82,Unhealthy
212,2026-01-09 10:02:41.258,0.17,99.83,Unhealthy
213,2026-01-09 10:02:41.278,0.17,99.83,Unhealthy
214,2026-01-09 10:02:41.355,0.16,99.84,Unhealthy
215,2026-01-09 10:02:41.378,0.18,99.82,Unhealthy
216,2026-01-09 10:02:41.424,0.17,99.83,Unhealthy
217,2026-01-09 10:02:41.449,0.17,99.83,Unhealthy
218,2026-01-09 10:02:41.507,0.18,99.82,Unhealthy
219,2026-01-09 10:02:41.558,0.18,99.82,Unhealthy
220,2026-01-09 10:02:41.592,0.20,99.80,Unhealthy
221,2026-01-09 10:02:41.635,0.20,99.80,Unhealthy
222,2026-01-09 10:02:41.677,0.22,99.78,Unhealthy
223,2026-01-09 10:02:41.725,0.22,99.78,Unhealthy
224,2026-01-09 10:02:41.761,0.22,99.78,Unhealthy
225,2026-01-09 10:02:41.802,0.24,99.76,Unhealthy
226,2026-01-09 10:02:41.840,0.24,99.76,Unhealthy
227,2026-01-09 10:02:41.880,0.25,99.75,Unhealthy
228,2026-01-09 10:02:41.937,0.24,99.76,Unhealthy
229,2026-01-09 10:02:41.963,0.28,99.72,Unhealthy
230,2026-01-09 10:02:42.019,0.28,99.72,Unhealthy
231,2026-01-09 10:02:42.044,0.28,99.72,Unhealthy
232,2026-01-09 10:02:42.103,0.28,99.72,Unhealthy
233,2026-01-09 10:02:42.137,0.28,99.72,Unhealthy
234,2026-01-09 10:02:42.169,0.29,99.71,Unhealthy
235,2026-01-09 10:02:42.235,0.29,99.71,Unhealthy
236,2026-01-09 10:02:42.261,0.29,99.71,Unhealthy
237,2026-01-09 10:02:42.315,0.30,99.70,Unhealthy
238,2026-01-09 10:02:42.362,0.30,99.70,Unhealthy
239,2026-01-09 10:02:42.385,0.30,99.70,Unhealthy
240,2026-01-09 10:02:42.426,0.30,99.70,Unhealthy
241,2026-01-09 10:02:42.443,0.30,99.70,Unhealthy
242,2026-01-09 10:02:42.520,0.29,99.71,Unhealthy
243,2026-01-09 10:02:42.560,0.29,99.71,Unhealthy
244,2026-01-09 10:02:42.579,0.29,99.71,Unhealthy
245,2026-01-09 10:02:42.643,0.29,99.71,Unhealthy
246,2026-01-09 10:02:42.672,0.29,99.71,Unhealthy
247,2026-01-09 10:02:42.718,0.30,99.70,Unhealthy
248,2026-01-09 10:02:42.755,0.30,99.70,Unhealthy
249,2026-01-09 10:02:42.822,0.30,99.70,Unhealthy
250,2026-01-09 10:02:42.859,0.30,99.70,Unhealthy
251,2026-01-09 10:02:42.877,0.30,99.70,Unhealthy
252,2026-01-09 10:02:42.938,0.31,99.69,Unhealthy
253,2026-01-09 10:02:42.973,0.31,99.69,Unhealthy
254,2026-01-09 10:02:43.007,0.32,99.68,Unhealthy
255,2026-01-09 10:02:43.063,0.30,99.70,Unhealthy
256,2026-01-09 10:02:43.094,0.30,99.70,Unhealthy
257,2026-01-09 10:02:43.148,0.31,99.69,Unhealthy
258,2026-01-09 10:02:43.181,0.31,99.69,Unhealthy
259,2026-01-09 10:02:43.220,0.33,99.67,Unhealthy
260,2026-01-09 10:02:43.252,0.33,99.67,Unhealthy
261,2026-01-09 10:02:43.274,0.34,99.66,Unhealthy
262,2026-01-09 10:02:43.365,0.34,99.66,Unhealthy
263,2026-01-09 10:02:43.394,0.35,99.65,Unhealthy
264,2026-01-09 10:02:43.415,0.38,99.62,Unhealthy
265,2026-01-09 10:02:43.449,0.38,99.62,Unhealthy
266,2026-01-09 10:02:43.526,0.37,99.63,Unhealthy
267,2026-01-09 10:02:43.546,0.38,99.62,Unhealthy
268,2026-01-09 10:02:43.586,0.37,99.63,Unhealthy
269,2026-01-09 10:02:43.650,0.38,99.62,Unhealthy
270,2026-01-09 10:02:43.688,0.36,99.64,Unhealthy
271,2026-01-09 10:02:43.706,0.36,99.64,Unhealthy
272,2026-01-09 10:02:43.822,0.34,99.66,Unhealthy
273,2026-01-09 10:02:43.844,0.34,99.66,Unhealthy
274,2026-01-09 10:02:43.874,0.33,99.67,Unhealthy
275,2026-01-09 10:02:43.927,0.33,99.67,Unhealthy
276,2026-01-09 10:02:43.993,0.32,99.68,Unhealthy
277,2026-01-09 10:02:44.012,0.32,99.68,Unhealthy
278,2026-01-09 10:02:44.109,0.31,99.69,Unhealthy
279,2026-01-09 10:02:44.131,0.31,99.69,Unhealthy
280,2026-01-09 10:02:44.152,0.31,99.69,Unhealthy
281,2026-01-09 10:02:44.172,0.32,99.68,Unhealthy
282,2026-01-09 10:02:44.190,0.31,99.69,Unhealthy
283,2026-01-09 10:02:44.207,0.31,99.69,Unhealthy
284,2026-01-09 10:02:44.272,0.30,99.70,Unhealthy
285,2026-01-09 10:02:44.312,0.31,99.69,Unhealthy
286,2026-01-09 10:02:44.335,0.31,99.69,Unhealthy
287,2026-01-09 10:02:44.373,0.31,99.69,Unhealthy
288,2026-01-09 10:02:44.418,0.32,99.68,Unhealthy
289,2026-01-09 10:02:44.486,0.32,99.68,Unhealthy
290,2026-01-09 10:02:44.527,0.33,99.67,Unhealthy
291,2026-01-09 10:02:44.568,0.33,99.67,Unhealthy
292,2026-01-09 10:02:44.608,0.33,99.67,Unhealthy
293,2026-01-09 10:02:44.633,0.33,99.67,Unhealthy
294,2026-01-09 10:02:44.692,0.34,99.66,Unhealthy
295,2026-01-09 10:02:44.737,0.36,99.64,Unhealthy
296,2026-01-09 10:02:44.774,0.35,99.65,Unhealthy
297,2026-01-09 10:02:44.816,0.35,99.65,Unhealthy
298,2026-01-09 10:02:44.854,0.36,99.64,Unhealthy
299,2026-01-09 10:02:44.901,0.37,99.63,Unhealthy
300,2026-01-09 10:02:44.949,0.34,99.66,Unhealthy
301,2026-01-09 10:02:44.968,0.36,99.64,Unhealthy
302,2026-01-09 10:02:44.987,0.38,99.62,Unhealthy
303,2026-01-09 10:02:45.070,0.37,99.63,Unhealthy
304,2026-01-09 10:02:45.108,0.38,99.62,Unhealthy
305,2026-01-09 10:02:45.151,0.40,99.60,Unhealthy
306,2026-01-09 10:02:45.221,0.42,99.58,Unhealthy
307,2026-01-09 10:02:45.256,0.42,99.58,Unhealthy
308,2026-01-09 10:02:45.280,0.43,99.57,Unhealthy
309,2026-01-09 10:02:45.536,0.45,99.55,Unhealthy
310,2026-01-09 10:02:45.555,0.45,99.55,Unhealthy
311,2026-01-09 10:02:45.672,0.48,99.52,Unhealthy
312,2026-01-09 10:02:45.690,0.51,99.49,Unhealthy
313,2026-01-09 10:02:45.707,0.50,99.50,Unhealthy
314,2026-01-09 10:02:45.726,0.50,99.50,Unhealthy
315,2026-01-09 10:02:45.747,0.54,99.46,Unhealthy
316,2026-01-09 10:02:45.974,0.54,99.46,Unhealthy
317,2026-01-09 10:02:45.991,0.56,99.44,Unhealthy
318,2026-01-09 10:02:46.352,0.56,99.44,Unhealthy
319,2026-01-09 10:02:46.370,0.55,99.45,Unhealthy
320,2026-01-09 10:02:46.391,0.56,99.44,Unhealthy
321,2026-01-09 10:02:46.458,0.56,99.44,Unhealthy
322,2026-01-09 10:02:46.478,0.56,99.44,Unhealthy
323,2026-01-09 10:02:46.498,0.55,99.45,Unhealthy
324,2026-01-09 10:02:46.518,0.54,99.46,Unhealthy
325,2026-01-09 10:02:46.610,0.54,99.46,Unhealthy
326,2026-01-09 10:02:46.631,0.54,99.46,Unhealthy
327,2026-01-09 10:02:46.650,0.53,99.47,Unhealthy
328,2026-01-09 10:02:46.668,0.52,99.48,Unhealthy
329,2026-01-09 10:02:46.781,0.52,99.48,Unhealthy
330,2026-01-09 10:02:46.940,0.51,99.49,Unhealthy
331,2026-01-09 10:02:46.957,0.53,99.47,Unhealthy
332,2026-01-09 10:02:46.975,0.54,99.46,Unhealthy
333,2026-01-09 10:02:47.093,0.54,99.46,Unhealthy
334,2026-01-09 10:02:47.113,0.54,99.46,Unhealthy
335,2026-01-09 10:02:47.243,0.52,99.48,Unhealthy
336,2026-01-09 10:02:47.263,0.52,99.48,Unhealthy
337,2026-01-09 10:02:47.281,0.52,99.48,Unhealthy
338,2026-01-09 10:02:47.410,0.53,99.47,Unhealthy
339,2026-01-09 10:02:47.544,0.51,99.49,Unhealthy
340,2026-01-09 10:02:47.562,0.52,99.48,Unhealthy
341,2026-01-09 10:02:47.699,0.53,99.47,Unhealthy
342,2026-01-09 10:02:47.718,0.52,99.48,Unhealthy
343,2026-01-09 10:02:47.855,0.52,99.48,Unhealthy
344,2026-01-09 10:02:47.995,0.52,99.48,Unhealthy
345,2026-01-09 10:02:48.021,0.51,99.49,Unhealthy
346,2026-01-09 10:02:48.172,0.52,99.48,Unhealthy
347,2026-01-09 10:02:48.322,0.51,99.49,Unhealthy
348,2026-01-09 10:02:49.706,0.50,99.50,Unhealthy
349,2026-01-09 10:02:49.737,0.51,99.49,Unhealthy
350,2026-01-09 10:02:49.758,0.51,99.49,Unhealthy
351,2026-01-09 10:02:49.777,0.51,99.49,Unhealthy
352,2026-01-09 10:02:49.798,0.51,99.49,Unhealthy
353,2026-01-09 10:02:49.817,0.52,99.48,Unhealthy
354,2026-01-09 10:02:49.837,0.51,99.49,Unhealthy
355,2026-01-09 10:02:49.858,0.52,99.48,Unhealthy
356,2026-01-09 10:02:49.881,0.52,99.48,Unhealthy
357,2026-01-09 10:02:49.901,0.52,99.48,Unhealthy
358,2026-01-09 10:02:49.922,0.52,99.48,Unhealthy
359,2026-01-09 10:02:49.940,0.52,99.48,Unhealthy
360,2026-01-09 10:02:49.962,0.53,99.47,Unhealthy
361,2026-01-09 10:02:49.981,0.53,99.47,Unhealthy
362,2026-01-09 10:02:50.000,0.52,99.48,Unhealthy
363,2026-01-09 10:02:50.020,0.52,99.48,Unhealthy
364,2026-01-09 10:02:50.042,0.52,99.48,Unhealthy
365,2026-01-09 10:02:50.064,0.53,99.47,Unhealthy
366,2026-01-09 10:02:50.083,0.52,99.48,Unhealthy
367,2026-01-09 10:02:50.102,0.52,99.48,Unhealthy
368,2026-01-09 10:02:50.122,0.53,99.47,Unhealthy
369,2026-01-09 10:02:50.141,0.54,99.46,Unhealthy
370,2026-01-09 10:02:50.161,0.53,99.47,Unhealthy
371,2026-01-09 10:02:50.180,0.53,99.47,Unhealthy
372,2026-01-09 10:02:50.200,0.53,99.47,Unhealthy
373,2026-01-09 10:02:50.220,0.53,99.47,Unhealthy
374,2026-01-09 10:02:50.240,0.54,99.46,Unhealthy
375,2026-01-09 10:02:50.262,0.55,99.45,Unhealthy
376,2026-01-09 10:02:50.285,0.52,99.48,Unhealthy
377,2026-01-09 10:02:50.307,0.52,99.48,Unhealthy
378,2026-01-09 10:02:50.342,0.51,99.49,Unhealthy
379,2026-01-09 10:02:50.371,0.52,99.48,Unhealthy
380,2026-01-09 10:02:50.402,0.51,99.49,Unhealthy
381,2026-01-09 10:02:50.422,0.52,99.48,Unhealthy
382,2026-01-09 10:02:50.453,0.54,99.46,Unhealthy
383,2026-01-09 10:02:50.475,0.54,99.46,Unhealthy
384,2026-01-09 10:02:50.498,0.53,99.47,Unhealthy
385,2026-01-09 10:02:50.520,0.56,99.44,Unhealthy
386,2026-01-09 10:02:50.541,0.59,99.41,Unhealthy
387,2026-01-09 10:02:50.560,0.58,99.42,Unhealthy
388,2026-01-09 10:02:50.580,0.60,99.40,Unhealthy
389,2026-01-09 10:02:50.599,0.62,99.38,Unhealthy
390,2026-01-09 10:02:50.619,0.63,99.37,Unhealthy
391,2026-01-09 10:02:50.637,0.66,99.34,Unhealthy
392,2026-01-09 10:02:50.657,0.68,99.32,Unhealthy
393,2026-01-09 10:02:50.678,0.67,99.33,Unhealthy
394,2026-01-09 10:02:50.697,0.69,99.31,Unhealthy
395,2026-01-09 10:02:50.716,0.67,99.33,Unhealthy
396,2026-01-09 10:02:50.735,0.65,99.35,Unhealthy
397,2026-01-09 10:02:50.753,0.65,99.35,Unhealthy
398,2026-01-09 10:02:50.773,0.72,99.28,Unhealthy
399,2026-01-09 10:02:50.792,0.69,99.31,Unhealthy
400,2026-01-09 10:02:50.813,0.73,99.27,Unhealthy
401,2026-01-09 10:02:50.832,0.70,99.30,Unhealthy
402,2026-01-09 10:02:50.851,0.70,99.30,Unhealthy
403,2026-01-09 10:02:50.870,0.71,99.29,Unhealthy
404,2026-01-09 10:02:50.890,0.72,99.28,Unhealthy
405,2026-01-09 10:02:50.908,0.71,99.29,Unhealthy
406,2026-01-09 10:02:50.926,0.70,99.30,Unhealthy
407,2026-01-09 10:02:50.944,0.67,99.33,Unhealthy
408,2026-01-09 10:02:50.963,0.61,99.39,Unhealthy
409,2026-01-09 10:02:50.981,0.58,99.42,Unhealthy
410,2026-01-09 10:02:51.000,0.55,99.45,Unhealthy
411,2026-01-09 10:02:51.018,0.58,99.42,Unhealthy
412,2026-01-09 10:02:51.039,0.61,99.39,Unhealthy
413,2026-01-09 10:02:51.058,0.63,99.37,Unhealthy
414,2026-01-09 10:02:51.077,0.65,99.35,Unhealthy
415,2026-01-09 10:02:51.096,0.69,99.31,Unhealthy
416,2026-01-09 10:02:51.116,0.73,99.27,Unhealthy
417,2026-01-09 10:02:51.134,0.74,99.26,Unhealthy
418,2026-01-09 10:02:51.153,0.78,99.22,Unhealthy
419,2026-01-09 10:02:51.171,0.80,99.20,Unhealthy
420,2026-01-09 10:02:51.194,0.84,99.16,Unhealthy
421,2026-01-09 10:02:51.214,0.87,99.13,Unhealthy
422,2026-01-09 10:02:51.234,0.90,99.10,Unhealthy
423,2026-01-09 10:02:51.253,0.94,99.06,Unhealthy
424,2026-01-09 10:02:51.272,1.00,99.00,Unhealthy
425,2026-01-09 10:02:51.291,1.03,98.97,Unhealthy
426,2026-01-09 10:02:51.311,0.96,99.04,Unhealthy
427,2026-01-09 10:02:51.330,0.76,99.24,Unhealthy
428,2026-01-09 10:02:51.349,0.64,99.36,Unhealthy
429,2026-01-09 10:02:51.367,0.38,99.62,Unhealthy
430,2026-01-09 10:02:51.386,0.22,99.78,Unhealthy
431,2026-01-09 10:02:51.404,0.20,99.80,Unhealthy
432,2026-01-09 10:02:51.423,0.18,99.82,Unhealthy
433,2026-01-09 10:02:51.442,0.16,99.84,Unhealthy
434,2026-01-09 10:02:51.461,0.16,99.84,Unhealthy
435,2026-01-09 10:02:51.479,0.14,99.86,Unhealthy
436,2026-01-09 10:02:51.499,0.13,99.87,Unhealthy
437,2026-01-09 10:02:51.518,0.12,99.88,Unhealthy
438,2026-01-09 10:02:51.537,0.12,99.88,Unhealthy
439,2026-01-09 10:02:51.558,0.14,99.86,Unhealthy
440,2026-01-09 10:02:51.579,0.12,99.88,Unhealthy
441,2026-01-09 10:02:51.597,0.12,99.88,Unhealthy
442,2026-01-09 10:02:51.616,0.12,99.88,Unhealthy
443,2026-01-09 10:02:51.634,0.12,99.88,Unhealthy
444,2026-01-09 10:02:51.651,0.11,99.89,Unhealthy
445,2026-01-09 10:02:51.669,0.11,99.89,Unhealthy
446,2026-01-09 10:02:51.689,0.11,99.89,Unhealthy
447,2026-01-09 10:02:51.709,0.12,99.88,Unhealthy
448,2026-01-09 10:02:51.728,0.02,99.98,Unhealthy
449,2026-01-09 10:02:51.747,0.01,99.99,Unhealthy
450,2026-01-09 10:02:51.767,0.00,100.00,Unhealthy
451,2026-01-09 10:02:51.786,0.35,99.65,Unhealthy
452,2026-01-09 10:02:51.808,0.42,99.58,Unhealthy
453,2026-01-09 10:02:51.829,0.58,99.42,Unhealthy
454,2026-01-09 10:02:51.850,0.90,99.10,Unhealthy
455,2026-01-09 10:02:51.871,0.83,99.17,Unhealthy
456,2026-01-09 10:02:51.889,0.76,99.24,Unhealthy
457,2026-01-09 10:02:51.911,0.69,99.31,Unhealthy
458,2026-01-09 10:02:51.932,0.69,99.31,Unhealthy
459,2026-01-09 10:02:51.951,0.65,99.35,Unhealthy
460,2026-01-09 10:02:51.971,0.54,99.46,Unhealthy
461,2026-01-09 10:02:51.993,0.44,99.56,Unhealthy
462,2026-01-09 10:02:52.014,0.50,99.50,Unhealthy
463,2026-01-09 10:02:52.035,0.50,99.50,Unhealthy
464,2026-01-09 10:02:52.056,0.51,99.49,Unhealthy
465,2026-01-09 10:02:52.079,0.57,99.43,Unhealthy
466,2026-01-09 10:02:52.099,0.60,99.40,Unhealthy
467,2026-01-09 10:02:52.121,0.75,99.25,Unhealthy
468,2026-01-09 10:02:52.141,0.63,99.37,Unhealthy
469,2026-01-09 10:02:52.162,0.32,99.68,Unhealthy
470,2026-01-09 10:02:52.183,0.47,99.53,Unhealthy
471,2026-01-09 10:02:52.203,0.54,99.46,Unhealthy
472,2026-01-09 10:02:52.224,0.49,99.51,Unhealthy
473,2026-01-09 10:02:52.245,0.54,99.46,Unhealthy
474,2026-01-09 10:02:52.265,0.51,99.49,Unhealthy
475,2026-01-09 10:02:52.285,0.55,99.45,Unhealthy
476,2026-01-09 10:02:52.308,0.52,99.48,Unhealthy
477,2026-01-09 10:02:52.362,0.54,99.46,Unhealthy
478,2026-01-09 10:02:52.403,0.51,99.49,Unhealthy
479,2026-01-09 10:02:52.444,0.49,99.51,Unhealthy
480,2026-01-09 10:02:52.531,0.49,99.51,Unhealthy
481,2026-01-09 10:02:52.551,0.51,99.49,Unhealthy
482,2026-01-09 10:02:52.582,0.49,99.51,Unhealthy
483,2026-01-09 10:02:52.612,0.45,99.55,Unhealthy
484,2026-01-09 10:02:52.632,0.42,99.58,Unhealthy
485,2026-01-09 10:02:52.657,0.36,99.64,Unhealthy
486,2026-01-09 10:02:52.709,0.31,99.69,Unhealthy
487,2026-01-09 10:02:52.728,0.24,99.76,Unhealthy
488,2026-01-09 10:02:52.854,0.18,99.82,Unhealthy
489,2026-01-09 10:02:52.873,0.10,99.90,Unhealthy
490,2026-01-09 10:02:52.892,0.05,99.95,Unhealthy
491,2026-01-09 10:02:52.911,0.03,99.97,Unhealthy
492,2026-01-09 10:02:52.969,0.02,99.98,Unhealthy
493,2026-01-09 10:02:53.017,0.02,99.98,Unhealthy
494,2026-01-09 10:02:53.049,0.02,99.98,Unhealthy
495,2026-01-09 10:02:53.102,0.02,99.98,Unhealthy
496,2026-01-09 10:02:53.153,0.02,99.98,Unhealthy
497,2026-01-09 10:02:53.234,0.02,99.98,Unhealthy
498,2026-01-09 10:02:53.252,0.02,99.98,Unhealthy
499,2026-01-09 10:02:53.313,0.03,99.97,Unhealthy
500,2026-01-09 10:02:53.336,0.02,99.98,Unhealthy
501,2026-01-09 10:02:53.374,0.02,99.98,Unhealthy
502,2026-01-09 10:02:53.446,0.01,99.99,Unhealthy
503,2026-01-09 10:02:53.508,0.01,99.99,Unhealthy
504,2026-01-09 10:02:53.529,0.01,99.99,Unhealthy
505,2026-01-09 10:02:53.549,0.02,99.98,Unhealthy
506,2026-01-09 10:02:53.610,0.02,99.98,Unhealthy
507,2026-01-09 10:02:53.660,0.02,99.98,Unhealthy
508,2026-01-09 10:02:53.683,0.03,99.97,Unhealthy
509,2026-01-09 10:02:53.702,0.03,99.97,Unhealthy
510,2026-01-09 10:02:53.758,0.01,99.99,Unhealthy
511,2026-01-09 10:02:53.779,0.02,99.98,Unhealthy
512,2026-01-09 10:02:53.798,0.02,99.98,Unhealthy
513,2026-01-09 10:02:53.861,0.02,99.98,Unhealthy
514,2026-01-09 10:02:53.918,0.02,99.98,Unhealthy
515,2026-01-09 10:02:53.945,0.02,99.98,Unhealthy
516,2026-01-09 10:02:53.968,0.01,99.99,Unhealthy
517,2026-01-09 10:02:53.994,0.01,99.99,Unhealthy
518,2026-01-09 10:02:54.048,0.01,99.99,Unhealthy
519,2026-01-09 10:02:54.104,0.01,99.99,Unhealthy
520,2026-01-09 10:02:54.145,0.02,99.98,Unhealthy
521,2026-01-09 10:02:54.193,0.11,99.89,Unhealthy
522,2026-01-09 10:02:54.216,0.13,99.87,Unhealthy
523,2026-01-09 10:02:54.264,0.17,99.83,Unhealthy
524,2026-01-09 10:02:54.291,0.21,99.79,Unhealthy
525,2026-01-09 10:02:54.334,0.11,99.89,Unhealthy
526,2026-01-09 10:02:54.387,0.01,99.99,Unhealthy
527,2026-01-09 10:02:54.431,0.01,99.99,Unhealthy
528,2026-01-09 10:02:54.466,0.01,99.99,Unhealthy
529,2026-01-09 10:02:54.527,0.01,99.99,Unhealthy
530,2026-01-09 10:02:54.561,0.01,99.99,Unhealthy
531,2026-01-09 10:02:54.595,0.02,99.98,Unhealthy
532,2026-01-09 10:02:54.628,0.07,99.93,Unhealthy
533,2026-01-09 10:02:54.664,0.06,99.94,Unhealthy
534,2026-01-09 10:02:54.721,0.04,99.96,Unhealthy
535,2026-01-09 10:02:54.757,0.04,99.96,Unhealthy
536,2026-01-09 10:02:54.802,0.04,99.96,Unhealthy
537,2026-01-09 10:02:54.848,0.04,99.96,Unhealthy
538,2026-01-09 10:02:54.884,0.04,99.96,Unhealthy
539,2026-01-09 10:02:54.907,0.04,99.96,Unhealthy
540,2026-01-09 10:02:54.956,0.03,99.97,Unhealthy
541,2026-01-09 10:02:54.987,0.03,99.97,Unhealthy
542,2026-01-09 10:02:55.060,0.06,99.94,Unhealthy
543,2026-01-09 10:02:55.081,0.04,99.96,Unhealthy
544,2026-01-09 10:02:55.110,0.04,99.96,Unhealthy
545,2026-01-09 10:02:55.197,0.04,99.96,Unhealthy
546,2026-01-09 10:02:55.233,0.04,99.96,Unhealthy
547,2026-01-09 10:02:55.349,0.04,99.96,Unhealthy
548,2026-01-09 10:02:55.370,0.04,99.96,Unhealthy
549,2026-01-09 10:02:55.416,0.05,99.95,Unhealthy
550,2026-01-09 10:02:55.500,0.03,99.97,Unhealthy
551,2026-01-09 10:02:55.530,0.13,99.87,Unhealthy
552,2026-01-09 10:02:55.568,0.25,99.75,Unhealthy
553,2026-01-09 10:02:55.592,0.39,99.61,Unhealthy
554,2026-01-09 10:02:55.648,0.45,99.55,Unhealthy
555,2026-01-09 10:02:55.668,0.62,99.38,Unhealthy
556,2026-01-09 10:02:55.690,0.66,99.34,Unhealthy
557,2026-01-09 10:02:55.710,0.65,99.35,Unhealthy
558,2026-01-09 10:02:55.735,0.66,99.34,Unhealthy
559,2026-01-09 10:02:55.780,0.67,99.33,Unhealthy
560,2026-01-09 10:02:55.814,0.70,99.30,Unhealthy
561,2026-01-09 10:02:55.839,0.71,99.29,Unhealthy
562,2026-01-09 10:02:55.883,0.69,99.31,Unhealthy
563,2026-01-09 10:02:55.959,0.68,99.32,Unhealthy
564,2026-01-09 10:02:56.013,0.67,99.33,Unhealthy
565,2026-01-09 10:02:56.048,0.67,99.33,Unhealthy
566,2026-01-09 10:02:56.087,0.67,99.33,Unhealthy
567,2026-01-09 10:02:56.156,0.69,99.31,Unhealthy
568,2026-01-09 10:02:56.174,0.69,99.31,Unhealthy
569,2026-01-09 10:02:56.196,0.69,99.31,Unhealthy
570,2026-01-09 10:02:56.247,0.69,99.31,Unhealthy
571,2026-01-09 10:02:56.267,0.66,99.34,Unhealthy
572,2026-01-09 10:02:56.306,0.67,99.33,Unhealthy
573,2026-01-09 10:02:56.356,0.65,99.35,Unhealthy
574,2026-01-09 10:02:56.422,0.56,99.44,Unhealthy
575,2026-01-09 10:02:56.485,0.48,99.52,Unhealthy
576,2026-01-09 10:02:56.515,0.43,99.57,Unhealthy
577,2026-01-09 10:02:56.581,0.38,99.62,Unhealthy
578,2026-01-09 10:02:56.616,0.38,99.62,Unhealthy
579,2026-01-09 10:02:56.651,0.39,99.61,Unhealthy
580,2026-01-09 10:02:56.678,0.35,99.65,Unhealthy
581,2026-01-09 10:02:56.721,0.31,99.69,Unhealthy
582,2026-01-09 10:02:56.754,0.31,99.69,Unhealthy
583,2026-01-09 10:02:56.804,0.34,99.66,Unhealthy
584,2026-01-09 10:02:56.862,0.39,99.61,Unhealthy
585,2026-01-09 10:02:56.896,0.38,99.62,Unhealthy
586,2026-01-09 10:02:56.937,0.35,99.65,Unhealthy
587,2026-01-09 10:02:57.010,0.27,99.73,Unhealthy
588,2026-01-09 10:02:57.057,0.19,99.81,Unhealthy
589,2026-01-09 10:02:57.110,0.15,99.85,Unhealthy
590,2026-01-09 10:02:57.141,0.14,99.86,Unhealthy
591,2026-01-09 10:02:57.175,0.15,99.85,Unhealthy
592,2026-01-09 10:02:57.211,0.16,99.84,Unhealthy
593,2026-01-09 10:02:57.240,0.16,99.84,Unhealthy
594,2026-01-09 10:02:57.269,0.15,99.85,Unhealthy
595,2026-01-09 10:02:57.303,0.16,99.84,Unhealthy
596,2026-01-09 10:02:57.329,0.38,99.62,Unhealthy
597,2026-01-09 10:02:57.375,0.69,99.31,Unhealthy
598,2026-01-09 10:02:57.414,0.71,99.29,Unhealthy
599,2026-01-09 10:02:57.453,0.55,99.45,Unhealthy
600,2026-01-09 10:02:57.511,0.45,99.55,Unhealthy
601,2026-01-09 10:02:57.541,0.37,99.63,Unhealthy
602,2026-01-09 10:02:57.563,0.40,99.60,Unhealthy
603,2026-01-09 10:02:57.590,0.36,99.64,Unhealthy
604,2026-01-09 10:02:57.636,0.29,99.71,Unhealthy
605,2026-01-09 10:02:57.695,0.16,99.84,Unhealthy
606,2026-01-09 10:02:57.730,0.03,99.97,Unhealthy
607,2026-01-09 10:02:57.773,0.03,99.97,Unhealthy
608,2026-01-09 10:02:57.819,0.04,99.96,Unhealthy
609,2026-01-09 10:02:57.864,0.04,99.96,Unhealthy
610,2026-01-09 10:02:57.927,0.04,99.96,Unhealthy
611,2026-01-09 10:02:57.974,0.04,99.96,Unhealthy
612,2026-01-09 10:02:58.004,0.05,99.95,Unhealthy
613,2026-01-09 10:02:58.053,0.07,99.93,Unhealthy
614,2026-01-09 10:02:58.081,0.09,99.91,Unhealthy
615,2026-01-09 10:02:58.141,0.09,99.91,Unhealthy
616,2026-01-09 10:02:58.178,0.09,99.91,Unhealthy
617,2026-01-09 10:02:58.222,0.11,99.89,Unhealthy
618,2026-01-09 10:02:58.257,0.12,99.88,Unhealthy
619,2026-01-09 10:02:58.312,0.16,99.84,Unhealthy
620,2026-01-09 10:02:58.355,0.14,99.86,Unhealthy
621,2026-01-09 10:02:58.395,0.14,99.86,Unhealthy
622,2026-01-09 10:02:58.436,0.13,99.87,Unhealthy
623,2026-01-09 10:02:58.468,0.12,99.88,Unhealthy
624,2026-01-09 10:02:58.507,0.13,99.87,Unhealthy
625,2026-01-09 10:02:58.545,0.10,99.90,Unhealthy
626,2026-01-09 10:02:58.583,0.08,99.92,Unhealthy
627,2026-01-09 10:02:58.625,0.07,99.93,Unhealthy
628,2026-01-09 10:02:58.669,0.06,99.94,Unhealthy
629,2026-01-09 10:02:58.709,0.05,99.95,Unhealthy
630,2026-01-09 10:02:58.745,0.05,99.95,Unhealthy
631,2026-01-09 10:02:58.787,0.04,99.96,Unhealthy
632,2026-01-09 10:02:58.849,0.06,99.94,Unhealthy
633,2026-01-09 10:02:58.888,0.05,99.95,Unhealthy
634,2026-01-09 10:02:58.921,0.08,99.92,Unhealthy
635,2026-01-09 10:02:58.953,0.12,99.88,Unhealthy
636,2026-01-09 10:02:58.994,0.12,99.88,Unhealthy
637,2026-01-09 10:02:59.030,0.12,99.88,Unhealthy
638,2026-01-09 10:02:59.079,0.10,99.90,Unhealthy
639,2026-01-09 10:02:59.115,0.09,99.91,Unhealthy
640,2026-01-09 10:02:59.172,0.22,99.78,Unhealthy
641,2026-01-09 10:02:59.198,0.46,99.54,Unhealthy
642,2026-01-09 10:02:59.234,0.45,99.55,Unhealthy
643,2026-01-09 10:02:59.287,0.53,99.47,Unhealthy
644,2026-01-09 10:02:59.337,0.71,99.29,Unhealthy
645,2026-01-09 10:02:59.373,0.69,99.31,Unhealthy
646,2026-01-09 10:02:59.412,0.69,99.31,Unhealthy
647,2026-01-09 10:02:59.458,0.70,99.30,Unhealthy
648,2026-01-09 10:02:59.495,0.72,99.28,Unhealthy
649,2026-01-09 10:02:59.531,0.71,99.29,Unhealthy
650,2026-01-09 10:02:59.580,0.69,99.31,Unhealthy
651,2026-01-09 10:02:59.619,0.71,99.29,Unhealthy
652,2026-01-09 10:02:59.662,0.70,99.30,Unhealthy
653,2026-01-09 10:02:59.695,0.72,99.28,Unhealthy
654,2026-01-09 10:02:59.744,0.69,99.31,Unhealthy
655,2026-01-09 10:02:59.777,0.72,99.28,Unhealthy
656,2026-01-09 10:02:59.827,0.71,99.29,Unhealthy
657,2026-01-09 10:02:59.870,0.74,99.26,Unhealthy
658,2026-01-09 10:02:59.915,0.73,99.27,Unhealthy
659,2026-01-09 10:02:59.977,0.77,99.23,Unhealthy
660,2026-01-09 10:03:00.038,0.78,99.22,Unhealthy
661,2026-01-09 10:03:00.057,0.80,99.20,Unhealthy
662,2026-01-09 10:03:00.095,0.76,99.24,Unhealthy
663,2026-01-09 10:03:00.144,0.77,99.23,Unhealthy
664,2026-01-09 10:03:00.191,0.80,99.20,Unhealthy
665,2026-01-09 10:03:00.225,0.83,99.17,Unhealthy
666,2026-01-09 10:03:00.268,0.85,99.15,Unhealthy
667,2026-01-09 10:03:01.291,0.85,99.15,Unhealthy
668,2026-01-09 10:03:01.311,0.87,99.13,Unhealthy
669,2026-01-09 10:03:01.358,0.86,99.14,Unhealthy
670,2026-01-09 10:03:01.378,0.89,99.11,Unhealthy
671,2026-01-09 10:03:01.398,0.90,99.10,Unhealthy
672,2026-01-09 10:03:01.416,0.90,99.10,Unhealthy
673,2026-01-09 10:03:01.483,0.92,99.08,Unhealthy
674,2026-01-09 10:03:01.502,0.93,99.07,Unhealthy
675,2026-01-09 10:03:01.635,0.94,99.06,Unhealthy
676,2026-01-09 10:03:01.794,0.97,99.03,Unhealthy
677,2026-01-09 10:03:01.814,1.00,99.00,Unhealthy
678,2026-01-09 10:03:01.835,1.00,99.00,Unhealthy
679,2026-01-09 10:03:01.852,0.99,99.01,Unhealthy
680,2026-01-09 10:03:02.703,1.01,98.99,Unhealthy
681,2026-01-09 10:03:02.722,1.02,98.98,Unhealthy
682,2026-01-09 10:03:02.741,1.03,98.97,Unhealthy
683,2026-01-09 10:03:02.761,1.07,98.93,Unhealthy
684,2026-01-09 10:03:02.782,1.07,98.93,Unhealthy
685,2026-01-09 10:03:02.802,1.03,98.97,Unhealthy
686,2026-01-09 10:03:02.821,0.92,99.08,Unhealthy
687,2026-01-09 10:03:02.839,0.84,99.16,Unhealthy
688,2026-01-09 10:03:02.857,0.82,99.18,Unhealthy
689,2026-01-09 10:03:02.875,0.79,99.21,Unhealthy
690,2026-01-09 10:03:02.896,0.76,99.24,Unhealthy
691,2026-01-09 10:03:02.915,0.74,99.26,Unhealthy
692,2026-01-09 10:03:02.935,0.74,99.26,Unhealthy
693,2026-01-09 10:03:02.991,0.70,99.30,Unhealthy
694,2026-01-09 10:03:03.010,0.71,99.29,Unhealthy
695,2026-01-09 10:03:03.032,0.68,99.32,Unhealthy
696,2026-01-09 10:03:03.050,0.72,99.28,Unhealthy
697,2026-01-09 10:03:03.070,0.67,99.33,Unhealthy
698,2026-01-09 10:03:04.222,0.65,99.35,Unhealthy
699,2026-01-09 10:03:04.245,0.60,99.40,Unhealthy
700,2026-01-09 10:03:04.268,0.57,99.43,Unhealthy
701,2026-01-09 10:03:04.291,0.55,99.45,Unhealthy
702,2026-01-09 10:03:04.317,0.52,99.48,Unhealthy
703,2026-01-09 10:03:04.343,0.52,99.48,Unhealthy
704,2026-01-09 10:03:04.369,0.52,99.48,Unhealthy
705,2026-01-09 10:03:04.386,0.52,99.48,Unhealthy
706,2026-01-09 10:03:04.406,0.51,99.49,Unhealthy
707,2026-01-09 10:03:04.425,0.49,99.51,Unhealthy
708,2026-01-09 10:03:04.449,0.46,99.54,Unhealthy
709,2026-01-09 10:03:04.470,0.43,99.57,Unhealthy
710,2026-01-09 10:03:04.493,0.38,99.62,Unhealthy
711,2026-01-09 10:03:04.519,0.34,99.66,Unhealthy
712,2026-01-09 10:03:04.543,0.28,99.72,Unhealthy
713,2026-01-09 10:03:04.569,0.23,99.77,Unhealthy
714,2026-01-09 10:03:04.590,0.21,99.79,Unhealthy
715,2026-01-09 10:03:04.616,0.18,99.82,Unhealthy
716,2026-01-09 10:03:04.639,0.18,99.82,Unhealthy
717,2026-01-09 10:03:04.664,0.18,99.82,Unhealthy
718,2026-01-09 10:03:04.686,0.19,99.81,Unhealthy
719,2026-01-09 10:03:04.705,0.20,99.80,Unhealthy
720,2026-01-09 10:03:04.730,0.22,99.78,Unhealthy
721,2026-01-09 10:03:04.752,0.24,99.76,Unhealthy
722,2026-01-09 10:03:04.773,0.28,99.72,Unhealthy
723,2026-01-09 10:03:04.798,0.31,99.69,Unhealthy
724,2026-01-09 10:03:04.821,0.32,99.68,Unhealthy
725,2026-01-09 10:03:04.842,0.33,99.67,Unhealthy
726,2026-01-09 10:03:04.863,0.36,99.64,Unhealthy
727,2026-01-09 10:03:04.884,0.36,99.64,Unhealthy
728,2026-01-09 10:03:04.904,0.39,99.61,Unhealthy
729,2026-01-09 10:03:04.923,0.40,99.60,Unhealthy
730,2026-01-09 10:03:04.946,0.42,99.58,Unhealthy
731,2026-01-09 10:03:04.967,0.41,99.59,Unhealthy
732,2026-01-09 10:03:04.990,0.41,99.59,Unhealthy
733,2026-01-09 10:03:05.021,0.42,99.58,Unhealthy
734,2026-01-09 10:03:05.051,0.42,99.58,Unhealthy
735,2026-01-09 10:03:05.073,0.43,99.57,Unhealthy
736,2026-01-09 10:03:05.107,0.43,99.57,Unhealthy
737,2026-01-09 10:03:05.147,0.42,99.58,Unhealthy
738,2026-01-09 10:03:05.196,0.45,99.55,Unhealthy
739,2026-01-09 10:03:05.234,0.63,99.37,Unhealthy
740,2026-01-09 10:03:05.264,0.64,99.36,Unhealthy
741,2026-01-09 10:03:05.290,0.67,99.33,Unhealthy
742,2026-01-09 10:03:05.318,0.73,99.27,Unhealthy
743,2026-01-09 10:03:05.342,0.69,99.31,Unhealthy
744,2026-01-09 10:03:05.365,0.65,99.35,Unhealthy
745,2026-01-09 10:03:05.385,0.63,99.37,Unhealthy
746,2026-01-09 10:03:05.404,0.65,99.35,Unhealthy
747,2026-01-09 10:03:05.422,0.59,99.41,Unhealthy
748,2026-01-09 10:03:05.446,0.52,99.48,Unhealthy
749,2026-01-09 10:03:05.465,0.29,99.71,Unhealthy
750,2026-01-09 10:03:05.487,0.18,99.82,Unhealthy
751,2026-01-09 10:03:05.506,0.16,99.84,Unhealthy
752,2026-01-09 10:03:05.530,0.17,99.83,Unhealthy
753,2026-01-09 10:03:05.552,0.17,99.83,Unhealthy
754,2026-01-09 10:03:05.573,0.11,99.89,Unhealthy
755,2026-01-09 10:03:05.592,0.07,99.93,Unhealthy
756,2026-01-09 10:03:05.615,0.04,99.96,Unhealthy
757,2026-01-09 10:03:05.636,0.05,99.95,Unhealthy
758,2026-01-09 10:03:05.656,0.04,99.96,Unhealthy
759,2026-01-09 10:03:05.675,0.05,99.95,Unhealthy
760,2026-01-09 10:03:05.698,0.06,99.94,Unhealthy
761,2026-01-09 10:03:05.717,0.04,99.96,Unhealthy
762,2026-01-09 10:03:05.736,0.05,99.95,Unhealthy
763,2026-01-09 10:03:05.754,0.04,99.96,Unhealthy
764,2026-01-09 10:03:05.773,0.05,99.95,Unhealthy
765,2026-01-09 10:03:05.792,0.04,99.96,Unhealthy
766,2026-01-09 10:03:05.813,0.04,99.96,Unhealthy
767,2026-01-09 10:03:05.832,0.06,99.94,Unhealthy
768,2026-01-09 10:03:05.851,0.05,99.95,Unhealthy
769,2026-01-09 10:03:05.871,0.06,99.94,Unhealthy
770,2026-01-09 10:03:05.890,0.04,99.96,Unhealthy
771,2026-01-09 10:03:05.909,0.04,99.96,Unhealthy
772,2026-01-09 10:03:05.929,0.07,99.93,Unhealthy
773,2026-01-09 10:03:05.947,0.04,99.96,Unhealthy
774,2026-01-09 10:03:05.968,0.06,99.94,Unhealthy
775,2026-01-09 10:03:05.988,0.06,99.94,Unhealthy
776,2026-01-09 10:03:06.007,0.06,99.94,Unhealthy
777,2026-01-09 10:03:06.027,0.06,99.94,Unhealthy
778,2026-01-09 10:03:06.050,0.06,99.94,Unhealthy
779,2026-01-09 10:03:06.068,0.05,99.95,Unhealthy
780,2026-01-09 10:03:06.088,0.06,99.94,Unhealthy
781,2026-01-09 10:03:06.106,0.07,99.93,Unhealthy
782,2026-01-09 10:03:06.127,0.05,99.95,Unhealthy
783,2026-01-09 10:03:06.145,0.05,99.95,Unhealthy
784,2026-01-09 10:03:06.163,0.07,99.93,Unhealthy
785,2026-01-09 10:03:06.182,0.07,99.93,Unhealthy
786,2026-01-09 10:03:06.201,0.08,99.92,Unhealthy
787,2026-01-09 10:03:06.219,0.06,99.94,Unhealthy
788,2026-01-09 10:03:06.237,0.05,99.95,Unhealthy
789,2026-01-09 10:03:06.254,0.07,99.93,Unhealthy
790,2026-01-09 10:03:06.274,0.06,99.94,Unhealthy
791,2026-01-09 10:03:06.295,0.05,99.95,Unhealthy
792,2026-01-09 10:03:06.317,0.05,99.95,Unhealthy
793,2026-01-09 10:03:06.336,0.06,99.94,Unhealthy
794,2026-01-09 10:03:06.355,0.04,99.96,Unhealthy
795,2026-01-09 10:03:06.375,0.05,99.95,Unhealthy
796,2026-01-09 10:03:06.397,0.04,99.96,Unhealthy
797,2026-01-09 10:03:06.416,0.05,99.95,Unhealthy
798,2026-01-09 10:03:06.436,0.03,99.97,Unhealthy
799,2026-01-09 10:03:06.455,0.05,99.95,Unhealthy
800,2026-01-09 10:03:06.476,0.04,99.96,Unhealthy
801,2026-01-09 10:03:06.498,0.02,99.98,Unhealthy
802,2026-01-09 10:03:06.518,0.02,99.98,Unhealthy
803,2026-01-09 10:03:06.536,0.02,99.98,Unhealthy
804,2026-01-09 10:03:06.555,0.08,99.92,Unhealthy
805,2026-01-09 10:03:06.573,0.12,99.88,Unhealthy
806,2026-01-09 10:03:06.593,0.14,99.86,Unhealthy
807,2026-01-09 10:03:06.612,0.15,99.85,Unhealthy
808,2026-01-09 10:03:06.631,0.15,99.85,Unhealthy
809,2026-01-09 10:03:06.651,0.13,99.87,Unhealthy
810,2026-01-09 10:03:06.673,0.11,99.89,Unhealthy
811,2026-01-09 10:03:06.692,0.08,99.92,Unhealthy
812,2026-01-09 10:03:06.714,0.01,99.99,Unhealthy
813,2026-01-09 10:03:06.734,0.02,99.98,Unhealthy
814,2026-01-09 10:03:06.754,0.04,99.96,Unhealthy
815,2026-01-09 10:03:06.773,0.03,99.97,Unhealthy
816,2026-01-09 10:03:06.794,0.04,99.96,Unhealthy
817,2026-01-09 10:03:06.815,0.03,99.97,Unhealthy
818,2026-01-09 10:03:06.836,0.04,99.96,Unhealthy
819,2026-01-09 10:03:06.853,0.02,99.98,Unhealthy
820,2026-01-09 10:03:06.872,0.03,99.97,Unhealthy
821,2026-01-09 10:03:06.891,0.02,99.98,Unhealthy
822,2026-01-09 10:03:06.911,0.04,99.96,Unhealthy
823,2026-01-09 10:03:06.930,0.04,99.96,Unhealthy
824,2026-01-09 10:03:06.950,0.02,99.98,Unhealthy
825,2026-01-09 10:03:06.969,0.00,100.00,Unhealthy
826,2026-01-09 10:03:06.989,0.02,99.98,Unhealthy
827,2026-01-09 10:03:07.021,0.02,99.98,Unhealthy
828,2026-01-09 10:03:07.040,0.03,99.97,Unhealthy
829,2026-01-09 10:03:07.063,0.02,99.98,Unhealthy
830,2026-01-09 10:03:07.083,0.02,99.98,Unhealthy
831,2026-01-09 10:03:07.129,0.01,99.99,Unhealthy
832,2026-01-09 10:03:07.150,0.01,99.99,Unhealthy
833,2026-01-09 10:03:07.170,0.01,99.99,Unhealthy
834,2026-01-09 10:03:07.223,0.01,99.99,Unhealthy
835,2026-01-09 10:03:07.251,0.01,99.99,Unhealthy
836,2026-01-09 10:03:07.335,0.00,100.00,Unhealthy
837,2026-01-09 10:03:07.355,0.00,100.00,Unhealthy
838,2026-01-09 10:03:07.379,0.00,100.00,Unhealthy
839,2026-01-09 10:03:07.416,0.00,100.00,Unhealthy
840,2026-01-09 10:03:07.443,0.00,100.00,Unhealthy
841,2026-01-09 10:03:07.518,0.00,100.00,Unhealthy
842,2026-01-09 10:03:07.541,0.00,100.00,Unhealthy
843,2026-01-09 10:03:07.566,0.00,100.00,Unhealthy
844,2026-01-09 10:03:07.637,0.00,100.00,Unhealthy
845,2026-01-09 10:03:07.660,0.00,100.00,Unhealthy
846,2026-01-09 10:03:07.685,0.00,100.00,Unhealthy
847,2026-01-09 10:03:07.772,0.00,100.00,Unhealthy
848,2026-01-09 10:03:07.806,0.00,100.00,Unhealthy
849,2026-01-09 10:03:07.828,0.00,100.00,Unhealthy
850,2026-01-09 10:03:07.848,0.00,100.00,Unhealthy
851,2026-01-09 10:03:07.954,0.00,100.00,Unhealthy
852,2026-01-09 10:03:08.121,0.00,100.00,Unhealthy
853,2026-01-09 10:03:08.143,0.00,100.00,Unhealthy
854,2026-01-09 10:03:08.164,0.00,100.00,Unhealthy
855,2026-01-09 10:03:08.186,0.00,100.00,Unhealthy
856,2026-01-09 10:03:08.205,0.00,100.00,Unhealthy
857,2026-01-09 10:03:08.249,0.00,100.00,Unhealthy
858,2026-01-09 10:03:08.268,0.00,100.00,Unhealthy
859,2026-01-09 10:03:08.286,0.00,100.00,Unhealthy
860,2026-01-09 10:03:08.307,0.00,100.00,Unhealthy
861,2026-01-09 10:03:08.327,0.00,100.00,Unhealthy
862,2026-01-09 10:03:08.359,0.00,100.00,Unhealthy
863,2026-01-09 10:03:08.443,0.00,100.00,Unhealthy
864,2026-01-09 10:03:08.498,0.00,100.00,Unhealthy
865,2026-01-09 10:03:08.516,0.00,100.00,Unhealthy
866,2026-01-09 10:03:08.536,0.00,100.00,Unhealthy
867,2026-01-09 10:03:08.708,0.00,100.00,Unhealthy
868,2026-01-09 10:03:08.729,0.00,100.00,Unhealthy
869,2026-01-09 10:03:08.750,0.00,100.00,Unhealthy
870,2026-01-09 10:03:08.772,0.00,100.00,Unhealthy
871,2026-01-09 10:03:08.796,0.02,99.98,Unhealthy
872,2026-01-09 10:03:08.820,0.02,99.98,Unhealthy
873,2026-01-09 10:03:08.893,0.03,99.97,Unhealthy
874,2026-01-09 10:03:08.915,0.14,99.86,Unhealthy
875,2026-01-09 10:03:08.951,0.45,99.55,Unhealthy
876,2026-01-09 10:03:08.969,1.06,98.94,Unhealthy
877,2026-01-09 10:03:09.038,1.21,98.79,Unhealthy
878,2026-01-09 10:03:09.174,0.68,99.32,Unhealthy
879,2026-01-09 10:03:09.258,0.36,99.64,Unhealthy
880,2026-01-09 10:03:09.280,0.16,99.84,Unhealthy
881,2026-01-09 10:03:09.302,0.14,99.86,Unhealthy
882,2026-01-09 10:03:09.325,0.12,99.88,Unhealthy
883,2026-01-09 10:03:09.346,0.00,100.00,Unhealthy
884,2026-01-09 10:03:09.369,0.04,99.96,Unhealthy
885,2026-01-09 10:03:09.388,0.05,99.95,Unhealthy
886,2026-01-09 10:03:09.413,0.05,99.95,Unhealthy
887,2026-01-09 10:03:09.450,0.03,99.97,Unhealthy
888,2026-01-09 10:03:09.495,0.02,99.98,Unhealthy
889,2026-01-09 10:03:09.515,0.02,99.98,Unhealthy
890,2026-01-09 10:03:09.536,0.04,99.96,Unhealthy
891,2026-01-09 10:03:09.578,0.01,99.99,Unhealthy
892,2026-01-09 10:03:09.629,0.01,99.99,Unhealthy
893,2026-01-09 10:03:09.649,0.21,99.79,Unhealthy
894,2026-01-09 10:03:09.716,1.12,98.88,Unhealthy
895,2026-01-09 10:03:09.752,2.04,97.96,Unhealthy
896,2026-01-09 10:03:09.773,2.82,97.18,Unhealthy
897,2026-01-09 10:03:09.865,3.42,96.58,Unhealthy
898,2026-01-09 10:03:09.897,3.95,96.05,Unhealthy
899,2026-01-09 10:03:09.919,3.83,96.17,Unhealthy
900,2026-01-09 10:03:09.968,3.97,96.03,Unhealthy
901,2026-01-09 10:03:09.990,4.01,95.99,Unhealthy
902,2026-01-09 10:03:10.067,4.06,95.94,Unhealthy
903,2026-01-09 10:03:10.102,3.62,96.38,Unhealthy
904,2026-01-09 10:03:10.129,4.54,95.46,Unhealthy
905,2026-01-09 10:03:10.150,3.82,96.18,Unhealthy
906,2026-01-09 10:03:10.264,0.52,99.48,Unhealthy
907,2026-01-09 10:03:10.284,0.29,99.71,Unhealthy
908,2026-01-09 10:03:10.305,6.20,93.80,Unhealthy
909,2026-01-09 10:03:10.377,2.98,97.02,Unhealthy
910,2026-01-09 10:03:10.399,0.04,99.96,Unhealthy
911,2026-01-09 10:03:10.419,0.00,100.00,Unhealthy
912,2026-01-09 10:03:10.451,0.01,99.99,Unhealthy
913,2026-01-09 10:03:10.527,1.07,98.93,Unhealthy
914,2026-01-09 10:03:10.548,1.23,98.77,Unhealthy
915,2026-01-09 10:03:10.570,1.15,98.85,Unhealthy
916,2026-01-09 10:03:10.648,0.99,99.01,Unhealthy
917,2026-01-09 10:03:10.670,0.84,99.16,Unhealthy
918,2026-01-09 10:03:10.695,0.78,99.22,Unhealthy
919,2026-01-09 10:03:10.760,0.73,99.27,Unhealthy
920,2026-01-09 10:03:10.811,0.74,99.26,Unhealthy
921,2026-01-09 10:03:10.844,0.67,99.33,Unhealthy
922,2026-01-09 10:03:10.864,0.62,99.38,Unhealthy
923,2026-01-09 10:03:10.924,0.59,99.41,Unhealthy
924,2026-01-09 10:03:10.943,0.57,99.43,Unhealthy
925,2026-01-09 10:03:11.030,0.49,99.51,Unhealthy
926,2026-01-09 10:03:11.055,0.41,99.59,Unhealthy
927,2026-01-09 10:03:11.075,0.38,99.62,Unhealthy
928,2026-01-09 10:03:11.124,0.35,99.65,Unhealthy
929,2026-01-09 10:03:11.175,0.30,99.70,Unhealthy
930,2026-01-09 10:03:11.209,0.17,99.83,Unhealthy
931,2026-01-09 10:03:11.234,0.13,99.87,Unhealthy
932,2026-01-09 10:03:11.266,0.07,99.93,Unhealthy
933,2026-01-09 10:03:11.359,0.04,99.96,Unhealthy
934,2026-01-09 10:03:11.399,0.02,99.98,Unhealthy
935,2026-01-09 10:03:11.417,0.03,99.97,Unhealthy
936,2026-01-09 10:03:11.436,0.02,99.98,Unhealthy
937,2026-01-09 10:03:11.537,0.02,99.98,Unhealthy
938,2026-01-09 10:03:11.570,0.12,99.88,Unhealthy
939,2026-01-09 10:03:11.596,0.40,99.60,Unhealthy
940,2026-01-09 10:03:11.616,0.73,99.27,Unhealthy
941,2026-01-09 10:03:11.677,1.11,98.89,Unhealthy
942,2026-01-09 10:03:11.697,1.62,98.38,Unhealthy
943,2026-01-09 10:03:11.762,2.14,97.86,Unhealthy
944,2026-01-09 10:03:11.800,2.57,97.43,Unhealthy
945,2026-01-09 10:03:11.849,2.78,97.22,Unhealthy
946,2026-01-09 10:03:11.869,2.84,97.16,Unhealthy
947,2026-01-09 10:03:11.890,2.93,97.07,Unhealthy
948,2026-01-09 10:03:11.982,3.00,97.00,Unhealthy
949,2026-01-09 10:03:12.045,2.95,97.05,Unhealthy
950,2026-01-09 10:03:12.072,2.85,97.15,Unhealthy
951,2026-01-09 10:03:12.101,2.79,97.21,Unhealthy
952,2026-01-09 10:03:12.127,2.68,97.32,Unhealthy
953,2026-01-09 10:03:12.149,2.57,97.43,Unhealthy
954,2026-01-09 10:03:12.239,3.20,96.80,Unhealthy
955,2026-01-09 10:03:12.276,4.79,95.21,Unhealthy
956,2026-01-09 10:03:12.298,5.79,94.21,Unhealthy
957,2026-01-09 10:03:12.329,5.79,94.21,Unhealthy
958,2026-01-09 10:03:12.395,5.67,94.33,Unhealthy
959,2026-01-09 10:03:12.417,5.81,94.19,Unhealthy
960,2026-01-09 10:03:12.452,6.11,93.89,Unhealthy
961,2026-01-09 10:03:12.483,5.98,94.02,Unhealthy
962,2026-01-09 10:03:12.577,4.94,95.06,Unhealthy
963,2026-01-09 10:03:12.611,4.09,95.91,Unhealthy
964,2026-01-09 10:03:12.656,4.01,95.99,Unhealthy
965,2026-01-09 10:03:12.686,4.27,95.73,Unhealthy
966,2026-01-09 10:03:12.709,4.53,95.47,Unhealthy
967,2026-01-09 10:03:12.735,4.91,95.09,Unhealthy
968,2026-01-09 10:03:12.815,5.30,94.70,Unhealthy
969,2026-01-09 10:03:12.855,5.36,94.64,Unhealthy
970,2026-01-09 10:03:12.876,4.89,95.11,Unhealthy
971,2026-01-09 10:03:12.907,4.61,95.39,Unhealthy
972,2026-01-09 10:03:12.997,4.71,95.29,Unhealthy
973,2026-01-09 10:03:13.026,4.35,95.65,Unhealthy
974,2026-01-09 10:03:13.059,4.41,95.59,Unhealthy
975,2026-01-09 10:03:13.083,4.73,95.27,Unhealthy
976,2026-01-09 10:03:13.111,4.74,95.26,Unhealthy
977,2026-01-09 10:03:13.195,4.99,95.01,Unhealthy
978,2026-01-09 10:03:13.309,5.43,94.57,Unhealthy
979,2026-01-09 10:03:13.348,5.82,94.18,Unhealthy
980,2026-01-09 10:03:13.370,6.43,93.57,Unhealthy
981,2026-01-09 10:03:13.406,7.01,92.99,Unhealthy
982,2026-01-09 10:03:13.431,7.09,92.91,Unhealthy
983,2026-01-09 10:03:13.452,7.26,92.74,Unhealthy
984,2026-01-09 10:03:13.483,7.38,92.62,Unhealthy
985,2026-01-09 10:03:13.504,7.73,92.27,Unhealthy
986,2026-01-09 10:03:13.538,8.13,91.87,Unhealthy
987,2026-01-09 10:03:13.609,8.30,91.70,Unhealthy
988,2026-01-09 10:03:13.663,8.25,91.75,Unhealthy
989,2026-01-09 10:03:13.690,8.70,91.30,Unhealthy
990,2026-01-09 10:03:13.783,8.86,91.14,Unhealthy
991,2026-01-09 10:03:13.808,9.48,90.52,Unhealthy
992,2026-01-09 10:03:13.830,10.32,89.68,Unhealthy
993,2026-01-09 10:03:13.864,10.55,89.45,Unhealthy
994,2026-01-09 10:03:13.892,11.89,88.11,Unhealthy
995,2026-01-09 10:03:13.918,12.77,87.23,Unhealthy
996,2026-01-09 10:03:13.960,13.72,86.28,Unhealthy
997,2026-01-09 10:03:13.989,14.16,85.84,Unhealthy
998,2026-01-09 10:03:14.087,14.38,85.62,Unhealthy
999,2026-01-09 10:03:14.107,14.70,85.30,Unhealthy
1000,2026-01-09 10:03:14.129,14.61,85.39,Unhealthy
1001,2026-01-09 10:03:14.157,14.71,85.29,Unhealthy
1002,2026-01-09 10:03:14.207,15.29,84.71,Unhealthy
1003,2026-01-09 10:03:14.309,15.73,84.27,Unhealthy
1004,2026-01-09 10:03:14.394,16.41,83.59,Unhealthy
1005,2026-01-09 10:03:14.413,16.32,83.68,Unhealthy
1006,2026-01-09 10:03:14.435,15.90,84.10,Unhealthy
1007,2026-01-09 10:03:14.459,15.59,84.41,Unhealthy
1008,2026-01-09 10:03:14.480,15.32,84.68,Unhealthy
1009,2026-01-09 10:03:14.525,14.96,85.04,Unhealthy
1010,2026-01-09 10:03:14.563,14.89,85.11,Unhealthy
1011,2026-01-09 10:03:14.586,16.05,83.95,Unhealthy
1012,2026-01-09 10:03:14.614,16.12,83.88,Unhealthy
1013,2026-01-09 10:03:14.664,15.18,84.82,Unhealthy
1014,2026-01-09 10:03:14.716,14.38,85.62,Unhealthy
1015,2026-01-09 10:03:14.757,13.77,86.23,Unhealthy
1016,2026-01-09 10:03:14.795,13.21,86.79,Unhealthy
1017,2026-01-09 10:03:14.840,12.88,87.12,Unhealthy
1018,2026-01-09 10:03:14.868,12.38,87.62,Unhealthy
1019,2026-01-09 10:03:14.922,11.29,88.71,Unhealthy
1020,2026-01-09 10:03:14.974,10.30,89.70,Unhealthy
1021,2026-01-09 10:03:14.996,9.04,90.96,Unhealthy
1022,2026-01-09 10:03:15.061,7.22,92.78,Unhealthy
1023,2026-01-09 10:03:15.096,6.68,93.32,Unhealthy
1024,2026-01-09 10:03:15.123,6.38,93.62,Unhealthy
1025,2026-01-09 10:03:15.145,6.16,93.84,Unhealthy
1026,2026-01-09 10:03:15.252,5.89,94.11,Unhealthy
1027,2026-01-09 10:03:15.291,5.69,94.31,Unhealthy
1028,2026-01-09 10:03:15.547,5.57,94.43,Unhealthy
1029,2026-01-09 10:03:15.567,3.43,96.57,Unhealthy
1030,2026-01-09 10:03:15.589,4.38,95.62,Unhealthy
1031,2026-01-09 10:03:15.675,5.56,94.44,Unhealthy
1032,2026-01-09 10:03:15.695,5.73,94.27,Unhealthy
1033,2026-01-09 10:03:15.716,5.70,94.30,Unhealthy
1034,2026-01-09 10:03:15.973,5.72,94.28,Unhealthy
1035,2026-01-09 10:03:15.993,5.73,94.27,Unhealthy
1036,2026-01-09 10:03:16.012,5.74,94.26,Unhealthy
1037,2026-01-09 10:03:16.030,5.76,94.24,Unhealthy
1038,2026-01-09 10:03:16.224,5.77,94.23,Unhealthy
1039,2026-01-09 10:03:16.243,5.63,94.37,Unhealthy
1040,2026-01-09 10:03:16.310,4.97,95.03,Unhealthy
1041,2026-01-09 10:03:16.330,3.67,96.33,Unhealthy
1042,2026-01-09 10:03:16.353,3.43,96.57,Unhealthy
1043,2026-01-09 10:03:16.373,4.39,95.61,Unhealthy
1044,2026-01-09 10:03:16.394,5.66,94.34,Unhealthy
1045,2026-01-09 10:03:16.617,5.82,94.18,Unhealthy
1046,2026-01-09 10:03:16.640,6.62,93.38,Unhealthy
1047,2026-01-09 10:03:16.660,7.03,92.97,Unhealthy
1048,2026-01-09 10:03:16.842,7.41,92.59,Unhealthy
1049,2026-01-09 10:03:16.940,7.93,92.07,Unhealthy
1050,2026-01-09 10:03:17.240,7.87,92.13,Unhealthy
1051,2026-01-09 10:03:17.530,8.04,91.96,Unhealthy
1052,2026-01-09 10:03:17.553,8.13,91.87,Unhealthy
1053,2026-01-09 10:03:17.574,8.29,91.71,Unhealthy
1054,2026-01-09 10:03:17.725,8.30,91.70,Unhealthy
1055,2026-01-09 10:03:17.743,7.39,92.61,Unhealthy
1056,2026-01-09 10:03:17.871,6.59,93.41,Unhealthy
1057,2026-01-09 10:03:18.015,5.74,94.26,Unhealthy
1058,2026-01-09 10:03:18.177,5.26,94.74,Unhealthy
1059,2026-01-09 10:03:18.472,5.26,94.74,Unhealthy
1060,2026-01-09 10:03:18.795,5.17,94.83,Unhealthy
1061,2026-01-09 10:03:19.327,5.02,94.98,Unhealthy
1062,2026-01-09 10:03:19.381,4.96,95.04,Unhealthy
1063,2026-01-09 10:03:19.423,4.92,95.08,Unhealthy
1064,2026-01-09 10:03:19.481,4.82,95.18,Unhealthy
1065,2026-01-09 10:03:19.502,4.73,95.27,Unhealthy
1066,2026-01-09 10:03:19.526,4.67,95.33,Unhealthy
1067,2026-01-09 10:03:19.555,4.64,95.36,Unhealthy
1068,2026-01-09 10:03:19.574,4.61,95.39,Unhealthy
1069,2026-01-09 10:03:19.593,4.59,95.41,Unhealthy
1070,2026-01-09 10:03:19.613,4.59,95.41,Unhealthy
1071,2026-01-09 10:03:19.636,4.60,95.40,Unhealthy
1072,2026-01-09 10:03:19.656,4.56,95.44,Unhealthy
1073,2026-01-09 10:03:19.675,4.62,95.38,Unhealthy
1074,2026-01-09 10:03:19.695,4.63,95.37,Unhealthy
1075,2026-01-09 10:03:19.714,4.67,95.33,Unhealthy
1076,2026-01-09 10:03:19.735,4.66,95.34,Unhealthy
1077,2026-01-09 10:03:19.756,4.72,95.28,Unhealthy
1078,2026-01-09 10:03:19.775,4.72,95.28,Unhealthy
1079,2026-01-09 10:03:19.793,4.67,95.33,Unhealthy
1080,2026-01-09 10:03:19.817,4.66,95.34,Unhealthy
1081,2026-01-09 10:03:19.836,4.64,95.36,Unhealthy
1082,2026-01-09 10:03:19.855,4.61,95.39,Unhealthy
1083,2026-01-09 10:03:19.874,4.60,95.40,Unhealthy
1084,2026-01-09 10:03:19.892,4.55,95.45,Unhealthy
1085,2026-01-09 10:03:19.910,4.60,95.40,Unhealthy
1086,2026-01-09 10:03:19.931,4.58,95.42,Unhealthy
1087,2026-01-09 10:03:19.950,4.57,95.43,Unhealthy
1088,2026-01-09 10:03:19.969,4.57,95.43,Unhealthy
1089,2026-01-09 10:03:19.987,4.61,95.39,Unhealthy
1090,2026-01-09 10:03:20.007,4.56,95.44,Unhealthy
1091,2026-01-09 10:03:20.026,4.43,95.57,Unhealthy
1092,2026-01-09 10:03:20.046,4.38,95.62,Unhealthy
1093,2026-01-09 10:03:20.065,4.37,95.63,Unhealthy
1094,2026-01-09 10:03:20.083,4.29,95.71,Unhealthy
1095,2026-01-09 10:03:20.102,4.28,95.72,Unhealthy
1096,2026-01-09 10:03:20.120,4.29,95.71,Unhealthy
1097,2026-01-09 10:03:20.139,4.24,95.76,Unhealthy
1098,2026-01-09 10:03:20.158,4.24,95.76,Unhealthy
1099,2026-01-09 10:03:20.176,4.26,95.74,Unhealthy
1100,2026-01-09 10:03:20.195,4.25,95.75,Unhealthy
1101,2026-01-09 10:03:20.214,4.24,95.76,Unhealthy
1102,2026-01-09 10:03:20.235,4.23,95.77,Unhealthy
1103,2026-01-09 10:03:20.256,4.27,95.73,Unhealthy
1104,2026-01-09 10:03:20.276,4.25,95.75,Unhealthy
1105,2026-01-09 10:03:20.297,4.26,95.74,Unhealthy
1106,2026-01-09 10:03:20.318,4.20,95.80,Unhealthy
1107,2026-01-09 10:03:20.339,4.16,95.84,Unhealthy
1108,2026-01-09 10:03:20.358,4.18,95.82,Unhealthy
1109,2026-01-09 10:03:20.377,4.25,95.75,Unhealthy
1110,2026-01-09 10:03:20.403,4.24,95.76,Unhealthy
1111,2026-01-09 10:03:20.424,4.24,95.76,Unhealthy
1112,2026-01-09 10:03:20.446,3.36,96.64,Unhealthy
1113,2026-01-09 10:03:20.469,3.58,96.42,Unhealthy
1114,2026-01-09 10:03:20.492,3.04,96.96,Unhealthy
1115,2026-01-09 10:03:20.513,0.08,99.92,Unhealthy
1116,2026-01-09 10:03:20.535,3.63,96.37,Unhealthy
1117,2026-01-09 10:03:20.557,4.41,95.59,Unhealthy
1118,2026-01-09 10:03:20.578,4.43,95.57,Unhealthy
1119,2026-01-09 10:03:20.602,4.19,95.81,Unhealthy
1120,2026-01-09 10:03:20.623,4.30,95.70,Unhealthy
1121,2026-01-09 10:03:20.644,4.45,95.55,Unhealthy
1122,2026-01-09 10:03:20.664,5.33,94.67,Unhealthy
1123,2026-01-09 10:03:20.684,0.76,99.24,Unhealthy
1124,2026-01-09 10:03:20.703,0.00,100.00,Unhealthy
1125,2026-01-09 10:03:20.721,0.00,100.00,Unhealthy
1126,2026-01-09 10:03:20.740,0.00,100.00,Unhealthy
1127,2026-01-09 10:03:20.759,0.01,99.99,Unhealthy
1128,2026-01-09 10:03:20.780,0.06,99.94,Unhealthy
1129,2026-01-09 10:03:20.801,0.00,100.00,Unhealthy
1130,2026-01-09 10:03:20.823,0.04,99.96,Unhealthy
1131,2026-01-09 10:03:20.842,0.01,99.99,Unhealthy
1132,2026-01-09 10:03:20.862,0.03,99.97,Unhealthy
1133,2026-01-09 10:03:20.885,0.07,99.93,Unhealthy
1134,2026-01-09 10:03:20.905,0.00,100.00,Unhealthy
1135,2026-01-09 10:03:20.924,0.00,100.00,Unhealthy
1136,2026-01-09 10:03:20.944,0.00,100.00,Unhealthy
1137,2026-01-09 10:03:20.962,0.00,100.00,Unhealthy
1138,2026-01-09 10:03:20.985,0.00,100.00,Unhealthy
1139,2026-01-09 10:03:21.006,0.01,99.99,Unhealthy
1140,2026-01-09 10:03:21.026,0.01,99.99,Unhealthy
1141,2026-01-09 10:03:21.047,0.05,99.95,Unhealthy
1142,2026-01-09 10:03:21.068,0.03,99.97,Unhealthy
1143,2026-01-09 10:03:21.090,0.02,99.98,Unhealthy
1144,2026-01-09 10:03:21.108,0.03,99.97,Unhealthy
1145,2026-01-09 10:03:21.130,0.02,99.98,Unhealthy
1146,2026-01-09 10:03:21.150,0.02,99.98,Unhealthy
1147,2026-01-09 10:03:21.170,0.02,99.98,Unhealthy
1148,2026-01-09 10:03:21.189,0.03,99.97,Unhealthy
1149,2026-01-09 10:03:21.208,0.01,99.99,Unhealthy
1150,2026-01-09 10:03:21.228,0.01,99.99,Unhealthy
1151,2026-01-09 10:03:21.251,0.01,99.99,Unhealthy
1152,2026-01-09 10:03:21.270,0.00,100.00,Unhealthy
1153,2026-01-09 10:03:21.291,0.01,99.99,Unhealthy
1154,2026-01-09 10:03:21.308,0.01,99.99,Unhealthy
1155,2026-01-09 10:03:21.330,0.00,100.00,Unhealthy
1156,2026-01-09 10:03:21.350,0.01,99.99,Unhealthy
1157,2026-01-09 10:03:21.372,0.03,99.97,Unhealthy
1158,2026-01-09 10:03:21.392,0.01,99.99,Unhealthy
1159,2026-01-09 10:03:21.414,0.01,99.99,Unhealthy
1160,2026-01-09 10:03:21.435,0.00,100.00,Unhealthy
1161,2026-01-09 10:03:21.455,0.01,99.99,Unhealthy
1162,2026-01-09 10:03:21.475,0.03,99.97,Unhealthy
1163,2026-01-09 10:03:21.495,0.03,99.97,Unhealthy
1164,2026-01-09 10:03:21.516,0.04,99.96,Unhealthy
1165,2026-01-09 10:03:21.539,0.02,99.98,Unhealthy
1166,2026-01-09 10:03:21.559,0.00,100.00,Unhealthy
1167,2026-01-09 10:03:21.583,0.01,99.99,Unhealthy
1168,2026-01-09 10:03:21.604,0.01,99.99,Unhealthy
1169,2026-01-09 10:03:21.625,0.04,99.96,Unhealthy
1170,2026-01-09 10:03:21.645,0.03,99.97,Unhealthy
1171,2026-01-09 10:03:21.668,0.03,99.97,Unhealthy
1172,2026-01-09 10:03:21.689,0.04,99.96,Unhealthy
1173,2026-01-09 10:03:21.708,0.00,100.00,Unhealthy
1174,2026-01-09 10:03:21.727,0.03,99.97,Unhealthy
1175,2026-01-09 10:03:21.751,0.03,99.97,Unhealthy
1176,2026-01-09 10:03:21.771,0.04,99.96,Unhealthy
1177,2026-01-09 10:03:21.792,0.04,99.96,Unhealthy
1178,2026-01-09 10:03:21.811,0.05,99.95,Unhealthy
1179,2026-01-09 10:03:21.834,0.05,99.95,Unhealthy
1180,2026-01-09 10:03:21.854,0.05,99.95,Unhealthy
1181,2026-01-09 10:03:21.875,0.04,99.96,Unhealthy
1182,2026-01-09 10:03:21.895,0.05,99.95,Unhealthy
1183,2026-01-09 10:03:21.919,0.05,99.95,Unhealthy
1184,2026-01-09 10:03:21.939,0.05,99.95,Unhealthy
1185,2026-01-09 10:03:21.959,0.05,99.95,Unhealthy
1186,2026-01-09 10:03:21.978,0.05,99.95,Unhealthy
1187,2026-01-09 10:03:22.000,0.05,99.95,Unhealthy
1188,2026-01-09 10:03:22.021,0.05,99.95,Unhealthy
1189,2026-01-09 10:03:22.041,0.05,99.95,Unhealthy
1190,2026-01-09 10:03:22.060,0.04,99.96,Unhealthy
1191,2026-01-09 10:03:22.088,0.05,99.95,Unhealthy
1192,2026-01-09 10:03:22.112,0.05,99.95,Unhealthy
1193,2026-01-09 10:03:22.161,0.05,99.95,Unhealthy
1194,2026-01-09 10:03:22.207,0.07,99.93,Unhealthy
1195,2026-01-09 10:03:22.241,0.05,99.95,Unhealthy
1196,2026-01-09 10:03:22.295,0.05,99.95,Unhealthy
1197,2026-01-09 10:03:22.317,0.05,99.95,Unhealthy
1198,2026-01-09 10:03:22.378,0.04,99.96,Unhealthy
1199,2026-01-09 10:03:22.406,0.05,99.95,Unhealthy
1200,2026-01-09 10:03:22.470,0.05,99.95,Unhealthy
1201,2026-01-09 10:03:22.491,0.06,99.94,Unhealthy
1202,2026-01-09 10:03:22.546,0.06,99.94,Unhealthy
1203,2026-01-09 10:03:22.566,0.05,99.95,Unhealthy
1204,2026-01-09 10:03:22.644,0.04,99.96,Unhealthy
1205,2026-01-09 10:03:22.688,0.00,100.00,Unhealthy
1206,2026-01-09 10:03:22.715,0.00,100.00,Unhealthy
1207,2026-01-09 10:03:22.735,0.00,100.00,Unhealthy
1208,2026-01-09 10:03:22.778,0.00,100.00,Unhealthy
1209,2026-01-09 10:03:22.805,0.00,100.00,Unhealthy
1210,2026-01-09 10:03:22.903,0.00,100.00,Unhealthy
1211,2026-01-09 10:03:22.924,0.00,100.00,Unhealthy
1212,2026-01-09 10:03:22.943,0.01,99.99,Unhealthy
1213,2026-01-09 10:03:23.011,0.02,99.98,Unhealthy
1214,2026-01-09 10:03:23.032,0.01,99.99,Unhealthy
1215,2026-01-09 10:03:23.077,0.01,99.99,Unhealthy
1216,2026-01-09 10:03:23.117,0.02,99.98,Unhealthy
1217,2026-01-09 10:03:23.167,0.01,99.99,Unhealthy
1218,2026-01-09 10:03:23.208,0.01,99.99,Unhealthy
1219,2026-01-09 10:03:23.234,0.02,99.98,Unhealthy
1220,2026-01-09 10:03:23.294,0.01,99.99,Unhealthy
1221,2026-01-09 10:03:23.317,0.02,99.98,Unhealthy
1222,2026-01-09 10:03:23.379,0.02,99.98,Unhealthy
1223,2026-01-09 10:03:23.399,0.03,99.97,Unhealthy
1224,2026-01-09 10:03:23.471,0.03,99.97,Unhealthy
1225,2026-01-09 10:03:23.491,0.02,99.98,Unhealthy
1226,2026-01-09 10:03:23.524,0.04,99.96,Unhealthy
1227,2026-01-09 10:03:23.571,0.04,99.96,Unhealthy
1228,2026-01-09 10:03:23.641,0.04,99.96,Unhealthy
1229,2026-01-09 10:03:23.665,0.02,99.98,Unhealthy
1230,2026-01-09 10:03:23.717,0.05,99.95,Unhealthy
1231,2026-01-09 10:03:23.739,0.04,99.96,Unhealthy
1232,2026-01-09 10:03:23.802,0.03,99.97,Unhealthy
1233,2026-01-09 10:03:23.822,0.02,99.98,Unhealthy
1234,2026-01-09 10:03:23.862,0.02,99.98,Unhealthy
1235,2026-01-09 10:03:23.910,0.02,99.98,Unhealthy
1236,2026-01-09 10:03:23.932,0.01,99.99,Unhealthy
1237,2026-01-09 10:03:24.017,0.00,100.00,Unhealthy
1238,2026-01-09 10:03:24.049,0.92,99.08,Unhealthy
1239,2026-01-09 10:03:24.074,4.82,95.18,Unhealthy
1240,2026-01-09 10:03:24.123,10.15,89.85,Unhealthy
1241,2026-01-09 10:03:24.175,10.15,89.85,Unhealthy
1242,2026-01-09 10:03:24.233,9.54,90.46,Unhealthy
1243,2026-01-09 10:03:24.310,9.10,90.90,Unhealthy
1244,2026-01-09 10:03:24.382,8.65,91.35,Unhealthy
1245,2026-01-09 10:03:24.407,8.99,91.01,Unhealthy
1246,2026-01-09 10:03:24.429,9.97,90.03,Unhealthy
1247,2026-01-09 10:03:24.450,8.90,91.10,Unhealthy
1248,2026-01-09 10:03:24.472,8.09,91.91,Unhealthy
1249,2026-01-09 10:03:24.509,7.82,92.18,Unhealthy
1250,2026-01-09 10:03:24.542,7.64,92.36,Unhealthy
1251,2026-01-09 10:03:24.583,7.28,92.72,Unhealthy
1252,2026-01-09 10:03:24.623,7.27,92.73,Unhealthy
1253,2026-01-09 10:03:24.687,7.53,92.47,Unhealthy
1254,2026-01-09 10:03:24.720,7.71,92.29,Unhealthy
1255,2026-01-09 10:03:24.743,7.71,92.29,Unhealthy
1256,2026-01-09 10:03:24.790,7.52,92.48,Unhealthy
1257,2026-01-09 10:03:24.838,7.45,92.55,Unhealthy
1258,2026-01-09 10:03:24.874,7.77,92.23,Unhealthy
1259,2026-01-09 10:03:25.029,7.47,92.53,Unhealthy
1260,2026-01-09 10:03:25.051,7.57,92.43,Unhealthy
1261,2026-01-09 10:03:25.099,7.35,92.65,Unhealthy
1262,2026-01-09 10:03:25.121,7.23,92.77,Unhealthy
1263,2026-01-09 10:03:25.140,7.96,92.04,Unhealthy
1264,2026-01-09 10:03:25.163,8.62,91.38,Unhealthy
1265,2026-01-09 10:03:25.183,9.46,90.54,Unhealthy
1266,2026-01-09 10:03:25.203,8.82,91.18,Unhealthy
1267,2026-01-09 10:03:25.241,8.17,91.83,Unhealthy
1268,2026-01-09 10:03:25.288,7.76,92.24,Unhealthy
1269,2026-01-09 10:03:25.325,7.80,92.20,Unhealthy
1270,2026-01-09 10:03:25.387,7.22,92.78,Unhealthy
1271,2026-01-09 10:03:25.417,6.97,93.03,Unhealthy
1272,2026-01-09 10:03:25.439,6.66,93.34,Unhealthy
1273,2026-01-09 10:03:25.506,6.58,93.42,Unhealthy
1274,2026-01-09 10:03:25.540,6.62,93.38,Unhealthy
1275,2026-01-09 10:03:25.585,6.33,93.67,Unhealthy
1276,2026-01-09 10:03:25.623,6.28,93.72,Unhealthy
1277,2026-01-09 10:03:25.663,6.82,93.18,Unhealthy
1278,2026-01-09 10:03:25.708,6.95,93.05,Unhealthy
1279,2026-01-09 10:03:25.756,6.73,93.27,Unhealthy
1280,2026-01-09 10:03:25.781,7.06,92.94,Unhealthy
1281,2026-01-09 10:03:25.832,7.75,92.25,Unhealthy
1282,2026-01-09 10:03:25.873,8.06,91.94,Unhealthy
1283,2026-01-09 10:03:25.912,8.25,91.75,Unhealthy
1284,2026-01-09 10:03:25.939,9.17,90.83,Unhealthy
1285,2026-01-09 10:03:25.981,10.27,89.73,Unhealthy
1286,2026-01-09 10:03:26.080,10.16,89.84,Unhealthy
1287,2026-01-09 10:03:26.109,9.02,90.98,Unhealthy
1288,2026-01-09 10:03:26.159,7.69,92.31,Unhealthy
1289,2026-01-09 10:03:26.197,7.57,92.43,Unhealthy
1290,2026-01-09 10:03:26.263,7.68,92.32,Unhealthy
1291,2026-01-09 10:03:26.285,7.51,92.49,Unhealthy
1292,2026-01-09 10:03:26.304,7.10,92.90,Unhealthy
1293,2026-01-09 10:03:26.325,6.61,93.39,Unhealthy
1294,2026-01-09 10:03:26.390,6.20,93.80,Unhealthy
1295,2026-01-09 10:03:26.436,5.84,94.16,Unhealthy
1296,2026-01-09 10:03:26.485,5.46,94.54,Unhealthy
1297,2026-01-09 10:03:26.535,5.31,94.69,Unhealthy
1298,2026-01-09 10:03:26.556,4.97,95.03,Unhealthy
1299,2026-01-09 10:03:26.592,4.68,95.32,Unhealthy
1300,2026-01-09 10:03:26.612,4.49,95.51,Unhealthy
1301,2026-01-09 10:03:26.700,4.10,95.90,Unhealthy
1302,2026-01-09 10:03:26.743,3.84,96.16,Unhealthy
1303,2026-01-09 10:03:26.765,3.70,96.30,Unhealthy
1304,2026-01-09 10:03:26.786,4.38,95.62,Unhealthy
1305,2026-01-09 10:03:26.851,2.69,97.31,Unhealthy
1306,2026-01-09 10:03:26.875,0.54,99.46,Unhealthy
1307,2026-01-09 10:03:26.897,0.09,99.91,Unhealthy
1308,2026-01-09 10:03:26.983,0.05,99.95,Unhealthy
1309,2026-01-09 10:03:27.005,0.07,99.93,Unhealthy
1310,2026-01-09 10:03:27.031,0.07,99.93,Unhealthy
1311,2026-01-09 10:03:27.077,0.06,99.94,Unhealthy
1312,2026-01-09 10:03:27.104,0.05,99.95,Unhealthy
1313,2026-01-09 10:03:27.186,0.03,99.97,Unhealthy
1314,2026-01-09 10:03:27.206,0.04,99.96,Unhealthy
1315,2026-01-09 10:03:27.229,0.03,99.97,Unhealthy
1316,2026-01-09 10:03:27.308,0.01,99.99,Unhealthy
1317,2026-01-09 10:03:27.326,0.01,99.99,Unhealthy
1318,2026-01-09 10:03:27.366,0.00,100.00,Unhealthy
1319,2026-01-09 10:03:27.407,0.00,100.00,Unhealthy
1320,2026-01-09 10:03:27.451,0.01,99.99,Unhealthy
1321,2026-01-09 10:03:27.480,0.00,100.00,Unhealthy
1322,2026-01-09 10:03:27.575,0.00,100.00,Unhealthy
1323,2026-01-09 10:03:27.621,0.00,100.00,Unhealthy
1324,2026-01-09 10:03:27.643,0.01,99.99,Unhealthy
1325,2026-01-09 10:03:27.679,0.04,99.96,Unhealthy
1326,2026-01-09 10:03:27.698,0.06,99.94,Unhealthy
1327,2026-01-09 10:03:27.733,0.05,99.95,Unhealthy
1328,2026-01-09 10:03:27.778,0.03,99.97,Unhealthy
1329,2026-01-09 10:03:27.836,0.02,99.98,Unhealthy
1330,2026-01-09 10:03:27.860,0.01,99.99,Unhealthy
1331,2026-01-09 10:03:27.896,0.03,99.97,Unhealthy
1332,2026-01-09 10:03:27.979,0.03,99.97,Unhealthy
1333,2026-01-09 10:03:28.028,0.04,99.96,Unhealthy
1334,2026-01-09 10:03:28.047,0.04,99.96,Unhealthy
1335,2026-01-09 10:03:28.066,0.02,99.98,Unhealthy
1336,2026-01-09 10:03:28.102,0.03,99.97,Unhealthy
1337,2026-01-09 10:03:28.192,0.02,99.98,Unhealthy
1338,2026-01-09 10:03:28.211,0.03,99.97,Unhealthy
1339,2026-01-09 10:03:28.231,0.04,99.96,Unhealthy
1340,2026-01-09 10:03:28.301,0.03,99.97,Unhealthy
1341,2026-01-09 10:03:28.318,0.02,99.98,Unhealthy
1342,2026-01-09 10:03:28.397,0.04,99.96,Unhealthy
1343,2026-01-09 10:03:28.441,0.03,99.97,Unhealthy
1344,2026-01-09 10:03:28.519,0.02,99.98,Unhealthy
1345,2026-01-09 10:03:28.552,0.03,99.97,Unhealthy
1346,2026-01-09 10:03:28.602,0.01,99.99,Unhealthy
1347,2026-01-09 10:03:28.623,0.08,99.92,Unhealthy
1348,2026-01-09 10:03:28.640,0.08,99.92,Unhealthy
1349,2026-01-09 10:03:28.723,0.09,99.91,Unhealthy
1350,2026-01-09 10:03:28.765,0.19,99.81,Unhealthy
1351,2026-01-09 10:03:28.811,0.21,99.79,Unhealthy
1352,2026-01-09 10:03:28.837,0.27,99.73,Unhealthy
1353,2026-01-09 10:03:28.864,0.31,99.69,Unhealthy
1354,2026-01-09 10:03:28.884,0.34,99.66,Unhealthy
1355,2026-01-09 10:03:28.931,0.39,99.61,Unhealthy
1356,2026-01-09 10:03:28.968,0.40,99.60,Unhealthy
1357,2026-01-09 10:03:29.003,0.44,99.56,Unhealthy
1358,2026-01-09 10:03:29.036,0.46,99.54,Unhealthy
1359,2026-01-09 10:03:29.066,0.44,99.56,Unhealthy
1360,2026-01-09 10:03:29.142,0.45,99.55,Unhealthy
1361,2026-01-09 10:03:29.161,0.48,99.52,Unhealthy
1362,2026-01-09 10:03:29.201,0.50,99.50,Unhealthy
1363,2026-01-09 10:03:29.231,0.49,99.51,Unhealthy
1364,2026-01-09 10:03:29.281,0.56,99.44,Unhealthy
1365,2026-01-09 10:03:29.317,0.64,99.36,Unhealthy
1366,2026-01-09 10:03:29.384,0.69,99.31,Unhealthy
1367,2026-01-09 10:03:29.441,0.71,99.29,Unhealthy
1368,2026-01-09 10:03:29.510,0.67,99.33,Unhealthy
1369,2026-01-09 10:03:29.572,0.46,99.54,Unhealthy
1370,2026-01-09 10:03:29.592,0.23,99.77,Unhealthy
1371,2026-01-09 10:03:29.615,0.07,99.93,Unhealthy
1372,2026-01-09 10:03:29.649,0.04,99.96,Unhealthy
1373,2026-01-09 10:03:29.717,0.05,99.95,Unhealthy
1374,2026-01-09 10:03:29.740,0.05,99.95,Unhealthy
1375,2026-01-09 10:03:29.803,0.04,99.96,Unhealthy
1376,2026-01-09 10:03:29.860,0.05,99.95,Unhealthy
1377,2026-01-09 10:03:29.901,0.05,99.95,Unhealthy
1378,2026-01-09 10:03:29.950,0.04,99.96,Unhealthy
1379,2026-01-09 10:03:29.980,0.04,99.96,Unhealthy
1380,2026-01-09 10:03:30.019,0.03,99.97,Unhealthy
1381,2026-01-09 10:03:30.040,0.04,99.96,Unhealthy
1382,2026-01-09 10:03:30.063,0.04,99.96,Unhealthy
1383,2026-01-09 10:03:30.107,0.03,99.97,Unhealthy
1384,2026-01-09 10:03:30.165,0.03,99.97,Unhealthy
1385,2026-01-09 10:03:30.210,0.03,99.97,Unhealthy
1386,2026-01-09 10:03:30.258,0.03,99.97,Unhealthy
1387,2026-01-09 10:03:31.114,0.02,99.98,Unhealthy
1388,2026-01-09 10:03:31.132,0.03,99.97,Unhealthy
1389,2026-01-09 10:03:31.365,0.03,99.97,Unhealthy
1390,2026-01-09 10:03:31.383,0.03,99.97,Unhealthy
1391,2026-01-09 10:03:31.402,0.03,99.97,Unhealthy
1392,2026-01-09 10:03:31.420,0.03,99.97,Unhealthy
1393,2026-01-09 10:03:31.441,0.04,99.96,Unhealthy
1394,2026-01-09 10:03:31.461,0.04,99.96,Unhealthy
1395,2026-01-09 10:03:31.480,0.06,99.94,Unhealthy
1396,2026-01-09 10:03:31.626,0.06,99.94,Unhealthy
1397,2026-01-09 10:03:31.646,0.05,99.95,Unhealthy
1398,2026-01-09 10:03:31.664,0.06,99.94,Unhealthy
1399,2026-01-09 10:03:31.683,0.06,99.94,Unhealthy
1400,2026-01-09 10:03:31.705,0.06,99.94,Unhealthy
1401,2026-01-09 10:03:31.774,0.05,99.95,Unhealthy
1402,2026-01-09 10:03:31.795,0.05,99.95,Unhealthy
1403,2026-01-09 10:03:31.818,0.05,99.95,Unhealthy
1404,2026-01-09 10:03:31.843,0.05,99.95,Unhealthy
1405,2026-01-09 10:03:31.865,0.06,99.94,Unhealthy
1406,2026-01-09 10:03:31.885,0.07,99.93,Unhealthy
1407,2026-01-09 10:03:32.252,0.08,99.92,Unhealthy
1408,2026-01-09 10:03:32.274,0.08,99.92,Unhealthy
1409,2026-01-09 10:03:32.295,0.10,99.90,Unhealthy
1410,2026-01-09 10:03:32.315,0.09,99.91,Unhealthy
1411,2026-01-09 10:03:32.543,0.10,99.90,Unhealthy
1412,2026-01-09 10:03:32.564,0.08,99.92,Unhealthy
1413,2026-01-09 10:03:32.582,0.09,99.91,Unhealthy
1414,2026-01-09 10:03:32.601,0.08,99.92,Unhealthy
1415,2026-01-09 10:03:32.620,0.11,99.89,Unhealthy
1416,2026-01-09 10:03:32.716,0.14,99.86,Unhealthy
1417,2026-01-09 10:03:32.734,0.20,99.80,Unhealthy
1418,2026-01-09 10:03:32.754,0.19,99.81,Unhealthy
1419,2026-01-09 10:03:32.862,0.20,99.80,Unhealthy
1420,2026-01-09 10:03:32.880,0.22,99.78,Unhealthy
1421,2026-01-09 10:03:32.898,0.21,99.79,Unhealthy
1422,2026-01-09 10:03:32.917,0.19,99.81,Unhealthy
1423,2026-01-09 10:03:34.092,0.17,99.83,Unhealthy
1424,2026-01-09 10:03:34.110,0.18,99.82,Unhealthy
1425,2026-01-09 10:03:34.264,0.15,99.85,Unhealthy
1426,2026-01-09 10:03:34.288,0.23,99.77,Unhealthy
1427,2026-01-09 10:03:34.336,0.36,99.64,Unhealthy
1428,2026-01-09 10:03:34.361,0.53,99.47,Unhealthy
1429,2026-01-09 10:03:34.384,0.69,99.31,Unhealthy
1430,2026-01-09 10:03:34.410,0.79,99.21,Unhealthy
1431,2026-01-09 10:03:34.430,0.95,99.05,Unhealthy
1432,2026-01-09 10:03:34.449,1.05,98.95,Unhealthy
1433,2026-01-09 10:03:34.470,1.02,98.98,Unhealthy
1434,2026-01-09 10:03:34.489,0.98,99.02,Unhealthy
1435,2026-01-09 10:03:34.509,0.88,99.12,Unhealthy
1436,2026-01-09 10:03:34.528,0.78,99.22,Unhealthy
1437,2026-01-09 10:03:34.547,0.74,99.26,Unhealthy
1438,2026-01-09 10:03:34.570,0.81,99.19,Unhealthy
1439,2026-01-09 10:03:34.591,0.78,99.22,Unhealthy
1440,2026-01-09 10:03:34.613,0.87,99.13,Unhealthy
1441,2026-01-09 10:03:34.640,0.88,99.12,Unhealthy
1442,2026-01-09 10:03:34.664,0.82,99.18,Unhealthy
1443,2026-01-09 10:03:34.691,0.78,99.22,Unhealthy
1444,2026-01-09 10:03:34.714,0.78,99.22,Unhealthy
1445,2026-01-09 10:03:34.742,0.86,99.14,Unhealthy
1446,2026-01-09 10:03:34.765,0.98,99.02,Unhealthy
1447,2026-01-09 10:03:34.794,1.36,98.64,Unhealthy
1448,2026-01-09 10:03:34.827,3.13,96.87,Unhealthy
1449,2026-01-09 10:03:34.853,3.75,96.25,Unhealthy
1450,2026-01-09 10:03:34.883,3.68,96.32,Unhealthy
1451,2026-01-09 10:03:34.908,3.85,96.15,Unhealthy
1452,2026-01-09 10:03:34.936,3.98,96.02,Unhealthy
1453,2026-01-09 10:03:34.969,4.26,95.74,Unhealthy
1454,2026-01-09 10:03:34.990,4.44,95.56,Unhealthy
1455,2026-01-09 10:03:35.010,4.62,95.38,Unhealthy
1456,2026-01-09 10:03:35.029,4.71,95.29,Unhealthy
1457,2026-01-09 10:03:35.053,4.77,95.23,Unhealthy
1458,2026-01-09 10:03:35.073,4.69,95.31,Unhealthy
1459,2026-01-09 10:03:35.096,4.23,95.77,Unhealthy
1460,2026-01-09 10:03:35.116,3.76,96.24,Unhealthy
1461,2026-01-09 10:03:35.138,3.58,96.42,Unhealthy
1462,2026-01-09 10:03:35.159,3.67,96.33,Unhealthy
1463,2026-01-09 10:03:35.179,3.96,96.04,Unhealthy
1464,2026-01-09 10:03:35.198,4.11,95.89,Unhealthy
1465,2026-01-09 10:03:35.219,4.53,95.47,Unhealthy
1466,2026-01-09 10:03:35.240,5.02,94.98,Unhealthy
1467,2026-01-09 10:03:35.261,5.37,94.63,Unhealthy
1468,2026-01-09 10:03:35.281,5.35,94.65,Unhealthy
1469,2026-01-09 10:03:35.305,5.24,94.76,Unhealthy
1470,2026-01-09 10:03:35.326,5.32,94.68,Unhealthy
1471,2026-01-09 10:03:35.346,5.08,94.92,Unhealthy
1472,2026-01-09 10:03:35.367,5.74,94.26,Unhealthy
1473,2026-01-09 10:03:35.387,4.58,95.42,Unhealthy
1474,2026-01-09 10:03:35.407,3.84,96.16,Unhealthy
1475,2026-01-09 10:03:35.428,4.04,95.96,Unhealthy
1476,2026-01-09 10:03:35.447,3.82,96.18,Unhealthy
1477,2026-01-09 10:03:35.466,3.70,96.30,Unhealthy
1478,2026-01-09 10:03:35.489,3.57,96.43,Unhealthy
1479,2026-01-09 10:03:35.510,3.58,96.42,Unhealthy
1480,2026-01-09 10:03:35.530,3.39,96.61,Unhealthy
1481,2026-01-09 10:03:35.555,3.31,96.69,Unhealthy
1482,2026-01-09 10:03:35.574,3.43,96.57,Unhealthy
1483,2026-01-09 10:03:35.595,3.52,96.48,Unhealthy
1484,2026-01-09 10:03:35.613,3.47,96.53,Unhealthy
1485,2026-01-09 10:03:35.634,3.51,96.49,Unhealthy
1486,2026-01-09 10:03:35.656,3.83,96.17,Unhealthy
1487,2026-01-09 10:03:35.680,4.21,95.79,Unhealthy
1488,2026-01-09 10:03:35.703,4.40,95.60,Unhealthy
1489,2026-01-09 10:03:35.727,4.47,95.53,Unhealthy
1490,2026-01-09 10:03:35.747,4.55,95.45,Unhealthy
1491,2026-01-09 10:03:35.769,4.59,95.41,Unhealthy
1492,2026-01-09 10:03:35.790,4.55,95.45,Unhealthy
1493,2026-01-09 10:03:35.814,4.65,95.35,Unhealthy
1494,2026-01-09 10:03:35.840,4.92,95.08,Unhealthy
1495,2026-01-09 10:03:35.863,5.01,94.99,Unhealthy
1496,2026-01-09 10:03:35.888,5.24,94.76,Unhealthy
1497,2026-01-09 10:03:35.910,5.31,94.69,Unhealthy
1498,2026-01-09 10:03:35.929,5.46,94.54,Unhealthy
1499,2026-01-09 10:03:35.951,5.56,94.44,Unhealthy
1500,2026-01-09 10:03:35.973,5.87,94.13,Unhealthy
1501,2026-01-09 10:03:35.996,6.18,93.82,Unhealthy
1502,2026-01-09 10:03:36.022,6.45,93.55,Unhealthy
1503,2026-01-09 10:03:36.043,6.44,93.56,Unhealthy
1504,2026-01-09 10:03:36.062,6.36,93.64,Unhealthy
1505,2026-01-09 10:03:36.084,6.24,93.76,Unhealthy
1506,2026-01-09 10:03:36.107,6.26,93.74,Unhealthy
1507,2026-01-09 10:03:36.128,6.51,93.49,Unhealthy
1508,2026-01-09 10:03:36.147,6.61,93.39,Unhealthy
1509,2026-01-09 10:03:36.168,6.69,93.31,Unhealthy
1510,2026-01-09 10:03:36.191,6.70,93.30,Unhealthy
1511,2026-01-09 10:03:36.213,6.63,93.37,Unhealthy
1512,2026-01-09 10:03:36.237,6.74,93.26,Unhealthy
1513,2026-01-09 10:03:36.260,6.98,93.02,Unhealthy
1514,2026-01-09 10:03:36.280,7.04,92.96,Unhealthy
1515,2026-01-09 10:03:36.304,6.70,93.30,Unhealthy
1516,2026-01-09 10:03:36.328,6.74,93.26,Unhealthy
1517,2026-01-09 10:03:36.352,6.97,93.03,Unhealthy
1518,2026-01-09 10:03:36.374,7.12,92.88,Unhealthy
1519,2026-01-09 10:03:36.396,6.99,93.01,Unhealthy
1520,2026-01-09 10:03:36.423,6.74,93.26,Unhealthy
1521,2026-01-09 10:03:36.445,6.87,93.13,Unhealthy
1522,2026-01-09 10:03:36.473,7.28,92.72,Unhealthy
1523,2026-01-09 10:03:36.493,7.49,92.51,Unhealthy
1524,2026-01-09 10:03:36.513,7.63,92.37,Unhealthy
1525,2026-01-09 10:03:36.538,7.90,92.10,Unhealthy
1526,2026-01-09 10:03:36.560,8.29,91.71,Unhealthy
1527,2026-01-09 10:03:36.581,8.57,91.43,Unhealthy
1528,2026-01-09 10:03:36.604,8.58,91.42,Unhealthy
1529,2026-01-09 10:03:36.625,7.99,92.01,Unhealthy
1530,2026-01-09 10:03:36.646,7.55,92.45,Unhealthy
1531,2026-01-09 10:03:36.671,7.56,92.44,Unhealthy
1532,2026-01-09 10:03:36.694,7.22,92.78,Unhealthy
1533,2026-01-09 10:03:36.716,7.26,92.74,Unhealthy
1534,2026-01-09 10:03:36.737,7.10,92.90,Unhealthy
1535,2026-01-09 10:03:36.759,7.09,92.91,Unhealthy
1536,2026-01-09 10:03:36.778,6.90,93.10,Unhealthy
1537,2026-01-09 10:03:36.800,6.54,93.46,Unhealthy
1538,2026-01-09 10:03:36.820,6.40,93.60,Unhealthy
1539,2026-01-09 10:03:36.842,6.19,93.81,Unhealthy
1540,2026-01-09 10:03:36.862,6.42,93.58,Unhealthy
1541,2026-01-09 10:03:36.883,7.12,92.88,Unhealthy
1542,2026-01-09 10:03:36.907,8.00,92.00,Unhealthy
1543,2026-01-09 10:03:36.929,8.94,91.06,Unhealthy
1544,2026-01-09 10:03:36.949,9.47,90.53,Unhealthy
1545,2026-01-09 10:03:36.973,9.99,90.01,Unhealthy
1546,2026-01-09 10:03:36.994,10.46,89.54,Unhealthy
1547,2026-01-09 10:03:37.016,10.71,89.29,Unhealthy
1548,2026-01-09 10:03:37.040,11.36,88.64,Unhealthy
1549,2026-01-09 10:03:37.060,12.13,87.87,Unhealthy
1550,2026-01-09 10:03:37.094,12.17,87.83,Unhealthy
1551,2026-01-09 10:03:37.113,11.44,88.56,Unhealthy
1552,2026-01-09 10:03:37.154,11.95,88.05,Unhealthy
1553,2026-01-09 10:03:37.180,13.71,86.29,Unhealthy
1554,2026-01-09 10:03:37.223,14.90,85.10,Unhealthy
1555,2026-01-09 10:03:37.244,14.75,85.25,Unhealthy
1556,2026-01-09 10:03:37.365,13.44,86.56,Unhealthy
1557,2026-01-09 10:03:37.474,10.79,89.21,Unhealthy
1558,2026-01-09 10:03:37.493,8.36,91.64,Unhealthy
1559,2026-01-09 10:03:37.515,7.58,92.42,Unhealthy
1560,2026-01-09 10:03:37.539,8.30,91.70,Unhealthy
1561,2026-01-09 10:03:37.570,9.63,90.37,Unhealthy
1562,2026-01-09 10:03:37.593,11.01,88.99,Unhealthy
1563,2026-01-09 10:03:37.613,12.56,87.44,Unhealthy
1564,2026-01-09 10:03:37.638,15.06,84.94,Unhealthy
1565,2026-01-09 10:03:37.659,17.09,82.91,Unhealthy
1566,2026-01-09 10:03:37.739,19.96,80.04,Unhealthy
1567,2026-01-09 10:03:37.862,22.81,77.19,Unhealthy
1568,2026-01-09 10:03:37.914,24.02,75.98,Unhealthy
1569,2026-01-09 10:03:37.952,25.56,74.44,Unhealthy
1570,2026-01-09 10:03:37.972,27.98,72.02,Unhealthy
1571,2026-01-09 10:03:37.992,26.30,73.70,Unhealthy
1572,2026-01-09 10:03:38.024,23.09,76.91,Unhealthy
1573,2026-01-09 10:03:38.057,20.64,79.36,Unhealthy
1574,2026-01-09 10:03:38.080,19.00,81.00,Unhealthy
1575,2026-01-09 10:03:38.108,17.15,82.85,Unhealthy
1576,2026-01-09 10:03:38.132,14.18,85.82,Unhealthy
1577,2026-01-09 10:03:38.157,10.94,89.06,Unhealthy
1578,2026-01-09 10:03:38.251,9.63,90.37,Unhealthy
1579,2026-01-09 10:03:38.315,10.83,89.17,Unhealthy
1580,2026-01-09 10:03:38.336,11.47,88.53,Unhealthy
1581,2026-01-09 10:03:38.357,7.67,92.33,Unhealthy
1582,2026-01-09 10:03:38.378,3.26,96.74,Unhealthy
1583,2026-01-09 10:03:38.455,0.13,99.87,Unhealthy
1584,2026-01-09 10:03:38.482,0.00,100.00,Unhealthy
1585,2026-01-09 10:03:38.511,0.00,100.00,Unhealthy
1586,2026-01-09 10:03:38.534,0.00,100.00,Unhealthy
1587,2026-01-09 10:03:38.630,0.00,100.00,Unhealthy
1588,2026-01-09 10:03:38.651,0.00,100.00,Unhealthy
1589,2026-01-09 10:03:38.671,0.00,100.00,Unhealthy
1590,2026-01-09 10:03:38.732,25.12,74.88,Unhealthy
1591,2026-01-09 10:03:38.754,27.75,72.25,Unhealthy
1592,2026-01-09 10:03:38.823,29.72,70.28,Unhealthy
1593,2026-01-09 10:03:38.886,8.75,91.25,Unhealthy
1594,2026-01-09 10:03:38.947,0.00,100.00,Unhealthy
1595,2026-01-09 10:03:38.968,0.00,100.00,Unhealthy
1596,2026-01-09 10:03:38.985,0.00,100.00,Unhealthy
1597,2026-01-09 10:03:39.005,0.16,99.84,Unhealthy
1598,2026-01-09 10:03:39.090,1.01,98.99,Unhealthy
1599,2026-01-09 10:03:39.130,0.00,100.00,Unhealthy
1600,2026-01-09 10:03:39.162,0.00,100.00,Unhealthy
1601,2026-01-09 10:03:39.191,0.00,100.00,Unhealthy
1602,2026-01-09 10:03:39.212,0.22,99.78,Unhealthy
1603,2026-01-09 10:03:39.240,0.70,99.30,Unhealthy
1604,2026-01-09 10:03:39.345,0.70,99.30,Unhealthy
1605,2026-01-09 10:03:39.385,0.30,99.70,Unhealthy
1606,2026-01-09 10:03:39.412,0.00,100.00,Unhealthy
1607,2026-01-09 10:03:39.455,0.00,100.00,Unhealthy
1608,2026-01-09 10:03:39.492,0.00,100.00,Unhealthy
1609,2026-01-09 10:03:39.535,0.00,100.00,Unhealthy
1610,2026-01-09 10:03:39.558,0.00,100.00,Unhealthy
1611,2026-01-09 10:03:39.601,0.00,100.00,Unhealthy
1612,2026-01-09 10:03:39.635,0.00,100.00,Unhealthy
1613,2026-01-09 10:03:39.710,0.00,100.00,Unhealthy
1614,2026-01-09 10:03:39.767,0.00,100.00,Unhealthy
1615,2026-01-09 10:03:39.807,0.00,100.00,Unhealthy
1616,2026-01-09 10:03:39.830,0.00,100.00,Unhealthy
1617,2026-01-09 10:03:39.859,0.00,100.00,Unhealthy
1618,2026-01-09 10:03:39.905,0.00,100.00,Unhealthy
1619,2026-01-09 10:03:39.943,0.00,100.00,Unhealthy
1620,2026-01-09 10:03:39.979,0.00,100.00,Unhealthy
1621,2026-01-09 10:03:40.006,0.00,100.00,Unhealthy
1622,2026-01-09 10:03:40.075,0.00,100.00,Unhealthy
1623,2026-01-09 10:03:40.107,0.00,100.00,Unhealthy
1624,2026-01-09 10:03:40.159,0.00,100.00,Unhealthy
1625,2026-01-09 10:03:40.228,0.00,100.00,Unhealthy
1626,2026-01-09 10:03:40.273,0.00,100.00,Unhealthy
1627,2026-01-09 10:03:40.315,0.00,100.00,Unhealthy
1628,2026-01-09 10:03:40.369,0.00,100.00,Unhealthy
1629,2026-01-09 10:03:40.389,0.00,100.00,Unhealthy
1630,2026-01-09 10:03:40.422,0.00,100.00,Unhealthy
1631,2026-01-09 10:03:40.454,0.00,100.00,Unhealthy
1632,2026-01-09 10:03:40.488,0.00,100.00,Unhealthy
1633,2026-01-09 10:03:40.508,0.00,100.00,Unhealthy
1634,2026-01-09 10:03:40.540,0.00,100.00,Unhealthy
1635,2026-01-09 10:03:40.622,0.00,100.00,Unhealthy
1636,2026-01-09 10:03:40.640,0.00,100.00,Unhealthy
1637,2026-01-09 10:03:40.662,0.00,100.00,Unhealthy
1638,2026-01-09 10:03:40.710,0.00,100.00,Unhealthy
1639,2026-01-09 10:03:40.789,0.00,100.00,Unhealthy
1640,2026-01-09 10:03:40.824,0.00,100.00,Unhealthy
1641,2026-01-09 10:03:40.881,0.00,100.00,Unhealthy
1642,2026-01-09 10:03:40.909,0.00,100.00,Unhealthy
1643,2026-01-09 10:03:40.935,0.00,100.00,Unhealthy
1644,2026-01-09 10:03:40.983,0.00,100.00,Unhealthy
1645,2026-01-09 10:03:41.025,0.00,100.00,Unhealthy
1646,2026-01-09 10:03:41.068,0.00,100.00,Unhealthy
1647,2026-01-09 10:03:41.096,0.00,100.00,Unhealthy
1648,2026-01-09 10:03:41.126,0.00,100.00,Unhealthy
1649,2026-01-09 10:03:41.204,0.00,100.00,Unhealthy
1650,2026-01-09 10:03:41.226,0.00,100.00,Unhealthy
1651,2026-01-09 10:03:41.249,0.00,100.00,Unhealthy
1652,2026-01-09 10:03:41.335,0.00,100.00,Unhealthy
1653,2026-01-09 10:03:41.374,0.00,100.00,Unhealthy
1654,2026-01-09 10:03:41.410,0.00,100.00,Unhealthy
1655,2026-01-09 10:03:41.436,0.01,99.99,Unhealthy
1656,2026-01-09 10:03:41.455,0.00,100.00,Unhealthy
1657,2026-01-09 10:03:41.546,0.00,100.00,Unhealthy
1658,2026-01-09 10:03:41.584,0.00,100.00,Unhealthy
1659,2026-01-09 10:03:41.627,0.01,99.99,Unhealthy
1660,2026-01-09 10:03:41.651,0.03,99.97,Unhealthy
1661,2026-01-09 10:03:41.725,0.00,100.00,Unhealthy
1662,2026-01-09 10:03:41.746,0.00,100.00,Unhealthy
1663,2026-01-09 10:03:41.783,0.00,100.00,Unhealthy
1664,2026-01-09 10:03:41.844,0.00,100.00,Unhealthy
1665,2026-01-09 10:03:41.891,0.00,100.00,Unhealthy
1666,2026-01-09 10:03:41.943,0.00,100.00,Unhealthy
1667,2026-01-09 10:03:41.962,2.57,97.43,Unhealthy
1668,2026-01-09 10:03:41.991,7.04,92.96,Unhealthy
1669,2026-01-09 10:03:42.011,5.77,94.23,Unhealthy
1670,2026-01-09 10:03:42.042,7.13,92.87,Unhealthy
1671,2026-01-09 10:03:42.141,6.99,93.01,Unhealthy
1672,2026-01-09 10:03:42.215,6.00,94.00,Unhealthy
1673,2026-01-09 10:03:42.235,5.79,94.21,Unhealthy
1674,2026-01-09 10:03:42.258,3.95,96.05,Unhealthy
1675,2026-01-09 10:03:42.281,2.83,97.17,Unhealthy
1676,2026-01-09 10:03:42.326,2.70,97.30,Unhealthy
1677,2026-01-09 10:03:42.349,2.37,97.63,Unhealthy
1678,2026-01-09 10:03:42.380,0.28,99.72,Unhealthy
1679,2026-01-09 10:03:42.470,0.31,99.69,Unhealthy
1680,2026-01-09 10:03:42.525,0.50,99.50,Unhealthy
1681,2026-01-09 10:03:42.552,0.48,99.52,Unhealthy
1682,2026-01-09 10:03:42.572,1.06,98.94,Unhealthy
1683,2026-01-09 10:03:42.592,2.01,97.99,Unhealthy
1684,2026-01-09 10:03:42.633,2.19,97.81,Unhealthy
1685,2026-01-09 10:03:42.684,2.04,97.96,Unhealthy
1686,2026-01-09 10:03:42.705,1.88,98.12,Unhealthy
1687,2026-01-09 10:03:42.785,1.43,98.57,Unhealthy
1688,2026-01-09 10:03:42.805,1.51,98.49,Unhealthy
1689,2026-01-09 10:03:42.837,1.48,98.52,Unhealthy
1690,2026-01-09 10:03:42.867,1.62,98.38,Unhealthy
1691,2026-01-09 10:03:42.956,1.28,98.72,Unhealthy
1692,2026-01-09 10:03:42.987,0.95,99.05,Unhealthy
1693,2026-01-09 10:03:43.006,0.98,99.02,Unhealthy
1694,2026-01-09 10:03:43.029,0.09,99.91,Unhealthy
1695,2026-01-09 10:03:43.118,0.07,99.93,Unhealthy
1696,2026-01-09 10:03:43.210,0.64,99.36,Unhealthy
1697,2026-01-09 10:03:43.247,0.39,99.61,Unhealthy
1698,2026-01-09 10:03:43.350,0.24,99.76,Unhealthy
1699,2026-01-09 10:03:43.371,0.77,99.23,Unhealthy
1700,2026-01-09 10:03:43.391,1.22,98.78,Unhealthy
1701,2026-01-09 10:03:43.413,0.80,99.20,Unhealthy
1702,2026-01-09 10:03:43.434,0.59,99.41,Unhealthy
1703,2026-01-09 10:03:43.456,1.04,98.96,Unhealthy
1704,2026-01-09 10:03:43.484,1.12,98.88,Unhealthy
1705,2026-01-09 10:03:43.505,1.33,98.67,Unhealthy
1706,2026-01-09 10:03:43.572,2.06,97.94,Unhealthy
1707,2026-01-09 10:03:43.591,2.24,97.76,Unhealthy
1708,2026-01-09 10:03:43.650,2.03,97.97,Unhealthy
1709,2026-01-09 10:03:43.670,1.93,98.07,Unhealthy
1710,2026-01-09 10:03:43.795,1.95,98.05,Unhealthy
1711,2026-01-09 10:03:43.838,1.90,98.10,Unhealthy
1712,2026-01-09 10:03:43.864,2.15,97.85,Unhealthy
1713,2026-01-09 10:03:44.031,2.45,97.55,Unhealthy
1714,2026-01-09 10:03:44.054,2.56,97.44,Unhealthy
1715,2026-01-09 10:03:44.075,2.84,97.16,Unhealthy
1716,2026-01-09 10:03:44.099,3.20,96.80,Unhealthy
1717,2026-01-09 10:03:44.121,3.51,96.49,Unhealthy
1718,2026-01-09 10:03:44.154,3.68,96.32,Unhealthy
1719,2026-01-09 10:03:44.174,3.64,96.36,Unhealthy
1720,2026-01-09 10:03:44.206,3.65,96.35,Unhealthy
1721,2026-01-09 10:03:44.243,3.64,96.36,Unhealthy
1722,2026-01-09 10:03:44.282,3.60,96.40,Unhealthy
1723,2026-01-09 10:03:44.314,3.67,96.33,Unhealthy
1724,2026-01-09 10:03:44.406,2.75,97.25,Unhealthy
1725,2026-01-09 10:03:44.427,1.57,98.43,Unhealthy
1726,2026-01-09 10:03:44.453,0.88,99.12,Unhealthy
1727,2026-01-09 10:03:44.487,0.78,99.22,Unhealthy
1728,2026-01-09 10:03:44.505,1.09,98.91,Unhealthy
1729,2026-01-09 10:03:44.542,1.50,98.50,Unhealthy
1730,2026-01-09 10:03:44.568,1.99,98.01,Unhealthy
1731,2026-01-09 10:03:44.600,0.00,100.00,Unhealthy
1732,2026-01-09 10:03:44.676,0.00,100.00,Unhealthy
1733,2026-01-09 10:03:44.747,0.00,100.00,Unhealthy
1734,2026-01-09 10:03:44.782,0.00,100.00,Unhealthy
1735,2026-01-09 10:03:44.831,0.00,100.00,Unhealthy
1736,2026-01-09 10:03:44.874,0.01,99.99,Unhealthy
1737,2026-01-09 10:03:44.896,0.14,99.86,Unhealthy
1738,2026-01-09 10:03:44.916,0.20,99.80,Unhealthy
1739,2026-01-09 10:03:44.951,0.23,99.77,Unhealthy
1740,2026-01-09 10:03:44.996,0.22,99.78,Unhealthy
1741,2026-01-09 10:03:45.025,0.44,99.56,Unhealthy
1742,2026-01-09 10:03:45.076,0.56,99.44,Unhealthy
1743,2026-01-09 10:03:45.133,0.66,99.34,Unhealthy
1744,2026-01-09 10:03:45.186,0.81,99.19,Unhealthy
1745,2026-01-09 10:03:45.236,1.08,98.92,Unhealthy
1746,2026-01-09 10:03:45.275,1.26,98.74,Unhealthy
1747,2026-01-09 10:03:45.984,1.07,98.93,Unhealthy
1748,2026-01-09 10:03:46.003,1.14,98.86,Unhealthy
1749,2026-01-09 10:03:46.024,1.22,98.78,Unhealthy
1750,2026-01-09 10:03:46.124,1.32,98.68,Unhealthy
1751,2026-01-09 10:03:46.148,1.21,98.79,Unhealthy
1752,2026-01-09 10:03:46.168,0.87,99.13,Unhealthy
1753,2026-01-09 10:03:46.188,0.89,99.11,Unhealthy
1754,2026-01-09 10:03:46.214,0.83,99.17,Unhealthy
1755,2026-01-09 10:03:46.396,0.84,99.16,Unhealthy
1756,2026-01-09 10:03:46.418,0.99,99.01,Unhealthy
1757,2026-01-09 10:03:46.481,1.27,98.73,Unhealthy
1758,2026-01-09 10:03:46.622,2.01,97.99,Unhealthy
1759,2026-01-09 10:03:46.645,1.37,98.63,Unhealthy
1760,2026-01-09 10:03:46.667,0.51,99.49,Unhealthy
1761,2026-01-09 10:03:46.688,0.04,99.96,Unhealthy
1762,2026-01-09 10:03:46.712,0.27,99.73,Unhealthy
1763,2026-01-09 10:03:47.703,0.61,99.39,Unhealthy
1764,2026-01-09 10:03:47.722,0.10,99.90,Unhealthy
1765,2026-01-09 10:03:47.744,0.83,99.17,Unhealthy
1766,2026-01-09 10:03:47.764,2.40,97.60,Unhealthy
1767,2026-01-09 10:03:47.985,0.03,99.97,Unhealthy
1768,2026-01-09 10:03:48.005,0.01,99.99,Unhealthy
1769,2026-01-09 10:03:48.026,0.00,100.00,Unhealthy
1770,2026-01-09 10:03:48.047,0.00,100.00,Unhealthy
1771,2026-01-09 10:03:48.067,0.94,99.06,Unhealthy
1772,2026-01-09 10:03:48.087,1.91,98.09,Unhealthy
1773,2026-01-09 10:03:48.110,2.46,97.54,Unhealthy
1774,2026-01-09 10:03:48.131,2.57,97.43,Unhealthy
1775,2026-01-09 10:03:48.312,2.06,97.94,Unhealthy
1776,2026-01-09 10:03:48.329,1.66,98.34,Unhealthy
1777,2026-01-09 10:03:48.348,1.43,98.57,Unhealthy
1778,2026-01-09 10:03:48.366,1.25,98.75,Unhealthy
1779,2026-01-09 10:03:48.384,1.07,98.93,Unhealthy
1780,2026-01-09 10:03:48.404,0.77,99.23,Unhealthy
1781,2026-01-09 10:03:48.425,0.47,99.53,Unhealthy
1782,2026-01-09 10:03:48.610,0.85,99.15,Unhealthy
1783,2026-01-09 10:03:48.631,1.64,98.36,Unhealthy
1784,2026-01-09 10:03:48.651,2.18,97.82,Unhealthy
1785,2026-01-09 10:03:48.671,2.44,97.56,Unhealthy
1786,2026-01-09 10:03:48.781,2.76,97.24,Unhealthy
1787,2026-01-09 10:03:48.801,3.07,96.93,Unhealthy
1788,2026-01-09 10:03:48.935,3.49,96.51,Unhealthy
1789,2026-01-09 10:03:48.955,3.89,96.11,Unhealthy
1790,2026-01-09 10:03:49.062,5.09,94.91,Unhealthy
1791,2026-01-09 10:03:49.083,5.30,94.70,Unhealthy
1792,2026-01-09 10:03:49.104,5.39,94.61,Unhealthy
1793,2026-01-09 10:03:49.128,5.73,94.27,Unhealthy
1794,2026-01-09 10:03:49.150,6.04,93.96,Unhealthy
1795,2026-01-09 10:03:49.171,6.57,93.43,Unhealthy
1796,2026-01-09 10:03:49.285,7.13,92.87,Unhealthy
1797,2026-01-09 10:03:49.370,7.64,92.36,Unhealthy
1798,2026-01-09 10:03:49.446,9.95,90.05,Unhealthy
1799,2026-01-09 10:03:49.466,3.50,96.50,Unhealthy
1800,2026-01-09 10:03:49.593,2.02,97.98,Unhealthy
1801,2026-01-09 10:03:49.661,1.74,98.26,Unhealthy
1802,2026-01-09 10:03:49.685,1.57,98.43,Unhealthy
1803,2026-01-09 10:03:49.707,1.52,98.48,Unhealthy
1804,2026-01-09 10:03:49.730,1.50,98.50,Unhealthy
1805,2026-01-09 10:03:49.750,1.35,98.65,Unhealthy
1806,2026-01-09 10:03:49.786,1.27,98.73,Unhealthy
1807,2026-01-09 10:03:49.810,1.16,98.84,Unhealthy
1808,2026-01-09 10:03:49.832,1.08,98.92,Unhealthy
1809,2026-01-09 10:03:49.851,0.93,99.07,Unhealthy
1810,2026-01-09 10:03:49.875,0.93,99.07,Unhealthy
1811,2026-01-09 10:03:49.898,0.89,99.11,Unhealthy
1812,2026-01-09 10:03:49.917,0.88,99.12,Unhealthy
1813,2026-01-09 10:03:49.941,0.90,99.10,Unhealthy
1814,2026-01-09 10:03:49.963,0.99,99.01,Unhealthy
1815,2026-01-09 10:03:49.984,1.04,98.96,Unhealthy
1816,2026-01-09 10:03:50.010,1.13,98.87,Unhealthy
1817,2026-01-09 10:03:50.031,1.16,98.84,Unhealthy
1818,2026-01-09 10:03:50.051,1.31,98.69,Unhealthy
1819,2026-01-09 10:03:50.074,1.42,98.58,Unhealthy
1820,2026-01-09 10:03:50.096,1.63,98.37,Unhealthy
1821,2026-01-09 10:03:50.117,1.77,98.23,Unhealthy
1822,2026-01-09 10:03:50.139,1.93,98.07,Unhealthy
1823,2026-01-09 10:03:50.161,2.07,97.93,Unhealthy
1824,2026-01-09 10:03:50.182,2.19,97.81,Unhealthy
1825,2026-01-09 10:03:50.201,2.14,97.86,Unhealthy
1826,2026-01-09 10:03:50.223,2.12,97.88,Unhealthy
1827,2026-01-09 10:03:50.244,2.16,97.84,Unhealthy
1828,2026-01-09 10:03:50.265,2.21,97.79,Unhealthy
1829,2026-01-09 10:03:50.284,2.47,97.53,Unhealthy
1830,2026-01-09 10:03:50.310,2.71,97.29,Unhealthy
1831,2026-01-09 10:03:50.331,3.09,96.91,Unhealthy
1832,2026-01-09 10:03:50.352,3.37,96.63,Unhealthy
1833,2026-01-09 10:03:50.376,5.10,94.90,Unhealthy
1834,2026-01-09 10:03:50.398,10.70,89.30,Unhealthy
1835,2026-01-09 10:03:50.417,15.07,84.93,Unhealthy
1836,2026-01-09 10:03:50.440,17.99,82.01,Unhealthy
1837,2026-01-09 10:03:50.462,17.10,82.90,Unhealthy
1838,2026-01-09 10:03:50.482,16.22,83.78,Unhealthy
1839,2026-01-09 10:03:50.502,17.83,82.17,Unhealthy
1840,2026-01-09 10:03:50.525,24.20,75.80,Unhealthy
1841,2026-01-09 10:03:50.545,33.63,66.37,Unhealthy
1842,2026-01-09 10:03:50.565,43.52,56.48,Moderate
1843,2026-01-09 10:03:50.584,55.09,44.91,Moderate
1844,2026-01-09 10:03:50.610,62.59,37.41,Healthy
1845,2026-01-09 10:03:50.631,68.56,31.44,Healthy
1846,2026-01-09 10:03:50.650,67.21,32.79,Healthy
1847,2026-01-09 10:03:50.672,64.99,35.01,Healthy
1848,2026-01-09 10:03:50.689,64.45,35.55,Healthy
1849,2026-01-09 10:03:50.709,65.36,34.64,Healthy
1850,2026-01-09 10:03:50.730,66.65,33.35,Healthy
1851,2026-01-09 10:03:50.749,67.58,32.42,Healthy
1852,2026-01-09 10:03:50.768,68.43,31.57,Healthy
1853,2026-01-09 10:03:50.792,69.81,30.19,Healthy
1854,2026-01-09 10:03:50.814,70.69,29.31,Healthy
1855,2026-01-09 10:03:50.832,70.93,29.07,Healthy
1856,2026-01-09 10:03:50.849,71.66,28.34,Healthy
1857,2026-01-09 10:03:50.867,72.71,27.29,Healthy
1858,2026-01-09 10:03:50.887,73.78,26.22,Healthy
1859,2026-01-09 10:03:50.908,75.36,24.64,Healthy
1860,2026-01-09 10:03:50.929,76.43,23.57,Healthy
1861,2026-01-09 10:03:50.949,77.06,22.94,Healthy
1862,2026-01-09 10:03:50.971,78.52,21.48,Healthy
1863,2026-01-09 10:03:50.991,79.78,20.22,Healthy
1864,2026-01-09 10:03:51.011,81.30,18.70,Healthy
1865,2026-01-09 10:03:51.031,84.20,15.80,Healthy
1866,2026-01-09 10:03:51.050,87.08,12.92,Healthy
1867,2026-01-09 10:03:51.074,89.87,10.13,Healthy
1868,2026-01-09 10:03:51.095,92.76,7.24,Healthy
1869,2026-01-09 10:03:51.114,93.76,6.24,Healthy
1870,2026-01-09 10:03:51.133,93.62,6.38,Healthy
1871,2026-01-09 10:03:51.152,93.76,6.24,Healthy
1872,2026-01-09 10:03:51.172,93.64,6.36,Healthy
1873,2026-01-09 10:03:51.192,93.69,6.31,Healthy
1874,2026-01-09 10:03:51.212,94.15,5.85,Healthy
1875,2026-01-09 10:03:51.231,94.72,5.28,Healthy
1876,2026-01-09 10:03:51.250,95.77,4.23,Healthy
1877,2026-01-09 10:03:51.269,98.37,1.63,Healthy
1878,2026-01-09 10:03:51.292,100.00,0.00,Healthy
1879,2026-01-09 10:03:51.312,100.00,0.00,Healthy
1880,2026-01-09 10:03:51.332,100.00,0.00,Healthy
1881,2026-01-09 10:03:51.349,100.00,0.00,Healthy
1882,2026-01-09 10:03:51.368,100.00,0.00,Healthy
1883,2026-01-09 10:03:51.386,100.00,0.00,Healthy
1884,2026-01-09 10:03:51.404,100.00,0.00,Healthy
1885,2026-01-09 10:03:51.425,100.00,0.00,Healthy
1886,2026-01-09 10:03:51.444,100.00,0.00,Healthy
1887,2026-01-09 10:03:51.463,100.00,0.00,Healthy
1888,2026-01-09 10:03:51.481,100.00,0.00,Healthy
1889,2026-01-09 10:03:51.499,100.00,0.00,Healthy
1890,2026-01-09 10:03:51.522,100.00,0.00,Healthy
1891,2026-01-09 10:03:51.541,100.00,0.00,Healthy
1892,2026-01-09 10:03:51.562,100.00,0.00,Healthy
1893,2026-01-09 10:03:51.581,100.00,0.00,Healthy
1894,2026-01-09 10:03:51.600,100.00,0.00,Healthy
1895,2026-01-09 10:03:51.617,100.00,0.00,Healthy
1896,2026-01-09 10:03:51.635,100.00,0.00,Healthy
1897,2026-01-09 10:03:51.651,100.00,0.00,Healthy
1898,2026-01-09 10:03:51.668,100.00,0.00,Healthy
1899,2026-01-09 10:03:51.686,100.00,0.00,Healthy
1900,2026-01-09 10:03:51.705,100.00,0.00,Healthy
1901,2026-01-09 10:03:51.722,100.00,0.00,Healthy
1902,2026-01-09 10:03:51.740,100.00,0.00,Healthy
1903,2026-01-09 10:03:51.757,100.00,0.00,Healthy
1904,2026-01-09 10:03:51.805,100.00,0.00,Healthy
1905,2026-01-09 10:03:51.823,100.00,0.00,Healthy
1906,2026-01-09 10:03:51.877,100.00,0.00,Healthy
1907,2026-01-09 10:03:51.922,100.00,0.00,Healthy
1908,2026-01-09 10:03:51.970,100.00,0.00,Healthy
1909,2026-01-09 10:03:52.008,100.00,0.00,Healthy
1910,2026-01-09 10:03:52.042,100.00,0.00,Healthy
1911,2026-01-09 10:03:52.079,100.00,0.00,Healthy
1912,2026-01-09 10:03:52.133,100.00,0.00,Healthy
1913,2026-01-09 10:03:52.168,100.00,0.00,Healthy
1914,2026-01-09 10:03:52.238,100.00,0.00,Healthy
1915,2026-01-09 10:03:52.264,100.00,0.00,Healthy
1916,2026-01-09 10:03:52.313,100.00,0.00,Healthy
1917,2026-01-09 10:03:52.360,100.00,0.00,Healthy
1918,2026-01-09 10:03:52.400,100.00,0.00,Healthy
1919,2026-01-09 10:03:52.442,100.00,0.00,Healthy
1920,2026-01-09 10:03:52.484,100.00,0.00,Healthy
1921,2026-01-09 10:03:52.532,100.00,0.00,Healthy
1922,2026-01-09 10:03:52.568,100.00,0.00,Healthy
1923,2026-01-09 10:03:52.618,100.00,0.00,Healthy
1924,2026-01-09 10:03:52.654,100.00,0.00,Healthy
1925,2026-01-09 10:03:52.681,100.00,0.00,Healthy
1926,2026-01-09 10:03:52.744,100.00,0.00,Healthy
1927,2026-01-09 10:03:52.777,100.00,0.00,Healthy
1928,2026-01-09 10:03:52.813,100.00,0.00,Healthy
1929,2026-01-09 10:03:52.861,100.00,0.00,Healthy
1930,2026-01-09 10:03:52.883,100.00,0.00,Healthy
1931,2026-01-09 10:03:52.927,100.00,0.00,Healthy
1932,2026-01-09 10:03:52.984,100.00,0.00,Healthy
1933,2026-01-09 10:03:53.027,100.00,0.00,Healthy
1934,2026-01-09 10:03:53.066,100.00,0.00,Healthy
1935,2026-01-09 10:03:53.103,100.00,0.00,Healthy
1936,2026-01-09 10:03:53.138,100.00,0.00,Healthy
1937,2026-01-09 10:03:53.179,100.00,0.00,Healthy
1938,2026-01-09 10:03:53.234,100.00,0.00,Healthy
1939,2026-01-09 10:03:53.253,100.00,0.00,Healthy
1940,2026-01-09 10:03:53.324,100.00,0.00,Healthy
1941,2026-01-09 10:03:53.351,100.00,0.00,Healthy
1942,2026-01-09 10:03:53.403,99.99,0.01,Healthy
1943,2026-01-09 10:03:53.437,99.87,0.13,Healthy
1944,2026-01-09 10:03:53.490,99.63,0.37,Healthy
1945,2026-01-09 10:03:53.524,99.38,0.62,Healthy
1946,2026-01-09 10:03:53.546,99.10,0.90,Healthy
1947,2026-01-09 10:03:53.589,98.68,1.32,Healthy
1948,2026-01-09 10:03:53.636,98.36,1.64,Healthy
1949,2026-01-09 10:03:53.678,98.50,1.50,Healthy
1950,2026-01-09 10:03:53.760,98.74,1.26,Healthy
1951,2026-01-09 10:03:53.779,98.68,1.32,Healthy
1952,2026-01-09 10:03:53.804,98.33,1.67,Healthy
1953,2026-01-09 10:03:53.853,97.91,2.09,Healthy
1954,2026-01-09 10:03:53.895,97.24,2.76,Healthy
1955,2026-01-09 10:03:53.942,96.41,3.59,Healthy
1956,2026-01-09 10:03:53.980,95.35,4.65,Healthy
1957,2026-01-09 10:03:54.041,94.67,5.33,Healthy
1958,2026-01-09 10:03:54.061,94.40,5.60,Healthy
1959,2026-01-09 10:03:54.127,94.90,5.10,Healthy
1960,2026-01-09 10:03:54.165,95.21,4.79,Healthy
1961,2026-01-09 10:03:54.200,95.47,4.53,Healthy
1962,2026-01-09 10:03:54.236,96.04,3.96,Healthy
1963,2026-01-09 10:03:54.268,96.42,3.58,Healthy
1964,2026-01-09 10:03:54.342,96.08,3.92,Healthy
1965,2026-01-09 10:03:54.370,95.56,4.44,Healthy
1966,2026-01-09 10:03:54.407,95.05,4.95,Healthy
1967,2026-01-09 10:03:54.449,94.38,5.62,Healthy
1968,2026-01-09 10:03:54.480,93.91,6.09,Healthy
1969,2026-01-09 10:03:54.528,90.25,9.75,Healthy
1970,2026-01-09 10:03:54.570,57.34,42.66,Moderate
1971,2026-01-09 10:03:54.624,34.77,65.23,Unhealthy
1972,2026-01-09 10:03:54.649,14.86,85.14,Unhealthy
1973,2026-01-09 10:03:54.695,2.44,97.56,Unhealthy
1974,2026-01-09 10:03:54.729,0.35,99.65,Unhealthy
1975,2026-01-09 10:03:54.762,0.54,99.46,Unhealthy
1976,2026-01-09 10:03:54.826,0.68,99.32,Unhealthy
1977,2026-01-09 10:03:54.848,0.87,99.13,Unhealthy
1978,2026-01-09 10:03:54.911,1.03,98.97,Unhealthy
1979,2026-01-09 10:03:54.937,1.08,98.92,Unhealthy
1980,2026-01-09 10:03:55.022,1.09,98.91,Unhealthy
1981,2026-01-09 10:03:55.045,1.06,98.94,Unhealthy
1982,2026-01-09 10:03:55.068,1.10,98.90,Unhealthy
1983,2026-01-09 10:03:55.134,1.08,98.92,Unhealthy
1984,2026-01-09 10:03:55.160,1.02,98.98,Unhealthy
1985,2026-01-09 10:03:55.181,1.09,98.91,Unhealthy
1986,2026-01-09 10:03:55.255,1.03,98.97,Unhealthy
1987,2026-01-09 10:03:55.277,1.04,98.96,Unhealthy
1988,2026-01-09 10:03:55.296,0.98,99.02,Unhealthy
1989,2026-01-09 10:03:55.375,0.94,99.06,Unhealthy
1990,2026-01-09 10:03:55.393,0.93,99.07,Unhealthy
1991,2026-01-09 10:03:55.444,0.98,99.02,Unhealthy
1992,2026-01-09 10:03:55.502,1.04,98.96,Unhealthy
1993,2026-01-09 10:03:55.521,1.15,98.85,Unhealthy
1994,2026-01-09 10:03:55.559,1.32,98.68,Unhealthy
1995,2026-01-09 10:03:55.604,1.19,98.81,Unhealthy
1996,2026-01-09 10:03:55.647,1.07,98.93,Unhealthy
1997,2026-01-09 10:03:55.689,1.13,98.87,Unhealthy
1998,2026-01-09 10:03:55.731,1.13,98.87,Unhealthy
1999,2026-01-09 10:03:55.761,1.17,98.83,Unhealthy
2000,2026-01-09 10:03:55.844,1.46,98.54,Unhealthy
2001,2026-01-09 10:03:55.874,1.91,98.09,Unhealthy
2002,2026-01-09 10:03:55.894,3.21,96.79,Unhealthy
2003,2026-01-09 10:03:55.949,6.96,93.04,Unhealthy
2004,2026-01-09 10:03:55.976,11.20,88.80,Unhealthy
2005,2026-01-09 10:03:56.068,15.03,84.97,Unhealthy
2006,2026-01-09 10:03:56.087,18.32,81.68,Unhealthy
2007,2026-01-09 10:03:56.110,21.24,78.76,Unhealthy
2008,2026-01-09 10:03:56.164,23.84,76.16,Unhealthy
2009,2026-01-09 10:03:56.193,26.18,73.82,Unhealthy
2010,2026-01-09 10:03:56.227,28.09,71.91,Unhealthy
2011,2026-01-09 10:03:56.319,30.97,69.03,Unhealthy
2012,2026-01-09 10:03:56.341,35.35,64.65,Unhealthy
2013,2026-01-09 10:03:56.361,39.74,60.26,Unhealthy
2014,2026-01-09 10:03:56.382,42.49,57.51,Moderate
2015,2026-01-09 10:03:56.466,44.31,55.69,Moderate
2016,2026-01-09 10:03:56.486,46.29,53.71,Moderate
2017,2026-01-09 10:03:56.542,50.90,49.10,Moderate
2018,2026-01-09 10:03:56.581,56.70,43.30,Moderate
2019,2026-01-09 10:03:56.621,59.50,40.50,Moderate
2020,2026-01-09 10:03:56.654,63.64,36.36,Healthy
2021,2026-01-09 10:03:56.687,71.65,28.35,Healthy
2022,2026-01-09 10:03:56.712,77.43,22.57,Healthy
2023,2026-01-09 10:03:56.785,81.90,18.10,Healthy
2024,2026-01-09 10:03:56.845,88.30,11.70,Healthy
2025,2026-01-09 10:03:56.884,93.41,6.59,Healthy
2026,2026-01-09 10:03:56.922,94.12,5.88,Healthy
2027,2026-01-09 10:03:56.960,94.52,5.48,Healthy
2028,2026-01-09 10:03:57.022,95.01,4.99,Healthy
2029,2026-01-09 10:03:57.056,95.63,4.37,Healthy
2030,2026-01-09 10:03:57.091,96.02,3.98,Healthy
2031,2026-01-09 10:03:57.123,96.53,3.47,Healthy
2032,2026-01-09 10:03:57.148,97.50,2.50,Healthy
2033,2026-01-09 10:03:57.177,98.63,1.37,Healthy
2034,2026-01-09 10:03:57.217,99.51,0.49,Healthy
2035,2026-01-09 10:03:57.258,99.98,0.02,Healthy
2036,2026-01-09 10:03:57.297,99.96,0.04,Healthy
2037,2026-01-09 10:03:57.341,99.87,0.13,Healthy
2038,2026-01-09 10:03:57.383,99.87,0.13,Healthy
2039,2026-01-09 10:03:57.432,99.92,0.08,Healthy
2040,2026-01-09 10:03:57.482,99.97,0.03,Healthy
2041,2026-01-09 10:03:57.516,99.99,0.01,Healthy
2042,2026-01-09 10:03:57.553,99.99,0.01,Healthy
2043,2026-01-09 10:03:57.601,99.97,0.03,Healthy
2044,2026-01-09 10:03:57.669,99.88,0.12,Healthy
2045,2026-01-09 10:03:57.708,99.83,0.17,Healthy
2046,2026-01-09 10:03:57.743,99.88,0.12,Healthy
2047,2026-01-09 10:03:57.784,99.95,0.05,Healthy
2048,2026-01-09 10:03:57.823,99.96,0.04,Healthy
2049,2026-01-09 10:03:57.871,99.87,0.13,Healthy
2050,2026-01-09 10:03:57.912,99.68,0.32,Healthy
2051,2026-01-09 10:03:57.952,99.61,0.39,Healthy
2052,2026-01-09 10:03:58.000,99.94,0.06,Healthy
2053,2026-01-09 10:03:58.043,100.00,0.00,Healthy
2054,2026-01-09 10:03:58.082,99.99,0.01,Healthy
2055,2026-01-09 10:03:58.121,99.95,0.05,Healthy
2056,2026-01-09 10:03:58.148,99.99,0.01,Healthy
2057,2026-01-09 10:03:58.194,99.93,0.07,Healthy
2058,2026-01-09 10:03:58.229,99.85,0.15,Healthy
2059,2026-01-09 10:03:58.259,99.84,0.16,Healthy
2060,2026-01-09 10:03:58.323,99.65,0.35,Healthy
2061,2026-01-09 10:03:58.360,99.63,0.37,Healthy
2062,2026-01-09 10:03:58.390,99.65,0.35,Healthy
2063,2026-01-09 10:03:58.442,99.55,0.45,Healthy
2064,2026-01-09 10:03:58.478,99.39,0.61,Healthy
2065,2026-01-09 10:03:58.523,99.11,0.89,Healthy
2066,2026-01-09 10:03:58.604,98.91,1.09,Healthy
2067,2026-01-09 10:03:58.641,98.97,1.03,Healthy
2068,2026-01-09 10:03:58.670,98.93,1.07,Healthy
2069,2026-01-09 10:03:58.704,98.80,1.20,Healthy
2070,2026-01-09 10:03:58.723,99.05,0.95,Healthy
2071,2026-01-09 10:03:58.760,99.25,0.75,Healthy
2072,2026-01-09 10:03:58.815,99.20,0.80,Healthy
2073,2026-01-09 10:03:58.880,99.04,0.96,Healthy
2074,2026-01-09 10:03:58.901,98.88,1.12,Healthy
2075,2026-01-09 10:03:58.921,98.84,1.16,Healthy
2076,2026-01-09 10:03:59.002,98.64,1.36,Healthy
2077,2026-01-09 10:03:59.053,98.07,1.93,Healthy
2078,2026-01-09 10:03:59.082,97.44,2.56,Healthy
2079,2026-01-09 10:03:59.103,96.86,3.14,Healthy
2080,2026-01-09 10:03:59.127,96.60,3.40,Healthy
2081,2026-01-09 10:03:59.219,95.97,4.03,Healthy
2082,2026-01-09 10:03:59.248,95.21,4.79,Healthy
2083,2026-01-09 10:03:59.280,93.82,6.18,Healthy
2084,2026-01-09 10:03:59.305,91.48,8.52,Healthy
2085,2026-01-09 10:03:59.363,89.49,10.51,Healthy
2086,2026-01-09 10:03:59.405,88.61,11.39,Healthy
2087,2026-01-09 10:03:59.453,86.26,13.74,Healthy
2088,2026-01-09 10:03:59.493,73.27,26.73,Healthy
2089,2026-01-09 10:03:59.513,39.57,60.43,Unhealthy
2090,2026-01-09 10:03:59.582,6.41,93.59,Unhealthy
2091,2026-01-09 10:03:59.623,1.90,98.10,Unhealthy
2092,2026-01-09 10:03:59.645,0.01,99.99,Unhealthy
2093,2026-01-09 10:03:59.702,0.07,99.93,Unhealthy
2094,2026-01-09 10:03:59.725,0.07,99.93,Unhealthy
2095,2026-01-09 10:03:59.792,0.03,99.97,Unhealthy
2096,2026-01-09 10:03:59.824,0.03,99.97,Unhealthy
2097,2026-01-09 10:03:59.842,0.03,99.97,Unhealthy
2098,2026-01-09 10:03:59.952,0.03,99.97,Unhealthy
2099,2026-01-09 10:04:00.020,0.04,99.96,Unhealthy
2100,2026-01-09 10:04:00.042,0.04,99.96,Unhealthy
2101,2026-01-09 10:04:00.073,0.04,99.96,Unhealthy
2102,2026-01-09 10:04:00.094,0.03,99.97,Unhealthy
2103,2026-01-09 10:04:00.115,0.04,99.96,Unhealthy
2104,2026-01-09 10:04:00.136,0.03,99.97,Unhealthy
2105,2026-01-09 10:04:00.172,0.04,99.96,Unhealthy
2106,2026-01-09 10:04:00.224,0.02,99.98,Unhealthy
2107,2026-01-09 10:04:00.250,1.14,98.86,Unhealthy
2108,2026-01-09 10:04:00.392,2.07,97.93,Unhealthy
2109,2026-01-09 10:04:00.411,2.93,97.07,Unhealthy
2110,2026-01-09 10:04:00.972,2.89,97.11,Unhealthy
2111,2026-01-09 10:04:00.991,2.83,97.17,Unhealthy
2112,2026-01-09 10:04:01.012,2.64,97.36,Unhealthy
2113,2026-01-09 10:04:01.080,2.62,97.38,Unhealthy
2114,2026-01-09 10:04:01.102,2.49,97.51,Unhealthy
2115,2026-01-09 10:04:01.122,2.41,97.59,Unhealthy
2116,2026-01-09 10:04:01.142,2.40,97.60,Unhealthy
2117,2026-01-09 10:04:01.165,2.42,97.58,Unhealthy
2118,2026-01-09 10:04:01.186,2.34,97.66,Unhealthy
2119,2026-01-09 10:04:01.204,2.21,97.79,Unhealthy
2120,2026-01-09 10:04:01.226,1.80,98.20,Unhealthy
2121,2026-01-09 10:04:01.247,1.28,98.72,Unhealthy
2122,2026-01-09 10:04:01.267,0.12,99.88,Unhealthy
2123,2026-01-09 10:04:01.285,0.02,99.98,Unhealthy
2124,2026-01-09 10:04:01.306,0.03,99.97,Unhealthy
2125,2026-01-09 10:04:01.326,0.03,99.97,Unhealthy
2126,2026-01-09 10:04:01.383,0.03,99.97,Unhealthy
2127,2026-01-09 10:04:01.401,0.04,99.96,Unhealthy
2128,2026-01-09 10:04:01.644,0.04,99.96,Unhealthy
2129,2026-01-09 10:04:01.666,0.04,99.96,Unhealthy
2130,2026-01-09 10:04:01.929,0.05,99.95,Unhealthy
2131,2026-01-09 10:04:01.947,0.03,99.97,Unhealthy
2132,2026-01-09 10:04:01.967,0.03,99.97,Unhealthy
2133,2026-01-09 10:04:02.087,0.03,99.97,Unhealthy
2134,2026-01-09 10:04:02.106,0.04,99.96,Unhealthy
2135,2026-01-09 10:04:02.123,0.03,99.97,Unhealthy
2136,2026-01-09 10:04:02.142,0.04,99.96,Unhealthy
2137,2026-01-09 10:04:02.225,0.03,99.97,Unhealthy
2138,2026-01-09 10:04:02.246,0.03,99.97,Unhealthy
2139,2026-01-09 10:04:02.263,0.03,99.97,Unhealthy
2140,2026-01-09 10:04:02.282,0.03,99.97,Unhealthy
2141,2026-01-09 10:04:02.301,0.03,99.97,Unhealthy
2142,2026-01-09 10:04:02.411,0.03,99.97,Unhealthy
2143,2026-01-09 10:04:02.428,0.04,99.96,Unhealthy
2144,2026-01-09 10:04:02.568,0.04,99.96,Unhealthy
2145,2026-01-09 10:04:02.587,0.03,99.97,Unhealthy
2146,2026-01-09 10:04:02.710,0.04,99.96,Unhealthy
2147,2026-01-09 10:04:02.731,0.04,99.96,Unhealthy
2148,2026-01-09 10:04:02.859,0.05,99.95,Unhealthy
2149,2026-01-09 10:04:02.879,0.05,99.95,Unhealthy
2150,2026-01-09 10:04:03.000,0.05,99.95,Unhealthy
2151,2026-01-09 10:04:03.297,0.05,99.95,Unhealthy
2152,2026-01-09 10:04:03.320,0.04,99.96,Unhealthy
2153,2026-01-09 10:04:03.353,0.04,99.96,Unhealthy
2154,2026-01-09 10:04:03.484,0.05,99.95,Unhealthy
2155,2026-01-09 10:04:03.627,0.05,99.95,Unhealthy
2156,2026-01-09 10:04:03.785,0.07,99.93,Unhealthy
2157,2026-01-09 10:04:03.924,0.08,99.92,Unhealthy
2158,2026-01-09 10:04:04.065,0.09,99.91,Unhealthy
2159,2026-01-09 10:04:04.220,0.06,99.94,Unhealthy
2160,2026-01-09 10:04:04.353,0.05,99.95,Unhealthy
2161,2026-01-09 10:04:04.372,0.01,99.99,Unhealthy
2162,2026-01-09 10:04:04.395,0.00,100.00,Unhealthy
2163,2026-01-09 10:04:04.415,0.00,100.00,Unhealthy
2164,2026-01-09 10:04:04.435,0.01,99.99,Unhealthy
2165,2026-01-09 10:04:04.453,0.01,99.99,Unhealthy
2166,2026-01-09 10:04:04.474,0.03,99.97,Unhealthy
2167,2026-01-09 10:04:04.495,0.03,99.97,Unhealthy
2168,2026-01-09 10:04:04.517,0.03,99.97,Unhealthy
2169,2026-01-09 10:04:04.536,0.13,99.87,Unhealthy
2170,2026-01-09 10:04:04.556,0.18,99.82,Unhealthy
2171,2026-01-09 10:04:04.581,0.41,99.59,Unhealthy
2172,2026-01-09 10:04:04.603,0.47,99.53,Unhealthy
2173,2026-01-09 10:04:04.622,0.49,99.51,Unhealthy
2174,2026-01-09 10:04:04.647,0.52,99.48,Unhealthy
2175,2026-01-09 10:04:04.666,0.55,99.45,Unhealthy
2176,2026-01-09 10:04:04.687,0.52,99.48,Unhealthy
2177,2026-01-09 10:04:04.705,0.54,99.46,Unhealthy
2178,2026-01-09 10:04:04.727,0.50,99.50,Unhealthy
2179,2026-01-09 10:04:04.744,0.46,99.54,Unhealthy
2180,2026-01-09 10:04:04.765,0.32,99.68,Unhealthy
2181,2026-01-09 10:04:04.786,0.33,99.67,Unhealthy
2182,2026-01-09 10:04:04.806,0.27,99.73,Unhealthy
2183,2026-01-09 10:04:04.831,0.24,99.76,Unhealthy
2184,2026-01-09 10:04:04.853,0.20,99.80,Unhealthy
2185,2026-01-09 10:04:04.872,0.16,99.84,Unhealthy
2186,2026-01-09 10:04:04.897,0.10,99.90,Unhealthy
2187,2026-01-09 10:04:04.917,0.05,99.95,Unhealthy
2188,2026-01-09 10:04:04.938,0.01,99.99,Unhealthy
2189,2026-01-09 10:04:04.958,0.01,99.99,Unhealthy
2190,2026-01-09 10:04:04.982,0.01,99.99,Unhealthy
2191,2026-01-09 10:04:05.001,0.01,99.99,Unhealthy
2192,2026-01-09 10:04:05.022,0.02,99.98,Unhealthy
2193,2026-01-09 10:04:05.044,0.01,99.99,Unhealthy
2194,2026-01-09 10:04:05.066,0.03,99.97,Unhealthy
2195,2026-01-09 10:04:05.085,0.05,99.95,Unhealthy
2196,2026-01-09 10:04:05.105,0.16,99.84,Unhealthy
2197,2026-01-09 10:04:05.128,0.28,99.72,Unhealthy
2198,2026-01-09 10:04:05.147,0.19,99.81,Unhealthy
2199,2026-01-09 10:04:05.168,0.07,99.93,Unhealthy
2200,2026-01-09 10:04:05.189,0.03,99.97,Unhealthy
2201,2026-01-09 10:04:05.208,0.02,99.98,Unhealthy
2202,2026-01-09 10:04:05.231,0.03,99.97,Unhealthy
2203,2026-01-09 10:04:05.250,0.06,99.94,Unhealthy
2204,2026-01-09 10:04:05.270,0.07,99.93,Unhealthy
2205,2026-01-09 10:04:05.288,0.08,99.92,Unhealthy
2206,2026-01-09 10:04:05.311,0.10,99.90,Unhealthy
2207,2026-01-09 10:04:05.330,0.11,99.89,Unhealthy
2208,2026-01-09 10:04:05.350,0.13,99.87,Unhealthy
2209,2026-01-09 10:04:05.370,0.11,99.89,Unhealthy
2210,2026-01-09 10:04:05.391,0.15,99.85,Unhealthy
2211,2026-01-09 10:04:05.415,0.15,99.85,Unhealthy
2212,2026-01-09 10:04:05.437,0.14,99.86,Unhealthy
2213,2026-01-09 10:04:05.458,0.13,99.87,Unhealthy
2214,2026-01-09 10:04:05.481,0.12,99.88,Unhealthy
2215,2026-01-09 10:04:05.503,0.11,99.89,Unhealthy
2216,2026-01-09 10:04:05.525,0.12,99.88,Unhealthy
2217,2026-01-09 10:04:05.547,0.15,99.85,Unhealthy
2218,2026-01-09 10:04:05.571,0.13,99.87,Unhealthy
2219,2026-01-09 10:04:05.591,0.14,99.86,Unhealthy
2220,2026-01-09 10:04:05.616,0.19,99.81,Unhealthy
2221,2026-01-09 10:04:05.635,0.19,99.81,Unhealthy
2222,2026-01-09 10:04:05.654,0.20,99.80,Unhealthy
2223,2026-01-09 10:04:05.675,0.23,99.77,Unhealthy
2224,2026-01-09 10:04:05.696,0.26,99.74,Unhealthy
2225,2026-01-09 10:04:05.715,0.26,99.74,Unhealthy
2226,2026-01-09 10:04:05.735,0.35,99.65,Unhealthy
2227,2026-01-09 10:04:05.752,0.35,99.65,Unhealthy
2228,2026-01-09 10:04:05.771,0.41,99.59,Unhealthy
2229,2026-01-09 10:04:05.789,0.43,99.57,Unhealthy
2230,2026-01-09 10:04:05.809,0.52,99.48,Unhealthy
2231,2026-01-09 10:04:05.828,0.57,99.43,Unhealthy
2232,2026-01-09 10:04:05.848,0.61,99.39,Unhealthy
2233,2026-01-09 10:04:05.868,0.60,99.40,Unhealthy
2234,2026-01-09 10:04:05.886,0.65,99.35,Unhealthy
2235,2026-01-09 10:04:05.904,0.68,99.32,Unhealthy
2236,2026-01-09 10:04:05.924,0.67,99.33,Unhealthy
2237,2026-01-09 10:04:05.943,0.70,99.30,Unhealthy
2238,2026-01-09 10:04:05.964,0.67,99.33,Unhealthy
2239,2026-01-09 10:04:05.981,0.62,99.38,Unhealthy
2240,2026-01-09 10:04:06.002,0.61,99.39,Unhealthy
2241,2026-01-09 10:04:06.019,0.59,99.41,Unhealthy
2242,2026-01-09 10:04:06.038,0.51,99.49,Unhealthy
2243,2026-01-09 10:04:06.057,0.45,99.55,Unhealthy
2244,2026-01-09 10:04:06.080,0.36,99.64,Unhealthy
2245,2026-01-09 10:04:06.099,0.26,99.74,Unhealthy
2246,2026-01-09 10:04:06.120,0.27,99.73,Unhealthy
2247,2026-01-09 10:04:06.138,0.21,99.79,Unhealthy
2248,2026-01-09 10:04:06.160,0.25,99.75,Unhealthy
2249,2026-01-09 10:04:06.181,0.26,99.74,Unhealthy
2250,2026-01-09 10:04:06.224,0.23,99.77,Unhealthy
2251,2026-01-09 10:04:06.257,0.20,99.80,Unhealthy
2252,2026-01-09 10:04:06.307,0.18,99.82,Unhealthy
2253,2026-01-09 10:04:06.349,0.02,99.98,Unhealthy
2254,2026-01-09 10:04:06.368,0.01,99.99,Unhealthy
2255,2026-01-09 10:04:06.451,0.01,99.99,Unhealthy
2256,2026-01-09 10:04:06.470,0.00,100.00,Unhealthy
2257,2026-01-09 10:04:06.502,0.00,100.00,Unhealthy
2258,2026-01-09 10:04:06.559,0.00,100.00,Unhealthy
2259,2026-01-09 10:04:06.587,0.00,100.00,Unhealthy
2260,2026-01-09 10:04:06.634,0.01,99.99,Unhealthy
2261,2026-01-09 10:04:06.687,0.01,99.99,Unhealthy
2262,2026-01-09 10:04:06.728,0.01,99.99,Unhealthy
2263,2026-01-09 10:04:06.770,0.02,99.98,Unhealthy
2264,2026-01-09 10:04:06.817,0.07,99.93,Unhealthy
2265,2026-01-09 10:04:06.838,0.24,99.76,Unhealthy
2266,2026-01-09 10:04:06.910,0.22,99.78,Unhealthy
2267,2026-01-09 10:04:06.928,0.20,99.80,Unhealthy
2268,2026-01-09 10:04:06.980,0.22,99.78,Unhealthy
2269,2026-01-09 10:04:07.012,0.22,99.78,Unhealthy
2270,2026-01-09 10:04:07.068,0.20,99.80,Unhealthy
2271,2026-01-09 10:04:07.087,0.13,99.87,Unhealthy
2272,2026-01-09 10:04:07.152,0.09,99.91,Unhealthy
2273,2026-01-09 10:04:07.208,0.09,99.91,Unhealthy
2274,2026-01-09 10:04:07.299,0.03,99.97,Unhealthy
2275,2026-01-09 10:04:07.333,0.03,99.97,Unhealthy
2276,2026-01-09 10:04:07.395,0.06,99.94,Unhealthy
2277,2026-01-09 10:04:07.414,0.09,99.91,Unhealthy
2278,2026-01-09 10:04:07.434,0.12,99.88,Unhealthy
2279,2026-01-09 10:04:07.461,0.20,99.80,Unhealthy
2280,2026-01-09 10:04:07.534,0.27,99.73,Unhealthy
2281,2026-01-09 10:04:07.552,0.56,99.44,Unhealthy
2282,2026-01-09 10:04:07.572,0.59,99.41,Unhealthy
2283,2026-01-09 10:04:07.634,0.61,99.39,Unhealthy
2284,2026-01-09 10:04:07.667,0.79,99.21,Unhealthy
2285,2026-01-09 10:04:07.688,0.99,99.01,Unhealthy
2286,2026-01-09 10:04:07.759,1.14,98.86,Unhealthy
2287,2026-01-09 10:04:07.811,1.19,98.81,Unhealthy
2288,2026-01-09 10:04:07.833,1.61,98.39,Unhealthy
2289,2026-01-09 10:04:07.851,1.89,98.11,Unhealthy
2290,2026-01-09 10:04:07.885,1.53,98.47,Unhealthy
2291,2026-01-09 10:04:07.966,1.01,98.99,Unhealthy
2292,2026-01-09 10:04:08.004,0.66,99.34,Unhealthy
2293,2026-01-09 10:04:08.028,0.43,99.57,Unhealthy
2294,2026-01-09 10:04:08.075,0.35,99.65,Unhealthy
2295,2026-01-09 10:04:08.101,0.23,99.77,Unhealthy
2296,2026-01-09 10:04:08.138,0.21,99.79,Unhealthy
2297,2026-01-09 10:04:08.199,0.17,99.83,Unhealthy
2298,2026-01-09 10:04:08.223,0.12,99.88,Unhealthy
2299,2026-01-09 10:04:08.266,0.12,99.88,Unhealthy
2300,2026-01-09 10:04:08.307,0.07,99.93,Unhealthy
2301,2026-01-09 10:04:08.355,0.11,99.89,Unhealthy
2302,2026-01-09 10:04:08.395,0.23,99.77,Unhealthy
2303,2026-01-09 10:04:08.454,0.45,99.55,Unhealthy
2304,2026-01-09 10:04:08.485,0.67,99.33,Unhealthy
2305,2026-01-09 10:04:08.545,0.79,99.21,Unhealthy
2306,2026-01-09 10:04:08.596,0.74,99.26,Unhealthy
2307,2026-01-09 10:04:08.618,0.79,99.21,Unhealthy
2308,2026-01-09 10:04:08.667,0.83,99.17,Unhealthy
2309,2026-01-09 10:04:08.684,0.86,99.14,Unhealthy
2310,2026-01-09 10:04:08.756,0.90,99.10,Unhealthy
2311,2026-01-09 10:04:08.778,0.91,99.09,Unhealthy
2312,2026-01-09 10:04:08.799,0.98,99.02,Unhealthy
2313,2026-01-09 10:04:08.858,0.98,99.02,Unhealthy
2314,2026-01-09 10:04:08.878,0.96,99.04,Unhealthy
2315,2026-01-09 10:04:08.924,0.97,99.03,Unhealthy
2316,2026-01-09 10:04:09.000,0.87,99.13,Unhealthy
2317,2026-01-09 10:04:09.128,0.68,99.32,Unhealthy
2318,2026-01-09 10:04:09.147,0.47,99.53,Unhealthy
2319,2026-01-09 10:04:09.165,0.22,99.78,Unhealthy
2320,2026-01-09 10:04:09.193,0.05,99.95,Unhealthy
2321,2026-01-09 10:04:09.211,0.00,100.00,Unhealthy
2322,2026-01-09 10:04:09.233,0.00,100.00,Unhealthy
2323,2026-01-09 10:04:09.282,0.00,100.00,Unhealthy
2324,2026-01-09 10:04:09.351,0.00,100.00,Unhealthy
2325,2026-01-09 10:04:09.399,0.00,100.00,Unhealthy
2326,2026-01-09 10:04:09.418,0.00,100.00,Unhealthy
2327,2026-01-09 10:04:09.447,0.04,99.96,Unhealthy
2328,2026-01-09 10:04:09.469,0.04,99.96,Unhealthy
2329,2026-01-09 10:04:09.517,0.03,99.97,Unhealthy
2330,2026-01-09 10:04:09.565,0.04,99.96,Unhealthy
2331,2026-01-09 10:04:09.625,0.05,99.95,Unhealthy
2332,2026-01-09 10:04:09.648,0.04,99.96,Unhealthy
2333,2026-01-09 10:04:09.674,0.03,99.97,Unhealthy
2334,2026-01-09 10:04:09.746,0.03,99.97,Unhealthy
2335,2026-01-09 10:04:09.764,0.03,99.97,Unhealthy
2336,2026-01-09 10:04:09.826,0.01,99.99,Unhealthy
2337,2026-01-09 10:04:09.845,0.03,99.97,Unhealthy
2338,2026-01-09 10:04:09.909,0.00,100.00,Unhealthy
2339,2026-01-09 10:04:09.942,0.00,100.00,Unhealthy
2340,2026-01-09 10:04:09.982,0.00,100.00,Unhealthy
2341,2026-01-09 10:04:10.001,0.00,100.00,Unhealthy
2342,2026-01-09 10:04:10.079,0.00,100.00,Unhealthy
2343,2026-01-09 10:04:10.105,0.00,100.00,Unhealthy
2344,2026-01-09 10:04:10.131,0.00,100.00,Unhealthy
2345,2026-01-09 10:04:10.204,0.00,100.00,Unhealthy
2346,2026-01-09 10:04:10.255,0.00,100.00,Unhealthy
2347,2026-01-09 10:04:10.290,0.00,100.00,Unhealthy
2348,2026-01-09 10:04:10.313,0.00,100.00,Unhealthy
2349,2026-01-09 10:04:10.350,0.00,100.00,Unhealthy
2350,2026-01-09 10:04:10.376,0.00,100.00,Unhealthy
2351,2026-01-09 10:04:10.439,0.00,100.00,Unhealthy
2352,2026-01-09 10:04:10.472,0.00,100.00,Unhealthy
2353,2026-01-09 10:04:10.509,0.00,100.00,Unhealthy
2354,2026-01-09 10:04:10.581,0.00,100.00,Unhealthy
2355,2026-01-09 10:04:10.598,0.01,99.99,Unhealthy
2356,2026-01-09 10:04:10.663,0.01,99.99,Unhealthy
2357,2026-01-09 10:04:10.681,0.00,100.00,Unhealthy
2358,2026-01-09 10:04:10.733,0.00,100.00,Unhealthy
2359,2026-01-09 10:04:10.806,0.00,100.00,Unhealthy
2360,2026-01-09 10:04:10.826,0.00,100.00,Unhealthy
2361,2026-01-09 10:04:10.845,0.00,100.00,Unhealthy
2362,2026-01-09 10:04:10.919,0.00,100.00,Unhealthy
2363,2026-01-09 10:04:10.941,0.00,100.00,Unhealthy
2364,2026-01-09 10:04:10.964,0.00,100.00,Unhealthy
2365,2026-01-09 10:04:11.049,0.00,100.00,Unhealthy
2366,2026-01-09 10:04:11.078,0.00,100.00,Unhealthy
2367,2026-01-09 10:04:11.097,0.00,100.00,Unhealthy
2368,2026-01-09 10:04:11.165,0.00,100.00,Unhealthy
2369,2026-01-09 10:04:11.204,0.00,100.00,Unhealthy
2370,2026-01-09 10:04:11.232,0.00,100.00,Unhealthy
2371,2026-01-09 10:04:11.262,0.00,100.00,Unhealthy
2372,2026-01-09 10:04:11.339,0.00,100.00,Unhealthy
2373,2026-01-09 10:04:11.358,0.00,100.00,Unhealthy
2374,2026-01-09 10:04:11.381,0.00,100.00,Unhealthy
2375,2026-01-09 10:04:11.459,0.00,100.00,Unhealthy
2376,2026-01-09 10:04:11.478,0.00,100.00,Unhealthy
2377,2026-01-09 10:04:11.496,0.00,100.00,Unhealthy
2378,2026-01-09 10:04:11.583,0.00,100.00,Unhealthy
2379,2026-01-09 10:04:11.623,0.00,100.00,Unhealthy
2380,2026-01-09 10:04:11.664,0.00,100.00,Unhealthy
2381,2026-01-09 10:04:11.694,0.00,100.00,Unhealthy
2382,2026-01-09 10:04:11.722,0.00,100.00,Unhealthy
2383,2026-01-09 10:04:11.787,0.00,100.00,Unhealthy
2384,2026-01-09 10:04:11.820,0.01,99.99,Unhealthy
2385,2026-01-09 10:04:11.844,0.01,99.99,Unhealthy
2386,2026-01-09 10:04:11.921,0.00,100.00,Unhealthy
2387,2026-01-09 10:04:11.954,0.00,100.00,Unhealthy
2388,2026-01-09 10:04:11.998,0.00,100.00,Unhealthy
2389,2026-01-09 10:04:12.015,0.00,100.00,Unhealthy
2390,2026-01-09 10:04:12.078,0.00,100.00,Unhealthy
2391,2026-01-09 10:04:12.101,0.00,100.00,Unhealthy
2392,2026-01-09 10:04:12.144,0.00,100.00,Unhealthy
2393,2026-01-09 10:04:12.198,0.00,100.00,Unhealthy
2394,2026-01-09 10:04:12.248,0.01,99.99,Unhealthy
2395,2026-01-09 10:04:12.286,0.01,99.99,Unhealthy
2396,2026-01-09 10:04:12.317,0.01,99.99,Unhealthy
2397,2026-01-09 10:04:12.337,0.01,99.99,Unhealthy
2398,2026-01-09 10:04:12.442,0.01,99.99,Unhealthy
2399,2026-01-09 10:04:12.460,0.00,100.00,Unhealthy
2400,2026-01-09 10:04:12.493,0.01,99.99,Unhealthy
2401,2026-01-09 10:04:12.513,0.00,100.00,Unhealthy
2402,2026-01-09 10:04:12.592,0.00,100.00,Unhealthy
2403,2026-01-09 10:04:12.612,0.00,100.00,Unhealthy
2404,2026-01-09 10:04:12.631,0.00,100.00,Unhealthy
2405,2026-01-09 10:04:12.714,0.00,100.00,Unhealthy
2406,2026-01-09 10:04:12.745,0.01,99.99,Unhealthy
2407,2026-01-09 10:04:12.762,0.00,100.00,Unhealthy
2408,2026-01-09 10:04:12.845,0.00,100.00,Unhealthy
2409,2026-01-09 10:04:12.875,0.00,100.00,Unhealthy
2410,2026-01-09 10:04:12.896,0.00,100.00,Unhealthy
2411,2026-01-09 10:04:12.915,0.00,100.00,Unhealthy
2412,2026-01-09 10:04:13.029,0.01,99.99,Unhealthy
2413,2026-01-09 10:04:13.049,0.00,100.00,Unhealthy
2414,2026-01-09 10:04:13.072,0.00,100.00,Unhealthy
2415,2026-01-09 10:04:13.094,0.00,100.00,Unhealthy
2416,2026-01-09 10:04:13.198,0.00,100.00,Unhealthy
2417,2026-01-09 10:04:13.243,0.00,100.00,Unhealthy
2418,2026-01-09 10:04:13.282,0.00,100.00,Unhealthy
2419,2026-01-09 10:04:13.314,0.01,99.99,Unhealthy
2420,2026-01-09 10:04:13.373,0.01,99.99,Unhealthy
2421,2026-01-09 10:04:13.391,0.01,99.99,Unhealthy
2422,2026-01-09 10:04:13.412,0.01,99.99,Unhealthy
2423,2026-01-09 10:04:13.432,0.01,99.99,Unhealthy
2424,2026-01-09 10:04:13.504,0.01,99.99,Unhealthy
2425,2026-01-09 10:04:13.553,0.01,99.99,Unhealthy
2426,2026-01-09 10:04:13.592,0.01,99.99,Unhealthy
2427,2026-01-09 10:04:13.637,0.02,99.98,Unhealthy
2428,2026-01-09 10:04:13.663,0.01,99.99,Unhealthy
2429,2026-01-09 10:04:13.691,0.01,99.99,Unhealthy
2430,2026-01-09 10:04:13.794,0.01,99.99,Unhealthy
2431,2026-01-09 10:04:13.813,0.02,99.98,Unhealthy
2432,2026-01-09 10:04:13.913,0.02,99.98,Unhealthy
2433,2026-01-09 10:04:13.933,0.01,99.99,Unhealthy
2434,2026-01-09 10:04:13.981,0.02,99.98,Unhealthy
2435,2026-01-09 10:04:14.015,0.03,99.97,Unhealthy
2436,2026-01-09 10:04:14.060,0.02,99.98,Unhealthy
2437,2026-01-09 10:04:14.097,0.03,99.97,Unhealthy
2438,2026-01-09 10:04:14.147,0.04,99.96,Unhealthy
2439,2026-01-09 10:04:14.191,0.03,99.97,Unhealthy
2440,2026-01-09 10:04:14.230,0.04,99.96,Unhealthy
2441,2026-01-09 10:04:14.268,0.05,99.95,Unhealthy
2442,2026-01-09 10:04:14.309,0.05,99.95,Unhealthy
2443,2026-01-09 10:04:14.341,0.08,99.92,Unhealthy
2444,2026-01-09 10:04:14.373,0.09,99.91,Unhealthy
2445,2026-01-09 10:04:14.411,0.07,99.93,Unhealthy
2446,2026-01-09 10:04:14.456,0.04,99.96,Unhealthy
2447,2026-01-09 10:04:14.495,0.03,99.97,Unhealthy
2448,2026-01-09 10:04:14.516,0.01,99.99,Unhealthy
2449,2026-01-09 10:04:14.541,0.00,100.00,Unhealthy
2450,2026-01-09 10:04:14.561,0.00,100.00,Unhealthy
2451,2026-01-09 10:04:14.632,0.00,100.00,Unhealthy
2452,2026-01-09 10:04:14.655,0.00,100.00,Unhealthy
2453,2026-01-09 10:04:14.682,0.00,100.00,Unhealthy
2454,2026-01-09 10:04:14.752,0.00,100.00,Unhealthy
2455,2026-01-09 10:04:14.772,0.01,99.99,Unhealthy
2456,2026-01-09 10:04:14.792,0.01,99.99,Unhealthy
2457,2026-01-09 10:04:14.899,0.03,99.97,Unhealthy
2458,2026-01-09 10:04:14.926,0.03,99.97,Unhealthy
2459,2026-01-09 10:04:14.950,0.11,99.89,Unhealthy
2460,2026-01-09 10:04:14.996,0.28,99.72,Unhealthy
2461,2026-01-09 10:04:15.044,0.41,99.59,Unhealthy
2462,2026-01-09 10:04:15.097,0.49,99.51,Unhealthy
2463,2026-01-09 10:04:15.131,0.54,99.46,Unhealthy
2464,2026-01-09 10:04:15.175,0.62,99.38,Unhealthy
2465,2026-01-09 10:04:15.207,0.60,99.40,Unhealthy
2466,2026-01-09 10:04:15.254,0.52,99.48,Unhealthy
2467,2026-01-09 10:04:16.104,0.50,99.50,Unhealthy
2468,2026-01-09 10:04:16.123,0.44,99.56,Unhealthy
2469,2026-01-09 10:04:16.260,0.31,99.69,Unhealthy
2470,2026-01-09 10:04:16.279,0.18,99.82,Unhealthy
2471,2026-01-09 10:04:16.299,0.08,99.92,Unhealthy
2472,2026-01-09 10:04:16.321,0.05,99.95,Unhealthy
2473,2026-01-09 10:04:16.340,0.23,99.77,Unhealthy
2474,2026-01-09 10:04:16.362,0.99,99.01,Unhealthy
2475,2026-01-09 10:04:16.382,1.55,98.45,Unhealthy
2476,2026-01-09 10:04:16.411,1.85,98.15,Unhealthy
2477,2026-01-09 10:04:16.441,1.81,98.19,Unhealthy
2478,2026-01-09 10:04:16.464,1.67,98.33,Unhealthy
2479,2026-01-09 10:04:16.489,1.32,98.68,Unhealthy
2480,2026-01-09 10:04:16.514,0.77,99.23,Unhealthy
2481,2026-01-09 10:04:16.539,0.14,99.86,Unhealthy
2482,2026-01-09 10:04:16.562,0.00,100.00,Unhealthy
2483,2026-01-09 10:04:16.589,0.00,100.00,Unhealthy
2484,2026-01-09 10:04:16.612,0.09,99.91,Unhealthy
2485,2026-01-09 10:04:16.635,0.49,99.51,Unhealthy
2486,2026-01-09 10:04:16.656,1.18,98.82,Unhealthy
2487,2026-01-09 10:04:16.675,1.51,98.49,Unhealthy
2488,2026-01-09 10:04:17.573,1.44,98.56,Unhealthy
2489,2026-01-09 10:04:17.592,1.17,98.83,Unhealthy
2490,2026-01-09 10:04:17.846,0.87,99.13,Unhealthy
2491,2026-01-09 10:04:17.867,0.67,99.33,Unhealthy
2492,2026-01-09 10:04:17.889,0.47,99.53,Unhealthy
2493,2026-01-09 10:04:17.908,0.25,99.75,Unhealthy
2494,2026-01-09 10:04:17.929,0.05,99.95,Unhealthy
2495,2026-01-09 10:04:18.016,0.02,99.98,Unhealthy
2496,2026-01-09 10:04:18.037,0.02,99.98,Unhealthy
2497,2026-01-09 10:04:18.057,0.02,99.98,Unhealthy
2498,2026-01-09 10:04:18.167,0.02,99.98,Unhealthy
2499,2026-01-09 10:04:18.187,0.02,99.98,Unhealthy
2500,2026-01-09 10:04:18.207,0.02,99.98,Unhealthy
2501,2026-01-09 10:04:18.225,0.03,99.97,Unhealthy
2502,2026-01-09 10:04:18.306,0.02,99.98,Unhealthy
2503,2026-01-09 10:04:18.324,0.02,99.98,Unhealthy
2504,2026-01-09 10:04:18.344,0.02,99.98,Unhealthy
2505,2026-01-09 10:04:18.463,0.02,99.98,Unhealthy
2506,2026-01-09 10:04:18.483,0.02,99.98,Unhealthy
2507,2026-01-09 10:04:18.609,0.02,99.98,Unhealthy
2508,2026-01-09 10:04:18.632,0.02,99.98,Unhealthy
2509,2026-01-09 10:04:18.652,0.02,99.98,Unhealthy
2510,2026-01-09 10:04:18.919,0.03,99.97,Unhealthy
2511,2026-01-09 10:04:18.940,0.03,99.97,Unhealthy
2512,2026-01-09 10:04:18.959,0.01,99.99,Unhealthy
2513,2026-01-09 10:04:18.981,0.01,99.99,Unhealthy
2514,2026-01-09 10:04:19.080,0.00,100.00,Unhealthy
2515,2026-01-09 10:04:19.099,0.00,100.00,Unhealthy
2516,2026-01-09 10:04:19.201,0.00,100.00,Unhealthy
2517,2026-01-09 10:04:19.220,0.00,100.00,Unhealthy
2518,2026-01-09 10:04:19.241,0.00,100.00,Unhealthy
2519,2026-01-09 10:04:19.262,0.00,100.00,Unhealthy
2520,2026-01-09 10:04:19.296,0.00,100.00,Unhealthy
2521,2026-01-09 10:04:19.321,0.00,100.00,Unhealthy
2522,2026-01-09 10:04:19.347,0.01,99.99,Unhealthy
2523,2026-01-09 10:04:19.371,0.00,100.00,Unhealthy
2524,2026-01-09 10:04:19.392,0.00,100.00,Unhealthy
2525,2026-01-09 10:04:19.413,0.00,100.00,Unhealthy
2526,2026-01-09 10:04:19.434,0.00,100.00,Unhealthy
2527,2026-01-09 10:04:19.452,0.00,100.00,Unhealthy
2528,2026-01-09 10:04:19.472,0.00,100.00,Unhealthy
2529,2026-01-09 10:04:19.491,0.00,100.00,Unhealthy
2530,2026-01-09 10:04:19.536,0.01,99.99,Unhealthy
2531,2026-01-09 10:04:19.556,0.00,100.00,Unhealthy
2532,2026-01-09 10:04:19.577,0.01,99.99,Unhealthy
2533,2026-01-09 10:04:19.596,0.02,99.98,Unhealthy
2534,2026-01-09 10:04:19.616,0.01,99.99,Unhealthy
2535,2026-01-09 10:04:19.635,0.00,100.00,Unhealthy
2536,2026-01-09 10:04:19.655,0.00,100.00,Unhealthy
2537,2026-01-09 10:04:19.673,0.00,100.00,Unhealthy
2538,2026-01-09 10:04:19.692,0.00,100.00,Unhealthy
2539,2026-01-09 10:04:19.710,0.00,100.00,Unhealthy
2540,2026-01-09 10:04:19.729,0.00,100.00,Unhealthy
2541,2026-01-09 10:04:19.746,0.00,100.00,Unhealthy
2542,2026-01-09 10:04:19.764,0.00,100.00,Unhealthy
2543,2026-01-09 10:04:19.781,0.00,100.00,Unhealthy
2544,2026-01-09 10:04:19.800,0.00,100.00,Unhealthy
2545,2026-01-09 10:04:19.818,0.01,99.99,Unhealthy
2546,2026-01-09 10:04:19.837,0.01,99.99,Unhealthy
2547,2026-01-09 10:04:19.857,0.00,100.00,Unhealthy
2548,2026-01-09 10:04:19.876,0.00,100.00,Unhealthy
2549,2026-01-09 10:04:19.901,0.01,99.99,Unhealthy
2550,2026-01-09 10:04:19.924,0.00,100.00,Unhealthy
2551,2026-01-09 10:04:19.945,0.00,100.00,Unhealthy
2552,2026-01-09 10:04:19.969,0.01,99.99,Unhealthy
2553,2026-01-09 10:04:19.990,0.00,100.00,Unhealthy
2554,2026-01-09 10:04:20.007,0.00,100.00,Unhealthy
2555,2026-01-09 10:04:20.026,0.00,100.00,Unhealthy
2556,2026-01-09 10:04:20.046,0.00,100.00,Unhealthy
2557,2026-01-09 10:04:20.065,0.00,100.00,Unhealthy
2558,2026-01-09 10:04:20.084,0.00,100.00,Unhealthy
2559,2026-01-09 10:04:20.109,0.00,100.00,Unhealthy
2560,2026-01-09 10:04:20.141,0.00,100.00,Unhealthy
2561,2026-01-09 10:04:20.197,0.00,100.00,Unhealthy
2562,2026-01-09 10:04:20.277,0.00,100.00,Unhealthy
2563,2026-01-09 10:04:20.297,0.00,100.00,Unhealthy
2564,2026-01-09 10:04:20.317,0.00,100.00,Unhealthy
2565,2026-01-09 10:04:20.339,0.00,100.00,Unhealthy
2566,2026-01-09 10:04:20.359,0.01,99.99,Unhealthy
2567,2026-01-09 10:04:20.389,0.00,100.00,Unhealthy
2568,2026-01-09 10:04:20.429,0.00,100.00,Unhealthy
2569,2026-01-09 10:04:20.465,0.00,100.00,Unhealthy
2570,2026-01-09 10:04:20.501,0.00,100.00,Unhealthy
2571,2026-01-09 10:04:20.534,0.00,100.00,Unhealthy
2572,2026-01-09 10:04:20.568,0.00,100.00,Unhealthy
2573,2026-01-09 10:04:20.603,0.00,100.00,Unhealthy
2574,2026-01-09 10:04:20.623,0.00,100.00,Unhealthy
2575,2026-01-09 10:04:20.643,0.00,100.00,Unhealthy
2576,2026-01-09 10:04:20.669,0.00,100.00,Unhealthy
2577,2026-01-09 10:04:20.691,0.00,100.00,Unhealthy
2578,2026-01-09 10:04:20.722,0.00,100.00,Unhealthy
2579,2026-01-09 10:04:20.760,0.00,100.00,Unhealthy
2580,2026-01-09 10:04:20.829,0.00,100.00,Unhealthy
2581,2026-01-09 10:04:20.856,0.00,100.00,Unhealthy
2582,2026-01-09 10:04:20.892,0.00,100.00,Unhealthy
2583,2026-01-09 10:04:20.921,0.00,100.00,Unhealthy
2584,2026-01-09 10:04:20.940,0.00,100.00,Unhealthy
2585,2026-01-09 10:04:20.970,0.01,99.99,Unhealthy
2586,2026-01-09 10:04:20.997,0.00,100.00,Unhealthy
2587,2026-01-09 10:04:21.025,0.00,100.00,Unhealthy
2588,2026-01-09 10:04:21.048,0.00,100.00,Unhealthy
2589,2026-01-09 10:04:21.092,0.00,100.00,Unhealthy
2590,2026-01-09 10:04:21.133,0.01,99.99,Unhealthy
2591,2026-01-09 10:04:21.171,0.00,100.00,Unhealthy
2592,2026-01-09 10:04:21.226,0.00,100.00,Unhealthy
2593,2026-01-09 10:04:21.248,0.00,100.00,Unhealthy
2594,2026-01-09 10:04:21.270,0.00,100.00,Unhealthy
2595,2026-01-09 10:04:21.306,0.00,100.00,Unhealthy
2596,2026-01-09 10:04:21.344,0.00,100.00,Unhealthy
2597,2026-01-09 10:04:21.372,0.00,100.00,Unhealthy
2598,2026-01-09 10:04:21.402,0.00,100.00,Unhealthy
2599,2026-01-09 10:04:21.434,0.00,100.00,Unhealthy
2600,2026-01-09 10:04:21.467,0.01,99.99,Unhealthy
2601,2026-01-09 10:04:21.521,0.00,100.00,Unhealthy
2602,2026-01-09 10:04:21.540,0.00,100.00,Unhealthy
2603,2026-01-09 10:04:21.562,0.00,100.00,Unhealthy
2604,2026-01-09 10:04:21.588,0.00,100.00,Unhealthy
2605,2026-01-09 10:04:21.607,0.00,100.00,Unhealthy
2606,2026-01-09 10:04:21.631,0.00,100.00,Unhealthy
2607,2026-01-09 10:04:21.651,0.00,100.00,Unhealthy
2608,2026-01-09 10:04:21.671,0.00,100.00,Unhealthy
2609,2026-01-09 10:04:21.689,0.00,100.00,Unhealthy
2610,2026-01-09 10:04:21.711,0.00,100.00,Unhealthy
2611,2026-01-09 10:04:21.733,0.00,100.00,Unhealthy
2612,2026-01-09 10:04:21.754,0.00,100.00,Unhealthy
2613,2026-01-09 10:04:21.771,0.00,100.00,Unhealthy
2614,2026-01-09 10:04:22.100,0.00,100.00,Unhealthy
2615,2026-01-09 10:04:22.119,0.00,100.00,Unhealthy
2616,2026-01-09 10:04:22.138,0.00,100.00,Unhealthy
2617,2026-01-09 10:04:22.154,0.00,100.00,Unhealthy
2618,2026-01-09 10:04:22.172,0.00,100.00,Unhealthy
2619,2026-01-09 10:04:22.188,0.00,100.00,Unhealthy
2620,2026-01-09 10:04:22.207,0.00,100.00,Unhealthy
2621,2026-01-09 10:04:22.225,0.00,100.00,Unhealthy
2622,2026-01-09 10:04:22.245,0.00,100.00,Unhealthy
2623,2026-01-09 10:04:22.262,0.00,100.00,Unhealthy
2624,2026-01-09 10:04:22.282,0.00,100.00,Unhealthy
2625,2026-01-09 10:04:22.299,0.00,100.00,Unhealthy
2626,2026-01-09 10:04:22.317,0.00,100.00,Unhealthy
2627,2026-01-09 10:04:22.340,0.00,100.00,Unhealthy
2628,2026-01-09 10:04:22.373,0.00,100.00,Unhealthy
2629,2026-01-09 10:04:22.401,0.00,100.00,Unhealthy
2630,2026-01-09 10:04:22.429,0.00,100.00,Unhealthy
2631,2026-01-09 10:04:22.458,0.00,100.00,Unhealthy
2632,2026-01-09 10:04:22.482,0.00,100.00,Unhealthy
2633,2026-01-09 10:04:22.514,0.00,100.00,Unhealthy
2634,2026-01-09 10:04:22.539,0.00,100.00,Unhealthy
2635,2026-01-09 10:04:22.585,0.00,100.00,Unhealthy
2636,2026-01-09 10:04:22.620,0.00,100.00,Unhealthy
2637,2026-01-09 10:04:22.654,0.00,100.00,Unhealthy
2638,2026-01-09 10:04:22.672,0.01,99.99,Unhealthy
2639,2026-01-09 10:04:22.688,0.00,100.00,Unhealthy
2640,2026-01-09 10:04:22.760,0.00,100.00,Unhealthy
2641,2026-01-09 10:04:22.854,0.00,100.00,Unhealthy
2642,2026-01-09 10:04:22.873,0.00,100.00,Unhealthy
2643,2026-01-09 10:04:22.900,0.01,99.99,Unhealthy
2644,2026-01-09 10:04:22.938,0.00,100.00,Unhealthy
2645,2026-01-09 10:04:22.988,0.00,100.00,Unhealthy
2646,2026-01-09 10:04:23.032,0.00,100.00,Unhealthy
2647,2026-01-09 10:04:23.049,0.00,100.00,Unhealthy
2648,2026-01-09 10:04:23.123,0.00,100.00,Unhealthy
2649,2026-01-09 10:04:23.450,0.01,99.99,Unhealthy
2650,2026-01-09 10:04:23.546,0.01,99.99,Unhealthy
2651,2026-01-09 10:04:23.658,0.00,100.00,Unhealthy
2652,2026-01-09 10:04:23.718,0.00,100.00,Unhealthy
2653,2026-01-09 10:04:23.839,0.00,100.00,Unhealthy
2654,2026-01-09 10:04:24.552,0.00,100.00,Unhealthy
2655,2026-01-09 10:04:24.576,0.00,100.00,Unhealthy
2656,2026-01-09 10:04:24.704,0.00,100.00,Unhealthy
2657,2026-01-09 10:04:24.723,0.00,100.00,Unhealthy
2658,2026-01-09 10:04:24.747,0.00,100.00,Unhealthy
2659,2026-01-09 10:04:24.766,0.00,100.00,Unhealthy
2660,2026-01-09 10:04:24.788,0.00,100.00,Unhealthy
2661,2026-01-09 10:04:24.805,0.00,100.00,Unhealthy
2662,2026-01-09 10:04:24.826,0.00,100.00,Unhealthy
2663,2026-01-09 10:04:24.912,0.00,100.00,Unhealthy
2664,2026-01-09 10:04:24.949,0.00,100.00,Unhealthy
2665,2026-01-09 10:04:24.982,0.00,100.00,Unhealthy
2666,2026-01-09 10:04:25.129,0.00,100.00,Unhealthy
2667,2026-01-09 10:04:25.593,0.00,100.00,Unhealthy
2668,2026-01-09 10:04:25.611,0.00,100.00,Unhealthy
2669,2026-01-09 10:04:25.630,0.00,100.00,Unhealthy
2670,2026-01-09 10:04:25.651,0.00,100.00,Unhealthy
2671,2026-01-09 10:04:25.737,0.01,99.99,Unhealthy
2672,2026-01-09 10:04:25.887,0.01,99.99,Unhealthy
2673,2026-01-09 10:04:25.985,0.01,99.99,Unhealthy
2674,2026-01-09 10:04:26.150,0.01,99.99,Unhealthy
2675,2026-01-09 10:04:26.268,0.00,100.00,Unhealthy
2676,2026-01-09 10:04:26.352,0.00,100.00,Unhealthy
2677,2026-01-09 10:04:26.414,0.00,100.00,Unhealthy
2678,2026-01-09 10:04:26.603,0.00,100.00,Unhealthy
2679,2026-01-09 10:04:26.680,0.00,100.00,Unhealthy
2680,2026-01-09 10:04:26.761,0.00,100.00,Unhealthy
2681,2026-01-09 10:04:26.918,0.00,100.00,Unhealthy
2682,2026-01-09 10:04:27.007,0.00,100.00,Unhealthy
2683,2026-01-09 10:04:27.067,0.00,100.00,Unhealthy
2684,2026-01-09 10:04:27.134,0.00,100.00,Unhealthy
2685,2026-01-09 10:04:27.215,0.00,100.00,Unhealthy
2686,2026-01-09 10:04:27.257,0.01,99.99,Unhealthy
2687,2026-01-09 10:04:27.284,0.01,99.99,Unhealthy
2688,2026-01-09 10:04:27.325,0.00,100.00,Unhealthy
2689,2026-01-09 10:04:27.353,0.00,100.00,Unhealthy
2690,2026-01-09 10:04:27.383,0.00,100.00,Unhealthy
2691,2026-01-09 10:04:27.418,0.01,99.99,Unhealthy
2692,2026-01-09 10:04:27.447,0.00,100.00,Unhealthy
2693,2026-01-09 10:04:27.471,0.01,99.99,Unhealthy
2694,2026-01-09 10:04:27.531,0.01,99.99,Unhealthy
2695,2026-01-09 10:04:27.549,0.00,100.00,Unhealthy
2696,2026-01-09 10:04:27.571,0.00,100.00,Unhealthy
2697,2026-01-09 10:04:27.595,0.01,99.99,Unhealthy
2698,2026-01-09 10:04:27.614,0.01,99.99,Unhealthy
2699,2026-01-09 10:04:27.632,0.01,99.99,Unhealthy
2700,2026-01-09 10:04:27.688,0.02,99.98,Unhealthy
2701,2026-01-09 10:04:27.727,0.03,99.97,Unhealthy
2702,2026-01-09 10:04:27.761,0.01,99.99,Unhealthy
2703,2026-01-09 10:04:27.789,0.01,99.99,Unhealthy
2704,2026-01-09 10:04:27.816,0.02,99.98,Unhealthy
2705,2026-01-09 10:04:27.842,0.01,99.99,Unhealthy
2706,2026-01-09 10:04:27.883,0.03,99.97,Unhealthy
2707,2026-01-09 10:04:27.925,0.03,99.97,Unhealthy
2708,2026-01-09 10:04:27.963,0.03,99.97,Unhealthy
2709,2026-01-09 10:04:27.995,0.04,99.96,Unhealthy
2710,2026-01-09 10:04:28.077,0.04,99.96,Unhealthy
2711,2026-01-09 10:04:28.106,0.04,99.96,Unhealthy
2712,2026-01-09 10:04:28.130,0.03,99.97,Unhealthy
2713,2026-01-09 10:04:28.188,0.02,99.98,Unhealthy
2714,2026-01-09 10:04:28.215,0.02,99.98,Unhealthy
2715,2026-01-09 10:04:28.236,0.02,99.98,Unhealthy
2716,2026-01-09 10:04:28.261,0.02,99.98,Unhealthy
2717,2026-01-09 10:04:28.281,0.02,99.98,Unhealthy
2718,2026-01-09 10:04:28.322,0.02,99.98,Unhealthy
2719,2026-01-09 10:04:28.365,0.03,99.97,Unhealthy
2720,2026-01-09 10:04:28.421,0.02,99.98,Unhealthy
2721,2026-01-09 10:04:28.464,0.01,99.99,Unhealthy
2722,2026-01-09 10:04:28.494,0.01,99.99,Unhealthy
2723,2026-01-09 10:04:28.528,0.02,99.98,Unhealthy
2724,2026-01-09 10:04:28.580,0.02,99.98,Unhealthy
2725,2026-01-09 10:04:28.605,0.01,99.99,Unhealthy
2726,2026-01-09 10:04:28.638,0.02,99.98,Unhealthy
2727,2026-01-09 10:04:28.664,0.01,99.99,Unhealthy
2728,2026-01-09 10:04:28.689,0.02,99.98,Unhealthy
2729,2026-01-09 10:04:28.717,0.04,99.96,Unhealthy
2730,2026-01-09 10:04:28.843,0.03,99.97,Unhealthy
2731,2026-01-09 10:04:28.861,0.05,99.95,Unhealthy
2732,2026-01-09 10:04:28.881,0.07,99.93,Unhealthy
2733,2026-01-09 10:04:28.900,0.06,99.94,Unhealthy
2734,2026-01-09 10:04:28.925,0.06,99.94,Unhealthy
2735,2026-01-09 10:04:28.944,0.08,99.92,Unhealthy
2736,2026-01-09 10:04:28.968,0.13,99.87,Unhealthy
2737,2026-01-09 10:04:28.989,0.11,99.89,Unhealthy
2738,2026-01-09 10:04:29.009,0.05,99.95,Unhealthy
2739,2026-01-09 10:04:29.028,0.05,99.95,Unhealthy
2740,2026-01-09 10:04:29.049,0.09,99.91,Unhealthy
2741,2026-01-09 10:04:29.068,0.07,99.93,Unhealthy
2742,2026-01-09 10:04:29.089,0.05,99.95,Unhealthy
2743,2026-01-09 10:04:29.106,0.03,99.97,Unhealthy
2744,2026-01-09 10:04:29.126,0.02,99.98,Unhealthy
2745,2026-01-09 10:04:29.145,0.09,99.91,Unhealthy
2746,2026-01-09 10:04:29.167,0.10,99.90,Unhealthy
2747,2026-01-09 10:04:29.186,0.18,99.82,Unhealthy
2748,2026-01-09 10:04:29.207,0.17,99.83,Unhealthy
2749,2026-01-09 10:04:29.226,0.10,99.90,Unhealthy
2750,2026-01-09 10:04:29.247,0.07,99.93,Unhealthy
2751,2026-01-09 10:04:29.265,0.05,99.95,Unhealthy
2752,2026-01-09 10:04:29.285,0.04,99.96,Unhealthy
2753,2026-01-09 10:04:29.304,0.03,99.97,Unhealthy
2754,2026-01-09 10:04:29.326,0.03,99.97,Unhealthy
2755,2026-01-09 10:04:29.347,0.02,99.98,Unhealthy
2756,2026-01-09 10:04:29.371,0.18,99.82,Unhealthy
2757,2026-01-09 10:04:29.393,0.34,99.66,Unhealthy
2758,2026-01-09 10:04:29.428,0.26,99.74,Unhealthy
2759,2026-01-09 10:04:29.453,0.28,99.72,Unhealthy
2760,2026-01-09 10:04:29.482,0.23,99.77,Unhealthy
2761,2026-01-09 10:04:29.507,0.09,99.91,Unhealthy
2762,2026-01-09 10:04:29.526,0.08,99.92,Unhealthy
2763,2026-01-09 10:04:29.544,0.05,99.95,Unhealthy
2764,2026-01-09 10:04:29.563,0.05,99.95,Unhealthy
2765,2026-01-09 10:04:29.580,0.18,99.82,Unhealthy
2766,2026-01-09 10:04:29.599,0.19,99.81,Unhealthy
2767,2026-01-09 10:04:29.617,0.26,99.74,Unhealthy
2768,2026-01-09 10:04:29.635,0.31,99.69,Unhealthy
2769,2026-01-09 10:04:29.652,0.29,99.71,Unhealthy
2770,2026-01-09 10:04:29.671,0.27,99.73,Unhealthy
2771,2026-01-09 10:04:29.687,0.25,99.75,Unhealthy
2772,2026-01-09 10:04:29.705,0.13,99.87,Unhealthy
2773,2026-01-09 10:04:29.720,0.17,99.83,Unhealthy
2774,2026-01-09 10:04:29.740,0.11,99.89,Unhealthy
2775,2026-01-09 10:04:29.759,0.11,99.89,Unhealthy
2776,2026-01-09 10:04:29.777,0.12,99.88,Unhealthy
2777,2026-01-09 10:04:29.794,0.15,99.85,Unhealthy
2778,2026-01-09 10:04:29.813,0.14,99.86,Unhealthy
2779,2026-01-09 10:04:29.830,0.11,99.89,Unhealthy
2780,2026-01-09 10:04:29.847,0.12,99.88,Unhealthy
2781,2026-01-09 10:04:29.864,0.05,99.95,Unhealthy
2782,2026-01-09 10:04:29.881,0.06,99.94,Unhealthy
2783,2026-01-09 10:04:29.897,0.05,99.95,Unhealthy
2784,2026-01-09 10:04:29.914,0.05,99.95,Unhealthy
2785,2026-01-09 10:04:29.930,0.03,99.97,Unhealthy
2786,2026-01-09 10:04:29.947,0.03,99.97,Unhealthy
2787,2026-01-09 10:04:29.963,0.03,99.97,Unhealthy
2788,2026-01-09 10:04:29.980,0.04,99.96,Unhealthy
2789,2026-01-09 10:04:29.995,0.04,99.96,Unhealthy
2790,2026-01-09 10:04:30.015,0.02,99.98,Unhealthy
2791,2026-01-09 10:04:30.033,0.01,99.99,Unhealthy
2792,2026-01-09 10:04:30.054,0.01,99.99,Unhealthy
2793,2026-01-09 10:04:30.071,0.02,99.98,Unhealthy
2794,2026-01-09 10:04:30.088,0.02,99.98,Unhealthy
2795,2026-01-09 10:04:30.104,0.01,99.99,Unhealthy
2796,2026-01-09 10:04:30.122,0.01,99.99,Unhealthy
2797,2026-01-09 10:04:30.139,0.01,99.99,Unhealthy
2798,2026-01-09 10:04:30.157,0.02,99.98,Unhealthy
2799,2026-01-09 10:04:30.175,0.01,99.99,Unhealthy
2800,2026-01-09 10:04:30.194,0.01,99.99,Unhealthy
2801,2026-01-09 10:04:30.211,0.01,99.99,Unhealthy
2802,2026-01-09 10:04:30.230,0.03,99.97,Unhealthy
2803,2026-01-09 10:04:30.246,0.04,99.96,Unhealthy
2804,2026-01-09 10:04:30.264,0.02,99.98,Unhealthy
2805,2026-01-09 10:04:30.281,0.02,99.98,Unhealthy
2806,2026-01-09 10:04:30.298,0.02,99.98,Unhealthy
2807,2026-01-09 10:04:30.314,0.03,99.97,Unhealthy
2808,2026-01-09 10:04:30.333,0.04,99.96,Unhealthy
2809,2026-01-09 10:04:30.351,0.04,99.96,Unhealthy
2810,2026-01-09 10:04:30.373,0.02,99.98,Unhealthy
2811,2026-01-09 10:04:30.391,0.03,99.97,Unhealthy
2812,2026-01-09 10:04:30.410,0.02,99.98,Unhealthy
2813,2026-01-09 10:04:30.529,0.01,99.99,Unhealthy
2814,2026-01-09 10:04:30.550,0.00,100.00,Unhealthy
2815,2026-01-09 10:04:30.571,0.01,99.99,Unhealthy
2816,2026-01-09 10:04:30.595,0.02,99.98,Unhealthy
2817,2026-01-09 10:04:30.612,0.02,99.98,Unhealthy
2818,2026-01-09 10:04:30.631,0.02,99.98,Unhealthy
2819,2026-01-09 10:04:30.649,0.01,99.99,Unhealthy
2820,2026-01-09 10:04:30.704,0.01,99.99,Unhealthy
2821,2026-01-09 10:04:30.724,0.01,99.99,Unhealthy
2822,2026-01-09 10:04:30.824,0.01,99.99,Unhealthy
2823,2026-01-09 10:04:30.844,0.00,100.00,Unhealthy
2824,2026-01-09 10:04:30.863,0.01,99.99,Unhealthy
2825,2026-01-09 10:04:30.880,0.00,100.00,Unhealthy
2826,2026-01-09 10:04:30.970,0.01,99.99,Unhealthy
2827,2026-01-09 10:04:30.988,0.07,99.93,Unhealthy
2828,2026-01-09 10:04:31.084,0.05,99.95,Unhealthy
2829,2026-01-09 10:04:31.110,0.05,99.95,Unhealthy
2830,2026-01-09 10:04:31.138,0.06,99.94,Unhealthy
2831,2026-01-09 10:04:31.249,0.03,99.97,Unhealthy
2832,2026-01-09 10:04:31.282,0.02,99.98,Unhealthy
2833,2026-01-09 10:04:31.354,0.01,99.99,Unhealthy
2834,2026-01-09 10:04:31.374,0.01,99.99,Unhealthy
2835,2026-01-09 10:04:31.462,0.01,99.99,Unhealthy
2836,2026-01-09 10:04:31.481,0.01,99.99,Unhealthy
2837,2026-01-09 10:04:31.615,0.00,100.00,Unhealthy
2838,2026-01-09 10:04:31.635,0.01,99.99,Unhealthy
2839,2026-01-09 10:04:31.780,0.02,99.98,Unhealthy
2840,2026-01-09 10:04:31.927,0.02,99.98,Unhealthy
2841,2026-01-09 10:04:32.074,0.01,99.99,Unhealthy
2842,2026-01-09 10:04:32.230,0.01,99.99,Unhealthy
2843,2026-01-09 10:04:32.414,0.01,99.99,Unhealthy
2844,2026-01-09 10:04:32.729,0.00,100.00,Unhealthy
2845,2026-01-09 10:04:33.017,0.00,100.00,Unhealthy
2846,2026-01-09 10:04:33.185,0.03,99.97,Unhealthy
2847,2026-01-09 10:04:33.339,0.04,99.96,Unhealthy
2848,2026-01-09 10:04:33.491,0.08,99.92,Unhealthy
2849,2026-01-09 10:04:33.933,0.07,99.93,Unhealthy
2850,2026-01-09 10:04:34.322,0.05,99.95,Unhealthy
2851,2026-01-09 10:04:34.358,0.10,99.90,Unhealthy
2852,2026-01-09 10:04:34.414,0.13,99.87,Unhealthy
2853,2026-01-09 10:04:34.431,0.13,99.87,Unhealthy
2854,2026-01-09 10:04:34.461,0.15,99.85,Unhealthy
2855,2026-01-09 10:04:34.481,0.16,99.84,Unhealthy
2856,2026-01-09 10:04:34.503,0.11,99.89,Unhealthy
2857,2026-01-09 10:04:34.520,0.14,99.86,Unhealthy
2858,2026-01-09 10:04:34.538,0.16,99.84,Unhealthy
2859,2026-01-09 10:04:34.602,0.15,99.85,Unhealthy
2860,2026-01-09 10:04:34.622,0.12,99.88,Unhealthy
2861,2026-01-09 10:04:34.640,0.13,99.87,Unhealthy
2862,2026-01-09 10:04:34.660,0.11,99.89,Unhealthy
2863,2026-01-09 10:04:34.679,0.13,99.87,Unhealthy
2864,2026-01-09 10:04:34.700,0.11,99.89,Unhealthy
2865,2026-01-09 10:04:34.718,0.11,99.89,Unhealthy
2866,2026-01-09 10:04:34.737,0.08,99.92,Unhealthy
2867,2026-01-09 10:04:34.756,0.07,99.93,Unhealthy
2868,2026-01-09 10:04:34.775,0.07,99.93,Unhealthy
2869,2026-01-09 10:04:34.791,0.08,99.92,Unhealthy
2870,2026-01-09 10:04:34.809,0.13,99.87,Unhealthy
2871,2026-01-09 10:04:34.827,0.15,99.85,Unhealthy
2872,2026-01-09 10:04:34.844,0.13,99.87,Unhealthy
2873,2026-01-09 10:04:34.861,0.13,99.87,Unhealthy
2874,2026-01-09 10:04:34.879,0.09,99.91,Unhealthy
2875,2026-01-09 10:04:34.895,0.09,99.91,Unhealthy
2876,2026-01-09 10:04:34.913,0.08,99.92,Unhealthy
2877,2026-01-09 10:04:34.929,0.05,99.95,Unhealthy
2878,2026-01-09 10:04:34.947,0.06,99.94,Unhealthy
2879,2026-01-09 10:04:34.964,0.04,99.96,Unhealthy
2880,2026-01-09 10:04:34.987,0.03,99.97,Unhealthy
2881,2026-01-09 10:04:35.004,0.02,99.98,Unhealthy
2882,2026-01-09 10:04:35.023,0.02,99.98,Unhealthy
2883,2026-01-09 10:04:35.040,0.02,99.98,Unhealthy
2884,2026-01-09 10:04:35.058,0.02,99.98,Unhealthy
2885,2026-01-09 10:04:35.075,0.04,99.96,Unhealthy
2886,2026-01-09 10:04:35.093,0.03,99.97,Unhealthy
2887,2026-01-09 10:04:35.110,0.03,99.97,Unhealthy
2888,2026-01-09 10:04:35.129,0.04,99.96,Unhealthy
2889,2026-01-09 10:04:35.147,0.03,99.97,Unhealthy
2890,2026-01-09 10:04:35.171,0.04,99.96,Unhealthy
2891,2026-01-09 10:04:35.190,0.02,99.98,Unhealthy
2892,2026-01-09 10:04:35.210,0.02,99.98,Unhealthy
2893,2026-01-09 10:04:35.227,0.02,99.98,Unhealthy
2894,2026-01-09 10:04:35.245,0.00,100.00,Unhealthy
2895,2026-01-09 10:04:35.262,0.02,99.98,Unhealthy
2896,2026-01-09 10:04:35.280,0.01,99.99,Unhealthy
2897,2026-01-09 10:04:35.298,0.00,100.00,Unhealthy
2898,2026-01-09 10:04:35.318,0.01,99.99,Unhealthy
2899,2026-01-09 10:04:35.336,0.00,100.00,Unhealthy
2900,2026-01-09 10:04:35.355,0.00,100.00,Unhealthy
2901,2026-01-09 10:04:35.373,0.01,99.99,Unhealthy
2902,2026-01-09 10:04:35.392,0.00,100.00,Unhealthy
2903,2026-01-09 10:04:35.408,0.00,100.00,Unhealthy
2904,2026-01-09 10:04:35.426,0.00,100.00,Unhealthy
2905,2026-01-09 10:04:35.443,0.01,99.99,Unhealthy
2906,2026-01-09 10:04:35.461,0.01,99.99,Unhealthy
2907,2026-01-09 10:04:35.477,0.01,99.99,Unhealthy
2908,2026-01-09 10:04:35.495,0.01,99.99,Unhealthy
2909,2026-01-09 10:04:35.511,0.00,100.00,Unhealthy
2910,2026-01-09 10:04:35.538,0.00,100.00,Unhealthy
2911,2026-01-09 10:04:35.556,0.00,100.00,Unhealthy
2912,2026-01-09 10:04:35.579,0.00,100.00,Unhealthy
2913,2026-01-09 10:04:35.599,0.00,100.00,Unhealthy
2914,2026-01-09 10:04:35.621,0.00,100.00,Unhealthy
2915,2026-01-09 10:04:35.638,0.00,100.00,Unhealthy
2916,2026-01-09 10:04:35.656,0.00,100.00,Unhealthy
2917,2026-01-09 10:04:35.673,0.00,100.00,Unhealthy
2918,2026-01-09 10:04:35.691,0.00,100.00,Unhealthy
2919,2026-01-09 10:04:35.707,0.00,100.00,Unhealthy
2920,2026-01-09 10:04:35.725,0.00,100.00,Unhealthy
2921,2026-01-09 10:04:35.741,0.01,99.99,Unhealthy
2922,2026-01-09 10:04:35.758,0.02,99.98,Unhealthy
2923,2026-01-09 10:04:35.775,0.01,99.99,Unhealthy
2924,2026-01-09 10:04:35.792,0.02,99.98,Unhealthy
2925,2026-01-09 10:04:35.807,0.01,99.99,Unhealthy
2926,2026-01-09 10:04:35.825,0.02,99.98,Unhealthy
2927,2026-01-09 10:04:35.840,0.00,100.00,Unhealthy
2928,2026-01-09 10:04:35.858,0.00,100.00,Unhealthy
2929,2026-01-09 10:04:35.873,0.00,100.00,Unhealthy
2930,2026-01-09 10:04:35.890,0.01,99.99,Unhealthy
2931,2026-01-09 10:04:35.906,0.02,99.98,Unhealthy
2932,2026-01-09 10:04:35.924,0.01,99.99,Unhealthy
2933,2026-01-09 10:04:35.939,0.01,99.99,Unhealthy
2934,2026-01-09 10:04:35.957,0.01,99.99,Unhealthy
2935,2026-01-09 10:04:35.973,0.01,99.99,Unhealthy
2936,2026-01-09 10:04:35.991,0.01,99.99,Unhealthy
2937,2026-01-09 10:04:36.006,0.01,99.99,Unhealthy
2938,2026-01-09 10:04:36.024,0.01,99.99,Unhealthy
2939,2026-01-09 10:04:36.039,0.01,99.99,Unhealthy
2940,2026-01-09 10:04:36.059,0.01,99.99,Unhealthy
2941,2026-01-09 10:04:36.074,0.02,99.98,Unhealthy
2942,2026-01-09 10:04:36.092,0.01,99.99,Unhealthy
2943,2026-01-09 10:04:36.108,0.02,99.98,Unhealthy
2944,2026-01-09 10:04:36.125,0.01,99.99,Unhealthy
2945,2026-01-09 10:04:36.141,0.01,99.99,Unhealthy
2946,2026-01-09 10:04:36.158,0.01,99.99,Unhealthy
2947,2026-01-09 10:04:36.174,0.01,99.99,Unhealthy
2948,2026-01-09 10:04:36.192,0.00,100.00,Unhealthy
2949,2026-01-09 10:04:36.207,0.00,100.00,Unhealthy
2950,2026-01-09 10:04:36.225,0.01,99.99,Unhealthy
2951,2026-01-09 10:04:36.239,0.01,99.99,Unhealthy
2952,2026-01-09 10:04:36.256,0.01,99.99,Unhealthy
2953,2026-01-09 10:04:36.273,0.01,99.99,Unhealthy
2954,2026-01-09 10:04:36.290,0.01,99.99,Unhealthy
2955,2026-01-09 10:04:36.305,0.01,99.99,Unhealthy
2956,2026-01-09 10:04:36.323,0.01,99.99,Unhealthy
2957,2026-01-09 10:04:36.340,0.01,99.99,Unhealthy
2958,2026-01-09 10:04:36.358,0.01,99.99,Unhealthy
2959,2026-01-09 10:04:36.374,0.01,99.99,Unhealthy
2960,2026-01-09 10:04:36.391,0.01,99.99,Unhealthy
2961,2026-01-09 10:04:36.406,0.01,99.99,Unhealthy
2962,2026-01-09 10:04:36.423,0.02,99.98,Unhealthy
2963,2026-01-09 10:04:36.440,0.02,99.98,Unhealthy
2964,2026-01-09 10:04:36.458,0.01,99.99,Unhealthy
2965,2026-01-09 10:04:36.475,0.01,99.99,Unhealthy
2966,2026-01-09 10:04:36.495,0.02,99.98,Unhealthy
2967,2026-01-09 10:04:36.513,0.01,99.99,Unhealthy
2968,2026-01-09 10:04:36.532,0.01,99.99,Unhealthy
2969,2026-01-09 10:04:36.549,0.01,99.99,Unhealthy
2970,2026-01-09 10:04:36.573,0.01,99.99,Unhealthy
2971,2026-01-09 10:04:36.592,0.01,99.99,Unhealthy
2972,2026-01-09 10:04:36.611,0.00,100.00,Unhealthy
2973,2026-01-09 10:04:36.627,0.00,100.00,Unhealthy
2974,2026-01-09 10:04:36.645,0.00,100.00,Unhealthy
2975,2026-01-09 10:04:36.660,0.00,100.00,Unhealthy
2976,2026-01-09 10:04:36.679,0.00,100.00,Unhealthy
2977,2026-01-09 10:04:36.696,0.01,99.99,Unhealthy
2978,2026-01-09 10:04:36.715,0.01,99.99,Unhealthy
2979,2026-01-09 10:04:36.730,0.00,100.00,Unhealthy
2980,2026-01-09 10:04:36.749,0.00,100.00,Unhealthy
2981,2026-01-09 10:04:36.765,0.00,100.00,Unhealthy
2982,2026-01-09 10:04:36.782,0.00,100.00,Unhealthy
2983,2026-01-09 10:04:36.799,0.00,100.00,Unhealthy
2984,2026-01-09 10:04:36.816,0.00,100.00,Unhealthy
2985,2026-01-09 10:04:36.841,0.00,100.00,Unhealthy
2986,2026-01-09 10:04:36.905,0.00,100.00,Unhealthy
2987,2026-01-09 10:04:37.011,0.00,100.00,Unhealthy
2988,2026-01-09 10:04:37.029,0.01,99.99,Unhealthy
2989,2026-01-09 10:04:37.045,0.00,100.00,Unhealthy
2990,2026-01-09 10:04:37.064,0.00,100.00,Unhealthy
2991,2026-01-09 10:04:37.084,0.00,100.00,Unhealthy
2992,2026-01-09 10:04:37.140,0.01,99.99,Unhealthy
2993,2026-01-09 10:04:37.155,0.00,100.00,Unhealthy
2994,2026-01-09 10:04:37.215,0.00,100.00,Unhealthy
2995,2026-01-09 10:04:37.256,0.00,100.00,Unhealthy
2996,2026-01-09 10:04:37.293,0.00,100.00,Unhealthy
2997,2026-01-09 10:04:37.338,0.00,100.00,Unhealthy
2998,2026-01-09 10:04:37.376,0.00,100.00,Unhealthy
2999,2026-01-09 10:04:37.424,0.00,100.00,Unhealthy
3000,2026-01-09 10:04:37.501,0.00,100.00,Unhealthy
3001,2026-01-09 10:04:37.516,0.00,100.00,Unhealthy
3002,2026-01-09 10:04:37.557,0.01,99.99,Unhealthy
3003,2026-01-09 10:04:37.609,0.00,100.00,Unhealthy
3004,2026-01-09 10:04:37.635,0.01,99.99,Unhealthy
3005,2026-01-09 10:04:37.676,0.01,99.99,Unhealthy
3006,2026-01-09 10:04:37.743,0.00,100.00,Unhealthy
3007,2026-01-09 10:04:37.806,0.00,100.00,Unhealthy
3008,2026-01-09 10:04:37.825,0.00,100.00,Unhealthy
3009,2026-01-09 10:04:37.857,0.00,100.00,Unhealthy
3010,2026-01-09 10:04:37.910,0.00,100.00,Unhealthy
3011,2026-01-09 10:04:37.946,0.00,100.00,Unhealthy
3012,2026-01-09 10:04:37.968,0.00,100.00,Unhealthy
3013,2026-01-09 10:04:38.007,0.00,100.00,Unhealthy
3014,2026-01-09 10:04:38.065,0.00,100.00,Unhealthy
3015,2026-01-09 10:04:38.088,0.00,100.00,Unhealthy
3016,2026-01-09 10:04:38.129,0.00,100.00,Unhealthy
3017,2026-01-09 10:04:38.174,0.00,100.00,Unhealthy
3018,2026-01-09 10:04:38.226,0.01,99.99,Unhealthy
3019,2026-01-09 10:04:38.262,0.01,99.99,Unhealthy
3020,2026-01-09 10:04:38.295,0.01,99.99,Unhealthy
3021,2026-01-09 10:04:38.350,0.01,99.99,Unhealthy
3022,2026-01-09 10:04:38.368,0.01,99.99,Unhealthy
3023,2026-01-09 10:04:38.440,0.01,99.99,Unhealthy
3024,2026-01-09 10:04:38.457,0.01,99.99,Unhealthy
3025,2026-01-09 10:04:38.513,0.01,99.99,Unhealthy
3026,2026-01-09 10:04:38.555,0.00,100.00,Unhealthy
3027,2026-01-09 10:04:38.594,0.02,99.98,Unhealthy
3028,2026-01-09 10:04:38.647,0.00,100.00,Unhealthy
3029,2026-01-09 10:04:38.666,0.01,99.99,Unhealthy
3030,2026-01-09 10:04:38.750,0.01,99.99,Unhealthy
3031,2026-01-09 10:04:38.766,0.02,99.98,Unhealthy
3032,2026-01-09 10:04:38.816,0.02,99.98,Unhealthy
3033,2026-01-09 10:04:38.846,0.02,99.98,Unhealthy
3034,2026-01-09 10:04:38.898,0.03,99.97,Unhealthy
3035,2026-01-09 10:04:38.931,0.02,99.98,Unhealthy
3036,2026-01-09 10:04:38.971,0.01,99.99,Unhealthy
3037,2026-01-09 10:04:39.027,0.01,99.99,Unhealthy
3038,2026-01-09 10:04:39.048,0.02,99.98,Unhealthy
3039,2026-01-09 10:04:39.105,0.02,99.98,Unhealthy
3040,2026-01-09 10:04:39.144,0.02,99.98,Unhealthy
3041,2026-01-09 10:04:39.170,0.03,99.97,Unhealthy
3042,2026-01-09 10:04:39.223,0.02,99.98,Unhealthy
3043,2026-01-09 10:04:39.239,0.01,99.99,Unhealthy
3044,2026-01-09 10:04:39.326,0.01,99.99,Unhealthy
3045,2026-01-09 10:04:39.359,0.00,100.00,Unhealthy
3046,2026-01-09 10:04:39.396,0.00,100.00,Unhealthy
3047,2026-01-09 10:04:39.454,0.01,99.99,Unhealthy
3048,2026-01-09 10:04:39.488,0.01,99.99,Unhealthy
3049,2026-01-09 10:04:39.535,0.01,99.99,Unhealthy
3050,2026-01-09 10:04:39.571,0.01,99.99,Unhealthy
3051,2026-01-09 10:04:39.620,0.01,99.99,Unhealthy
3052,2026-01-09 10:04:39.640,0.02,99.98,Unhealthy
3053,2026-01-09 10:04:39.700,0.02,99.98,Unhealthy
3054,2026-01-09 10:04:39.722,0.02,99.98,Unhealthy
3055,2026-01-09 10:04:39.781,0.02,99.98,Unhealthy
3056,2026-01-09 10:04:39.803,0.02,99.98,Unhealthy
3057,2026-01-09 10:04:39.878,0.02,99.98,Unhealthy
3058,2026-01-09 10:04:39.904,0.01,99.99,Unhealthy
3059,2026-01-09 10:04:39.923,0.01,99.99,Unhealthy
3060,2026-01-09 10:04:40.032,0.01,99.99,Unhealthy
3061,2026-01-09 10:04:40.058,0.01,99.99,Unhealthy
3062,2026-01-09 10:04:40.079,0.02,99.98,Unhealthy
3063,2026-01-09 10:04:40.123,0.01,99.99,Unhealthy
3064,2026-01-09 10:04:40.143,0.01,99.99,Unhealthy
3065,2026-01-09 10:04:40.188,0.02,99.98,Unhealthy
3066,2026-01-09 10:04:40.234,0.01,99.99,Unhealthy
3067,2026-01-09 10:04:40.251,0.02,99.98,Unhealthy
3068,2026-01-09 10:04:40.331,0.01,99.99,Unhealthy
3069,2026-01-09 10:04:40.367,0.01,99.99,Unhealthy
3070,2026-01-09 10:04:40.408,0.02,99.98,Unhealthy
3071,2026-01-09 10:04:40.442,0.02,99.98,Unhealthy
3072,2026-01-09 10:04:40.470,0.02,99.98,Unhealthy
3073,2026-01-09 10:04:40.537,0.01,99.99,Unhealthy
3074,2026-01-09 10:04:40.579,0.02,99.98,Unhealthy
3075,2026-01-09 10:04:40.599,0.03,99.97,Unhealthy
3076,2026-01-09 10:04:40.653,0.04,99.96,Unhealthy
3077,2026-01-09 10:04:40.671,0.04,99.96,Unhealthy
3078,2026-01-09 10:04:40.752,0.07,99.93,Unhealthy
3079,2026-01-09 10:04:40.770,0.06,99.94,Unhealthy
3080,2026-01-09 10:04:40.788,0.03,99.97,Unhealthy
3081,2026-01-09 10:04:40.901,0.04,99.96,Unhealthy
3082,2026-01-09 10:04:40.919,0.06,99.94,Unhealthy
3083,2026-01-09 10:04:40.936,0.06,99.94,Unhealthy
3084,2026-01-09 10:04:41.019,0.06,99.94,Unhealthy
3085,2026-01-09 10:04:41.038,0.05,99.95,Unhealthy
3086,2026-01-09 10:04:41.057,0.06,99.94,Unhealthy
3087,2026-01-09 10:04:41.087,0.07,99.93,Unhealthy
3088,2026-01-09 10:04:41.163,0.05,99.95,Unhealthy
3089,2026-01-09 10:04:41.182,0.05,99.95,Unhealthy
3090,2026-01-09 10:04:41.265,0.07,99.93,Unhealthy
3091,2026-01-09 10:04:41.283,0.07,99.93,Unhealthy
3092,2026-01-09 10:04:41.303,0.06,99.94,Unhealthy
3093,2026-01-09 10:04:41.370,0.08,99.92,Unhealthy
3094,2026-01-09 10:04:41.390,0.09,99.91,Unhealthy
3095,2026-01-09 10:04:41.415,0.09,99.91,Unhealthy
3096,2026-01-09 10:04:41.490,0.10,99.90,Unhealthy
3097,2026-01-09 10:04:41.543,0.07,99.93,Unhealthy
3098,2026-01-09 10:04:41.570,0.07,99.93,Unhealthy
3099,2026-01-09 10:04:41.587,0.08,99.92,Unhealthy
3100,2026-01-09 10:04:41.680,0.06,99.94,Unhealthy
3101,2026-01-09 10:04:41.719,0.09,99.91,Unhealthy
3102,2026-01-09 10:04:41.750,0.09,99.91,Unhealthy
3103,2026-01-09 10:04:41.794,0.09,99.91,Unhealthy
3104,2026-01-09 10:04:41.815,0.09,99.91,Unhealthy
3105,2026-01-09 10:04:41.835,0.12,99.88,Unhealthy
3106,2026-01-09 10:04:41.908,0.08,99.92,Unhealthy
3107,2026-01-09 10:04:41.937,0.08,99.92,Unhealthy
3108,2026-01-09 10:04:41.954,0.07,99.93,Unhealthy
3109,2026-01-09 10:04:42.040,0.05,99.95,Unhealthy
3110,2026-01-09 10:04:42.073,0.11,99.89,Unhealthy
3111,2026-01-09 10:04:42.090,0.12,99.88,Unhealthy
3112,2026-01-09 10:04:42.135,0.10,99.90,Unhealthy
3113,2026-01-09 10:04:42.203,0.10,99.90,Unhealthy
3114,2026-01-09 10:04:42.221,0.08,99.92,Unhealthy
3115,2026-01-09 10:04:42.289,0.10,99.90,Unhealthy
3116,2026-01-09 10:04:42.325,0.10,99.90,Unhealthy
3117,2026-01-09 10:04:42.354,0.10,99.90,Unhealthy
3118,2026-01-09 10:04:42.396,0.10,99.90,Unhealthy
3119,2026-01-09 10:04:42.461,0.07,99.93,Unhealthy
3120,2026-01-09 10:04:42.514,0.08,99.92,Unhealthy
3121,2026-01-09 10:04:42.535,0.09,99.91,Unhealthy
3122,2026-01-09 10:04:42.554,0.10,99.90,Unhealthy
3123,2026-01-09 10:04:42.628,0.14,99.86,Unhealthy
3124,2026-01-09 10:04:42.659,0.14,99.86,Unhealthy
3125,2026-01-09 10:04:42.680,0.14,99.86,Unhealthy
3126,2026-01-09 10:04:42.747,0.12,99.88,Unhealthy
3127,2026-01-09 10:04:42.811,0.11,99.89,Unhealthy
3128,2026-01-09 10:04:42.849,0.12,99.88,Unhealthy
3129,2026-01-09 10:04:42.885,0.11,99.89,Unhealthy
3130,2026-01-09 10:04:42.916,0.10,99.90,Unhealthy
3131,2026-01-09 10:04:42.942,0.08,99.92,Unhealthy
3132,2026-01-09 10:04:42.969,0.07,99.93,Unhealthy
3133,2026-01-09 10:04:43.080,0.07,99.93,Unhealthy
3134,2026-01-09 10:04:43.100,0.09,99.91,Unhealthy
3135,2026-01-09 10:04:43.126,0.09,99.91,Unhealthy
3136,2026-01-09 10:04:43.154,0.12,99.88,Unhealthy
3137,2026-01-09 10:04:43.254,0.13,99.87,Unhealthy
3138,2026-01-09 10:04:43.282,0.13,99.87,Unhealthy
3139,2026-01-09 10:04:43.339,0.14,99.86,Unhealthy
3140,2026-01-09 10:04:43.437,0.14,99.86,Unhealthy
3141,2026-01-09 10:04:43.500,0.13,99.87,Unhealthy
3142,2026-01-09 10:04:43.521,0.11,99.89,Unhealthy
3143,2026-01-09 10:04:43.573,0.10,99.90,Unhealthy
3144,2026-01-09 10:04:43.635,0.12,99.88,Unhealthy
3145,2026-01-09 10:04:43.650,0.11,99.89,Unhealthy
3146,2026-01-09 10:04:43.668,0.11,99.89,Unhealthy
3147,2026-01-09 10:04:43.692,0.13,99.87,Unhealthy
3148,2026-01-09 10:04:43.710,0.13,99.87,Unhealthy
3149,2026-01-09 10:04:43.758,0.13,99.87,Unhealthy
3150,2026-01-09 10:04:43.838,0.13,99.87,Unhealthy
3151,2026-01-09 10:04:43.866,0.11,99.89,Unhealthy
3152,2026-01-09 10:04:43.884,0.13,99.87,Unhealthy
3153,2026-01-09 10:04:43.900,0.13,99.87,Unhealthy
3154,2026-01-09 10:04:43.917,0.13,99.87,Unhealthy
3155,2026-01-09 10:04:43.933,0.11,99.89,Unhealthy
3156,2026-01-09 10:04:43.986,0.12,99.88,Unhealthy
3157,2026-01-09 10:04:44.006,0.16,99.84,Unhealthy
3158,2026-01-09 10:04:44.100,0.13,99.87,Unhealthy
3159,2026-01-09 10:04:44.133,0.15,99.85,Unhealthy
3160,2026-01-09 10:04:44.161,0.18,99.82,Unhealthy
3161,2026-01-09 10:04:44.179,0.17,99.83,Unhealthy
3162,2026-01-09 10:04:44.205,0.15,99.85,Unhealthy
3163,2026-01-09 10:04:44.310,0.16,99.84,Unhealthy
3164,2026-01-09 10:04:44.338,0.14,99.86,Unhealthy
3165,2026-01-09 10:04:44.371,0.14,99.86,Unhealthy
3166,2026-01-09 10:04:44.426,0.14,99.86,Unhealthy
3167,2026-01-09 10:04:44.467,0.13,99.87,Unhealthy
3168,2026-01-09 10:04:44.497,0.08,99.92,Unhealthy
3169,2026-01-09 10:04:44.536,0.12,99.88,Unhealthy
3170,2026-01-09 10:04:44.555,0.11,99.89,Unhealthy
3171,2026-01-09 10:04:44.590,0.07,99.93,Unhealthy
3172,2026-01-09 10:04:44.659,0.10,99.90,Unhealthy
3173,2026-01-09 10:04:44.675,0.08,99.92,Unhealthy
3174,2026-01-09 10:04:44.751,0.10,99.90,Unhealthy
3175,2026-01-09 10:04:44.796,0.10,99.90,Unhealthy
3176,2026-01-09 10:04:44.831,0.10,99.90,Unhealthy
3177,2026-01-09 10:04:44.867,0.11,99.89,Unhealthy
3178,2026-01-09 10:04:44.896,0.11,99.89,Unhealthy
3179,2026-01-09 10:04:44.930,0.13,99.87,Unhealthy
3180,2026-01-09 10:04:44.999,0.08,99.92,Unhealthy
3181,2026-01-09 10:04:45.019,0.09,99.91,Unhealthy
3182,2026-01-09 10:04:45.087,0.08,99.92,Unhealthy
3183,2026-01-09 10:04:45.123,0.08,99.92,Unhealthy
3184,2026-01-09 10:04:45.152,0.07,99.93,Unhealthy
3185,2026-01-09 10:04:45.170,0.10,99.90,Unhealthy
3186,2026-01-09 10:04:45.232,0.11,99.89,Unhealthy
3187,2026-01-09 10:04:45.285,0.09,99.91,Unhealthy
3188,2026-01-09 10:04:45.528,0.10,99.90,Unhealthy
3189,2026-01-09 10:04:45.549,0.09,99.91,Unhealthy
3190,2026-01-09 10:04:45.568,0.08,99.92,Unhealthy
3191,2026-01-09 10:04:45.585,0.10,99.90,Unhealthy
3192,2026-01-09 10:04:45.604,0.08,99.92,Unhealthy
3193,2026-01-09 10:04:45.623,0.09,99.91,Unhealthy
3194,2026-01-09 10:04:45.819,0.09,99.91,Unhealthy
3195,2026-01-09 10:04:45.837,0.09,99.91,Unhealthy
3196,2026-01-09 10:04:45.958,0.09,99.91,Unhealthy
3197,2026-01-09 10:04:45.975,0.10,99.90,Unhealthy
3198,2026-01-09 10:04:45.996,0.11,99.89,Unhealthy
3199,2026-01-09 10:04:46.250,0.07,99.93,Unhealthy
3200,2026-01-09 10:04:46.268,0.06,99.94,Unhealthy
3201,2026-01-09 10:04:46.284,0.08,99.92,Unhealthy
3202,2026-01-09 10:04:46.377,0.08,99.92,Unhealthy
3203,2026-01-09 10:04:46.393,0.07,99.93,Unhealthy
3204,2026-01-09 10:04:46.410,0.08,99.92,Unhealthy
3205,2026-01-09 10:04:46.427,0.09,99.91,Unhealthy
3206,2026-01-09 10:04:46.445,0.09,99.91,Unhealthy
3207,2026-01-09 10:04:46.462,0.08,99.92,Unhealthy
3208,2026-01-09 10:04:46.479,0.07,99.93,Unhealthy
3209,2026-01-09 10:04:46.496,0.10,99.90,Unhealthy
3210,2026-01-09 10:04:46.768,0.09,99.91,Unhealthy
3211,2026-01-09 10:04:46.784,0.09,99.91,Unhealthy
3212,2026-01-09 10:04:46.802,0.10,99.90,Unhealthy
3213,2026-01-09 10:04:46.817,0.10,99.90,Unhealthy
3214,2026-01-09 10:04:46.834,0.12,99.88,Unhealthy
3215,2026-01-09 10:04:47.097,0.10,99.90,Unhealthy
3216,2026-01-09 10:04:47.114,0.08,99.92,Unhealthy
3217,2026-01-09 10:04:47.130,0.09,99.91,Unhealthy
3218,2026-01-09 10:04:47.149,0.15,99.85,Unhealthy
3219,2026-01-09 10:04:47.165,0.14,99.86,Unhealthy
3220,2026-01-09 10:04:47.253,0.14,99.86,Unhealthy
3221,2026-01-09 10:04:47.270,0.13,99.87,Unhealthy
3222,2026-01-09 10:04:47.425,0.11,99.89,Unhealthy
3223,2026-01-09 10:04:47.442,0.14,99.86,Unhealthy
3224,2026-01-09 10:04:47.571,0.13,99.87,Unhealthy
3225,2026-01-09 10:04:47.710,0.15,99.85,Unhealthy
3226,2026-01-09 10:04:47.734,0.18,99.82,Unhealthy
3227,2026-01-09 10:04:48.016,0.21,99.79,Unhealthy
3228,2026-01-09 10:04:48.042,0.22,99.78,Unhealthy
3229,2026-01-09 10:04:49.088,0.17,99.83,Unhealthy
3230,2026-01-09 10:04:49.233,0.19,99.81,Unhealthy
3231,2026-01-09 10:04:49.328,0.18,99.82,Unhealthy
3232,2026-01-09 10:04:49.346,0.23,99.77,Unhealthy
3233,2026-01-09 10:04:49.363,0.23,99.77,Unhealthy
3234,2026-01-09 10:04:49.379,0.19,99.81,Unhealthy
3235,2026-01-09 10:04:49.395,0.19,99.81,Unhealthy
3236,2026-01-09 10:04:49.411,0.16,99.84,Unhealthy
3237,2026-01-09 10:04:49.428,0.23,99.77,Unhealthy
3238,2026-01-09 10:04:49.445,0.19,99.81,Unhealthy
3239,2026-01-09 10:04:49.462,0.16,99.84,Unhealthy
3240,2026-01-09 10:04:49.487,0.19,99.81,Unhealthy
3241,2026-01-09 10:04:49.508,0.18,99.82,Unhealthy
3242,2026-01-09 10:04:49.529,0.18,99.82,Unhealthy
3243,2026-01-09 10:04:49.547,0.18,99.82,Unhealthy
3244,2026-01-09 10:04:49.567,0.21,99.79,Unhealthy
3245,2026-01-09 10:04:49.587,0.25,99.75,Unhealthy
3246,2026-01-09 10:04:49.608,0.25,99.75,Unhealthy
3247,2026-01-09 10:04:49.626,0.21,99.79,Unhealthy
3248,2026-01-09 10:04:49.646,0.22,99.78,Unhealthy
3249,2026-01-09 10:04:49.663,0.22,99.78,Unhealthy
3250,2026-01-09 10:04:49.681,0.21,99.79,Unhealthy
3251,2026-01-09 10:04:49.697,0.22,99.78,Unhealthy
3252,2026-01-09 10:04:49.714,0.20,99.80,Unhealthy
3253,2026-01-09 10:04:49.729,0.20,99.80,Unhealthy
3254,2026-01-09 10:04:49.746,0.23,99.77,Unhealthy
3255,2026-01-09 10:04:49.761,0.17,99.83,Unhealthy
3256,2026-01-09 10:04:49.778,0.19,99.81,Unhealthy
3257,2026-01-09 10:04:49.794,0.20,99.80,Unhealthy
3258,2026-01-09 10:04:49.812,0.23,99.77,Unhealthy
3259,2026-01-09 10:04:49.830,0.19,99.81,Unhealthy
3260,2026-01-09 10:04:49.848,0.20,99.80,Unhealthy
3261,2026-01-09 10:04:49.866,0.22,99.78,Unhealthy
3262,2026-01-09 10:04:49.888,0.22,99.78,Unhealthy
3263,2026-01-09 10:04:49.905,0.25,99.75,Unhealthy
3264,2026-01-09 10:04:49.923,0.25,99.75,Unhealthy
3265,2026-01-09 10:04:49.941,0.23,99.77,Unhealthy
3266,2026-01-09 10:04:49.960,0.25,99.75,Unhealthy
3267,2026-01-09 10:04:49.978,0.23,99.77,Unhealthy
3268,2026-01-09 10:04:49.998,0.22,99.78,Unhealthy
3269,2026-01-09 10:04:50.015,0.22,99.78,Unhealthy
3270,2026-01-09 10:04:50.039,0.16,99.84,Unhealthy
3271,2026-01-09 10:04:50.059,0.20,99.80,Unhealthy
3272,2026-01-09 10:04:50.080,0.12,99.88,Unhealthy
3273,2026-01-09 10:04:50.103,0.16,99.84,Unhealthy
3274,2026-01-09 10:04:50.136,0.15,99.85,Unhealthy
3275,2026-01-09 10:04:50.164,0.16,99.84,Unhealthy
3276,2026-01-09 10:04:50.195,0.15,99.85,Unhealthy
3277,2026-01-09 10:04:50.224,0.11,99.89,Unhealthy
3278,2026-01-09 10:04:50.248,0.10,99.90,Unhealthy
3279,2026-01-09 10:04:50.265,0.13,99.87,Unhealthy
3280,2026-01-09 10:04:50.284,0.10,99.90,Unhealthy
3281,2026-01-09 10:04:50.303,0.12,99.88,Unhealthy
3282,2026-01-09 10:04:50.322,0.11,99.89,Unhealthy
3283,2026-01-09 10:04:50.340,0.06,99.94,Unhealthy
3284,2026-01-09 10:04:50.360,0.08,99.92,Unhealthy
3285,2026-01-09 10:04:50.378,0.11,99.89,Unhealthy
3286,2026-01-09 10:04:50.397,0.07,99.93,Unhealthy
3287,2026-01-09 10:04:50.414,0.09,99.91,Unhealthy
3288,2026-01-09 10:04:50.432,0.10,99.90,Unhealthy
3289,2026-01-09 10:04:50.451,0.09,99.91,Unhealthy
3290,2026-01-09 10:04:50.470,0.09,99.91,Unhealthy
3291,2026-01-09 10:04:50.488,0.05,99.95,Unhealthy
3292,2026-01-09 10:04:50.507,0.07,99.93,Unhealthy
3293,2026-01-09 10:04:50.526,0.08,99.92,Unhealthy
3294,2026-01-09 10:04:50.547,0.10,99.90,Unhealthy
3295,2026-01-09 10:04:50.564,0.10,99.90,Unhealthy
3296,2026-01-09 10:04:50.585,0.08,99.92,Unhealthy
3297,2026-01-09 10:04:50.604,0.08,99.92,Unhealthy
3298,2026-01-09 10:04:50.623,0.07,99.93,Unhealthy
3299,2026-01-09 10:04:50.640,0.12,99.88,Unhealthy
3300,2026-01-09 10:04:50.663,0.12,99.88,Unhealthy
3301,2026-01-09 10:04:50.682,0.17,99.83,Unhealthy
3302,2026-01-09 10:04:50.704,0.15,99.85,Unhealthy
3303,2026-01-09 10:04:50.722,0.10,99.90,Unhealthy
3304,2026-01-09 10:04:50.740,0.09,99.91,Unhealthy
3305,2026-01-09 10:04:50.758,0.11,99.89,Unhealthy
3306,2026-01-09 10:04:50.778,0.11,99.89,Unhealthy
3307,2026-01-09 10:04:50.796,0.13,99.87,Unhealthy
3308,2026-01-09 10:04:50.814,0.16,99.84,Unhealthy
3309,2026-01-09 10:04:50.831,0.13,99.87,Unhealthy
3310,2026-01-09 10:04:50.854,0.13,99.87,Unhealthy
3311,2026-01-09 10:04:50.871,0.17,99.83,Unhealthy
3312,2026-01-09 10:04:50.889,0.16,99.84,Unhealthy
3313,2026-01-09 10:04:50.908,0.20,99.80,Unhealthy
3314,2026-01-09 10:04:50.927,0.16,99.84,Unhealthy
3315,2026-01-09 10:04:50.943,0.19,99.81,Unhealthy
3316,2026-01-09 10:04:50.960,0.20,99.80,Unhealthy
3317,2026-01-09 10:04:50.977,0.20,99.80,Unhealthy
3318,2026-01-09 10:04:50.995,0.14,99.86,Unhealthy
3319,2026-01-09 10:04:51.011,0.16,99.84,Unhealthy
3320,2026-01-09 10:04:51.029,0.14,99.86,Unhealthy
3321,2026-01-09 10:04:51.044,0.15,99.85,Unhealthy
3322,2026-01-09 10:04:51.061,0.15,99.85,Unhealthy
3323,2026-01-09 10:04:51.077,0.14,99.86,Unhealthy
3324,2026-01-09 10:04:51.095,0.14,99.86,Unhealthy
3325,2026-01-09 10:04:51.111,0.13,99.87,Unhealthy
3326,2026-01-09 10:04:51.128,0.16,99.84,Unhealthy
3327,2026-01-09 10:04:51.143,0.14,99.86,Unhealthy
3328,2026-01-09 10:04:51.162,0.14,99.86,Unhealthy
3329,2026-01-09 10:04:51.186,0.11,99.89,Unhealthy
3330,2026-01-09 10:04:51.256,0.11,99.89,Unhealthy
3331,2026-01-09 10:04:51.274,0.12,99.88,Unhealthy
3332,2026-01-09 10:04:51.294,0.11,99.89,Unhealthy
3333,2026-01-09 10:04:51.360,0.15,99.85,Unhealthy
3334,2026-01-09 10:04:51.379,0.16,99.84,Unhealthy
3335,2026-01-09 10:04:51.430,0.16,99.84,Unhealthy
3336,2026-01-09 10:04:51.462,0.14,99.86,Unhealthy
3337,2026-01-09 10:04:51.523,0.17,99.83,Unhealthy
3338,2026-01-09 10:04:51.548,0.14,99.86,Unhealthy
3339,2026-01-09 10:04:51.614,0.15,99.85,Unhealthy
3340,2026-01-09 10:04:51.638,0.12,99.88,Unhealthy
3341,2026-01-09 10:04:51.680,0.07,99.93,Unhealthy
3342,2026-01-09 10:04:51.732,0.05,99.95,Unhealthy
3343,2026-01-09 10:04:51.749,0.11,99.89,Unhealthy
3344,2026-01-09 10:04:51.810,0.09,99.91,Unhealthy
3345,2026-01-09 10:04:51.831,0.13,99.87,Unhealthy
3346,2026-01-09 10:04:51.893,0.20,99.80,Unhealthy
3347,2026-01-09 10:04:51.929,0.25,99.75,Unhealthy
3348,2026-01-09 10:04:51.972,0.27,99.73,Unhealthy
3349,2026-01-09 10:04:51.994,0.27,99.73,Unhealthy
3350,2026-01-09 10:04:52.046,0.18,99.82,Unhealthy
3351,2026-01-09 10:04:52.096,0.20,99.80,Unhealthy
3352,2026-01-09 10:04:52.142,0.25,99.75,Unhealthy
3353,2026-01-09 10:04:52.173,0.32,99.68,Unhealthy
3354,2026-01-09 10:04:52.224,0.42,99.58,Unhealthy
3355,2026-01-09 10:04:52.270,0.45,99.55,Unhealthy
3356,2026-01-09 10:04:52.305,0.43,99.57,Unhealthy
3357,2026-01-09 10:04:52.347,0.47,99.53,Unhealthy
3358,2026-01-09 10:04:52.389,0.46,99.54,Unhealthy
3359,2026-01-09 10:04:52.422,0.45,99.55,Unhealthy
3360,2026-01-09 10:04:52.488,0.26,99.74,Unhealthy
3361,2026-01-09 10:04:52.507,0.36,99.64,Unhealthy
3362,2026-01-09 10:04:52.570,0.42,99.58,Unhealthy
3363,2026-01-09 10:04:52.591,0.46,99.54,Unhealthy
3364,2026-01-09 10:04:52.640,0.36,99.64,Unhealthy
3365,2026-01-09 10:04:52.677,0.33,99.67,Unhealthy
3366,2026-01-09 10:04:52.720,0.34,99.66,Unhealthy
3367,2026-01-09 10:04:52.786,0.30,99.70,Unhealthy
3368,2026-01-09 10:04:52.804,0.32,99.68,Unhealthy
3369,2026-01-09 10:04:52.839,0.36,99.64,Unhealthy
3370,2026-01-09 10:04:52.884,0.33,99.67,Unhealthy
3371,2026-01-09 10:04:52.972,0.33,99.67,Unhealthy
3372,2026-01-09 10:04:52.989,0.32,99.68,Unhealthy
3373,2026-01-09 10:04:53.047,0.29,99.71,Unhealthy
3374,2026-01-09 10:04:53.095,0.30,99.70,Unhealthy
3375,2026-01-09 10:04:53.124,0.23,99.77,Unhealthy
3376,2026-01-09 10:04:53.158,0.23,99.77,Unhealthy
3377,2026-01-09 10:04:53.175,0.26,99.74,Unhealthy
3378,2026-01-09 10:04:53.232,0.19,99.81,Unhealthy
3379,2026-01-09 10:04:53.263,0.20,99.80,Unhealthy
3380,2026-01-09 10:04:53.326,0.19,99.81,Unhealthy
3381,2026-01-09 10:04:53.343,0.18,99.82,Unhealthy
3382,2026-01-09 10:04:53.394,0.18,99.82,Unhealthy
3383,2026-01-09 10:04:53.425,0.16,99.84,Unhealthy
3384,2026-01-09 10:04:53.491,0.16,99.84,Unhealthy
3385,2026-01-09 10:04:53.518,0.22,99.78,Unhealthy
3386,2026-01-09 10:04:53.575,0.16,99.84,Unhealthy
3387,2026-01-09 10:04:53.593,0.12,99.88,Unhealthy
3388,2026-01-09 10:04:53.646,0.11,99.89,Unhealthy
3389,2026-01-09 10:04:53.674,0.16,99.84,Unhealthy
3390,2026-01-09 10:04:53.756,0.18,99.82,Unhealthy
3391,2026-01-09 10:04:53.773,0.17,99.83,Unhealthy
3392,2026-01-09 10:04:53.824,0.17,99.83,Unhealthy
3393,2026-01-09 10:04:53.840,0.14,99.86,Unhealthy
3394,2026-01-09 10:04:53.892,0.10,99.90,Unhealthy
3395,2026-01-09 10:04:53.947,0.09,99.91,Unhealthy
3396,2026-01-09 10:04:53.968,0.08,99.92,Unhealthy
3397,2026-01-09 10:04:54.025,0.08,99.92,Unhealthy
3398,2026-01-09 10:04:54.042,0.09,99.91,Unhealthy
3399,2026-01-09 10:04:54.111,0.07,99.93,Unhealthy
3400,2026-01-09 10:04:54.128,0.07,99.93,Unhealthy
3401,2026-01-09 10:04:54.198,0.15,99.85,Unhealthy
3402,2026-01-09 10:04:54.216,0.17,99.83,Unhealthy
3403,2026-01-09 10:04:54.250,0.12,99.88,Unhealthy
3404,2026-01-09 10:04:54.324,0.16,99.84,Unhealthy
3405,2026-01-09 10:04:54.344,0.16,99.84,Unhealthy
3406,2026-01-09 10:04:54.413,0.15,99.85,Unhealthy
3407,2026-01-09 10:04:54.430,0.16,99.84,Unhealthy
3408,2026-01-09 10:04:54.481,0.17,99.83,Unhealthy
3409,2026-01-09 10:04:54.534,0.15,99.85,Unhealthy
3410,2026-01-09 10:04:54.552,0.09,99.91,Unhealthy
3411,2026-01-09 10:04:54.615,0.10,99.90,Unhealthy
3412,2026-01-09 10:04:54.659,0.08,99.92,Unhealthy
3413,2026-01-09 10:04:54.674,0.09,99.91,Unhealthy
3414,2026-01-09 10:04:54.753,0.08,99.92,Unhealthy
3415,2026-01-09 10:04:54.770,0.09,99.91,Unhealthy
3416,2026-01-09 10:04:54.812,0.12,99.88,Unhealthy
3417,2026-01-09 10:04:54.870,0.10,99.90,Unhealthy
3418,2026-01-09 10:04:54.909,0.08,99.92,Unhealthy
3419,2026-01-09 10:04:54.947,0.09,99.91,Unhealthy
3420,2026-01-09 10:04:54.983,0.11,99.89,Unhealthy
3421,2026-01-09 10:04:55.000,0.12,99.88,Unhealthy
3422,2026-01-09 10:04:55.082,0.10,99.90,Unhealthy
3423,2026-01-09 10:04:55.098,0.07,99.93,Unhealthy
3424,2026-01-09 10:04:55.116,0.09,99.91,Unhealthy
3425,2026-01-09 10:04:55.189,0.08,99.92,Unhealthy
3426,2026-01-09 10:04:55.220,0.02,99.98,Unhealthy
3427,2026-01-09 10:04:55.289,0.02,99.98,Unhealthy
3428,2026-01-09 10:04:55.313,0.02,99.98,Unhealthy
3429,2026-01-09 10:04:55.392,0.02,99.98,Unhealthy
3430,2026-01-09 10:04:55.409,0.01,99.99,Unhealthy
3431,2026-01-09 10:04:55.425,0.02,99.98,Unhealthy
3432,2026-01-09 10:04:55.493,0.01,99.99,Unhealthy
3433,2026-01-09 10:04:55.522,0.02,99.98,Unhealthy
3434,2026-01-09 10:04:55.549,0.04,99.96,Unhealthy
3435,2026-01-09 10:04:55.599,0.05,99.95,Unhealthy
3436,2026-01-09 10:04:55.627,0.05,99.95,Unhealthy
3437,2026-01-09 10:04:55.694,0.04,99.96,Unhealthy
3438,2026-01-09 10:04:55.729,0.02,99.98,Unhealthy
3439,2026-01-09 10:04:55.748,0.01,99.99,Unhealthy
3440,2026-01-09 10:04:55.831,0.00,100.00,Unhealthy
3441,2026-01-09 10:04:55.849,0.00,100.00,Unhealthy
3442,2026-01-09 10:04:55.885,0.00,100.00,Unhealthy
3443,2026-01-09 10:04:55.960,0.00,100.00,Unhealthy
3444,2026-01-09 10:04:56.005,0.00,100.00,Unhealthy
3445,2026-01-09 10:04:56.038,0.00,100.00,Unhealthy
3446,2026-01-09 10:04:56.083,0.00,100.00,Unhealthy
3447,2026-01-09 10:04:56.126,0.00,100.00,Unhealthy
3448,2026-01-09 10:04:56.160,0.00,100.00,Unhealthy
3449,2026-01-09 10:04:56.177,0.00,100.00,Unhealthy
3450,2026-01-09 10:04:56.256,0.00,100.00,Unhealthy
3451,2026-01-09 10:04:56.275,0.00,100.00,Unhealthy
3452,2026-01-09 10:04:56.300,0.00,100.00,Unhealthy
3453,2026-01-09 10:04:56.373,0.00,100.00,Unhealthy
3454,2026-01-09 10:04:56.399,0.00,100.00,Unhealthy
3455,2026-01-09 10:04:56.437,0.00,100.00,Unhealthy
3456,2026-01-09 10:04:56.475,0.00,100.00,Unhealthy
3457,2026-01-09 10:04:56.501,0.00,100.00,Unhealthy
3458,2026-01-09 10:04:56.582,0.01,99.99,Unhealthy
3459,2026-01-09 10:04:56.611,0.00,100.00,Unhealthy
3460,2026-01-09 10:04:56.631,0.00,100.00,Unhealthy
3461,2026-01-09 10:04:56.705,0.00,100.00,Unhealthy
3462,2026-01-09 10:04:56.723,0.00,100.00,Unhealthy
3463,2026-01-09 10:04:56.762,0.00,100.00,Unhealthy
3464,2026-01-09 10:04:56.784,0.00,100.00,Unhealthy
3465,2026-01-09 10:04:56.870,0.00,100.00,Unhealthy
3466,2026-01-09 10:04:56.888,0.00,100.00,Unhealthy
3467,2026-01-09 10:04:56.950,0.00,100.00,Unhealthy
3468,2026-01-09 10:04:56.979,0.00,100.00,Unhealthy
3469,2026-01-09 10:04:56.997,0.00,100.00,Unhealthy
3470,2026-01-09 10:04:57.091,0.00,100.00,Unhealthy
3471,2026-01-09 10:04:57.115,0.00,100.00,Unhealthy
3472,2026-01-09 10:04:57.144,0.00,100.00,Unhealthy
3473,2026-01-09 10:04:57.204,0.01,99.99,Unhealthy
3474,2026-01-09 10:04:57.242,0.01,99.99,Unhealthy
3475,2026-01-09 10:04:57.270,0.00,100.00,Unhealthy
3476,2026-01-09 10:04:57.334,0.01,99.99,Unhealthy
3477,2026-01-09 10:04:57.374,0.00,100.00,Unhealthy
3478,2026-01-09 10:04:57.409,0.00,100.00,Unhealthy
3479,2026-01-09 10:04:57.426,0.00,100.00,Unhealthy
3480,2026-01-09 10:04:57.519,0.01,99.99,Unhealthy
3481,2026-01-09 10:04:57.538,0.00,100.00,Unhealthy
3482,2026-01-09 10:04:57.560,0.01,99.99,Unhealthy
3483,2026-01-09 10:04:57.603,0.01,99.99,Unhealthy
3484,2026-01-09 10:04:57.666,0.00,100.00,Unhealthy
3485,2026-01-09 10:04:57.723,0.01,99.99,Unhealthy
3486,2026-01-09 10:04:57.762,0.01,99.99,Unhealthy
3487,2026-01-09 10:04:57.792,0.01,99.99,Unhealthy
3488,2026-01-09 10:04:57.827,0.01,99.99,Unhealthy
3489,2026-01-09 10:04:57.856,0.02,99.98,Unhealthy
3490,2026-01-09 10:04:57.873,0.01,99.99,Unhealthy
3491,2026-01-09 10:04:57.974,0.02,99.98,Unhealthy
3492,2026-01-09 10:04:58.002,0.01,99.99,Unhealthy
3493,2026-01-09 10:04:58.027,0.02,99.98,Unhealthy
3494,2026-01-09 10:04:58.046,0.02,99.98,Unhealthy
3495,2026-01-09 10:04:58.157,0.03,99.97,Unhealthy
3496,2026-01-09 10:04:58.181,0.01,99.99,Unhealthy
3497,2026-01-09 10:04:58.206,0.02,99.98,Unhealthy
3498,2026-01-09 10:04:58.224,0.02,99.98,Unhealthy
3499,2026-01-09 10:04:58.265,0.02,99.98,Unhealthy
3500,2026-01-09 10:04:58.321,0.01,99.99,Unhealthy
3501,2026-01-09 10:04:58.385,0.01,99.99,Unhealthy
3502,2026-01-09 10:04:58.412,0.02,99.98,Unhealthy
3503,2026-01-09 10:04:58.430,0.03,99.97,Unhealthy
3504,2026-01-09 10:04:58.483,0.03,99.97,Unhealthy
3505,2026-01-09 10:04:58.526,0.04,99.96,Unhealthy
3506,2026-01-09 10:04:58.576,0.03,99.97,Unhealthy
3507,2026-01-09 10:04:58.612,0.04,99.96,Unhealthy
3508,2026-01-09 10:04:58.662,0.05,99.95,Unhealthy
3509,2026-01-09 10:04:58.689,0.05,99.95,Unhealthy
3510,2026-01-09 10:04:58.752,0.03,99.97,Unhealthy
3511,2026-01-09 10:04:58.768,0.03,99.97,Unhealthy
3512,2026-01-09 10:04:58.832,0.04,99.96,Unhealthy
3513,2026-01-09 10:04:58.873,0.02,99.98,Unhealthy
3514,2026-01-09 10:04:58.901,0.04,99.96,Unhealthy
3515,2026-01-09 10:04:58.931,0.03,99.97,Unhealthy
3516,2026-01-09 10:04:58.997,0.03,99.97,Unhealthy
3517,2026-01-09 10:04:59.014,0.02,99.98,Unhealthy
3518,2026-01-09 10:04:59.036,0.03,99.97,Unhealthy
3519,2026-01-09 10:04:59.158,0.04,99.96,Unhealthy
3520,2026-01-09 10:04:59.208,0.02,99.98,Unhealthy
3521,2026-01-09 10:04:59.247,0.04,99.96,Unhealthy
3522,2026-01-09 10:04:59.272,0.03,99.97,Unhealthy
3523,2026-01-09 10:04:59.295,0.03,99.97,Unhealthy
3524,2026-01-09 10:04:59.321,0.03,99.97,Unhealthy
3525,2026-01-09 10:04:59.339,0.01,99.99,Unhealthy
3526,2026-01-09 10:04:59.432,0.04,99.96,Unhealthy
3527,2026-01-09 10:04:59.516,0.03,99.97,Unhealthy
3528,2026-01-09 10:04:59.541,0.05,99.95,Unhealthy
3529,2026-01-09 10:04:59.589,0.05,99.95,Unhealthy
3530,2026-01-09 10:04:59.606,0.03,99.97,Unhealthy
3531,2026-01-09 10:04:59.626,0.04,99.96,Unhealthy
3532,2026-01-09 10:04:59.645,0.05,99.95,Unhealthy
3533,2026-01-09 10:04:59.705,0.04,99.96,Unhealthy
3534,2026-01-09 10:04:59.746,0.04,99.96,Unhealthy
3535,2026-01-09 10:04:59.770,0.04,99.96,Unhealthy
3536,2026-01-09 10:04:59.823,0.05,99.95,Unhealthy
3537,2026-01-09 10:04:59.890,0.05,99.95,Unhealthy
3538,2026-01-09 10:04:59.930,0.06,99.94,Unhealthy
3539,2026-01-09 10:04:59.990,0.05,99.95,Unhealthy
3540,2026-01-09 10:05:00.117,0.03,99.97,Unhealthy
3541,2026-01-09 10:05:00.135,0.02,99.98,Unhealthy
3542,2026-01-09 10:05:00.152,0.02,99.98,Unhealthy
3543,2026-01-09 10:05:00.173,0.03,99.97,Unhealthy
3544,2026-01-09 10:05:00.203,0.04,99.96,Unhealthy
3545,2026-01-09 10:05:00.219,0.04,99.96,Unhealthy
3546,2026-01-09 10:05:00.240,0.05,99.95,Unhealthy
3547,2026-01-09 10:05:00.289,0.04,99.96,Unhealthy
3548,2026-01-09 10:05:00.956,0.04,99.96,Unhealthy
3549,2026-01-09 10:05:02.249,0.04,99.96,Unhealthy
3550,2026-01-09 10:05:02.268,0.04,99.96,Unhealthy
3551,2026-01-09 10:05:02.285,0.03,99.97,Unhealthy
3552,2026-01-09 10:05:02.302,0.04,99.96,Unhealthy
3553,2026-01-09 10:05:02.319,0.06,99.94,Unhealthy
3554,2026-01-09 10:05:02.337,0.01,99.99,Unhealthy
3555,2026-01-09 10:05:02.361,0.07,99.93,Unhealthy
3556,2026-01-09 10:05:02.379,0.02,99.98,Unhealthy
3557,2026-01-09 10:05:02.396,0.03,99.97,Unhealthy
3558,2026-01-09 10:05:02.414,0.05,99.95,Unhealthy
3559,2026-01-09 10:05:02.431,0.02,99.98,Unhealthy
3560,2026-01-09 10:05:02.449,0.04,99.96,Unhealthy
3561,2026-01-09 10:05:02.465,0.05,99.95,Unhealthy
3562,2026-01-09 10:05:02.483,0.05,99.95,Unhealthy
3563,2026-01-09 10:05:02.499,0.02,99.98,Unhealthy
3564,2026-01-09 10:05:02.517,0.03,99.97,Unhealthy
3565,2026-01-09 10:05:02.533,0.03,99.97,Unhealthy
3566,2026-01-09 10:05:02.553,0.02,99.98,Unhealthy
3567,2026-01-09 10:05:02.568,0.02,99.98,Unhealthy
3568,2026-01-09 10:05:02.585,0.02,99.98,Unhealthy
3569,2026-01-09 10:05:02.602,0.03,99.97,Unhealthy
3570,2026-01-09 10:05:02.625,0.01,99.99,Unhealthy
3571,2026-01-09 10:05:02.643,0.01,99.99,Unhealthy
3572,2026-01-09 10:05:02.725,0.01,99.99,Unhealthy
3573,2026-01-09 10:05:02.748,0.02,99.98,Unhealthy
3574,2026-01-09 10:05:02.871,0.01,99.99,Unhealthy
3575,2026-01-09 10:05:02.904,0.02,99.98,Unhealthy
3576,2026-01-09 10:05:02.930,0.02,99.98,Unhealthy
3577,2026-01-09 10:05:03.641,0.00,100.00,Unhealthy
3578,2026-01-09 10:05:03.682,0.01,99.99,Unhealthy
3579,2026-01-09 10:05:03.697,0.01,99.99,Unhealthy
3580,2026-01-09 10:05:03.715,0.03,99.97,Unhealthy
3581,2026-01-09 10:05:03.800,0.05,99.95,Unhealthy
3582,2026-01-09 10:05:03.817,0.06,99.94,Unhealthy
3583,2026-01-09 10:05:03.833,0.08,99.92,Unhealthy
3584,2026-01-09 10:05:03.945,0.11,99.89,Unhealthy
3585,2026-01-09 10:05:03.963,0.14,99.86,Unhealthy
3586,2026-01-09 10:05:03.981,0.25,99.75,Unhealthy
3587,2026-01-09 10:05:04.072,0.23,99.77,Unhealthy
3588,2026-01-09 10:05:04.090,0.25,99.75,Unhealthy
3589,2026-01-09 10:05:04.107,0.26,99.74,Unhealthy
3590,2026-01-09 10:05:04.126,0.27,99.73,Unhealthy
3591,2026-01-09 10:05:04.144,0.29,99.71,Unhealthy
3592,2026-01-09 10:05:04.229,0.29,99.71,Unhealthy
3593,2026-01-09 10:05:04.245,0.29,99.71,Unhealthy
3594,2026-01-09 10:05:04.327,0.32,99.68,Unhealthy
3595,2026-01-09 10:05:04.346,0.29,99.71,Unhealthy
3596,2026-01-09 10:05:04.365,0.30,99.70,Unhealthy
3597,2026-01-09 10:05:04.381,0.22,99.78,Unhealthy
3598,2026-01-09 10:05:04.399,0.25,99.75,Unhealthy
3599,2026-01-09 10:05:04.415,0.25,99.75,Unhealthy
3600,2026-01-09 10:05:04.452,0.17,99.83,Unhealthy
3601,2026-01-09 10:05:04.470,0.27,99.73,Unhealthy
3602,2026-01-09 10:05:04.492,0.21,99.79,Unhealthy
3603,2026-01-09 10:05:04.510,0.24,99.76,Unhealthy
3604,2026-01-09 10:05:04.529,0.28,99.72,Unhealthy
3605,2026-01-09 10:05:04.548,0.30,99.70,Unhealthy
3606,2026-01-09 10:05:04.568,0.30,99.70,Unhealthy
3607,2026-01-09 10:05:04.585,0.27,99.73,Unhealthy
3608,2026-01-09 10:05:04.604,0.26,99.74,Unhealthy
3609,2026-01-09 10:05:04.620,0.31,99.69,Unhealthy
3610,2026-01-09 10:05:04.638,0.34,99.66,Unhealthy
3611,2026-01-09 10:05:04.654,0.34,99.66,Unhealthy
3612,2026-01-09 10:05:04.672,0.33,99.67,Unhealthy
3613,2026-01-09 10:05:04.688,0.31,99.69,Unhealthy
3614,2026-01-09 10:05:04.707,0.29,99.71,Unhealthy
3615,2026-01-09 10:05:04.724,0.27,99.73,Unhealthy
3616,2026-01-09 10:05:04.741,0.25,99.75,Unhealthy
3617,2026-01-09 10:05:04.758,0.29,99.71,Unhealthy
3618,2026-01-09 10:05:04.776,0.29,99.71,Unhealthy
3619,2026-01-09 10:05:04.792,0.23,99.77,Unhealthy
3620,2026-01-09 10:05:04.809,0.26,99.74,Unhealthy
3621,2026-01-09 10:05:04.825,0.27,99.73,Unhealthy
3622,2026-01-09 10:05:04.842,0.29,99.71,Unhealthy
3623,2026-01-09 10:05:04.858,0.31,99.69,Unhealthy
3624,2026-01-09 10:05:04.876,0.33,99.67,Unhealthy
3625,2026-01-09 10:05:04.894,0.30,99.70,Unhealthy
3626,2026-01-09 10:05:04.912,0.27,99.73,Unhealthy
3627,2026-01-09 10:05:04.929,0.18,99.82,Unhealthy
3628,2026-01-09 10:05:04.947,0.07,99.93,Unhealthy
3629,2026-01-09 10:05:04.964,0.06,99.94,Unhealthy
3630,2026-01-09 10:05:04.985,0.07,99.93,Unhealthy
3631,2026-01-09 10:05:05.002,0.10,99.90,Unhealthy
3632,2026-01-09 10:05:05.021,0.09,99.91,Unhealthy
3633,2026-01-09 10:05:05.038,0.07,99.93,Unhealthy
3634,2026-01-09 10:05:05.057,0.08,99.92,Unhealthy
3635,2026-01-09 10:05:05.073,0.07,99.93,Unhealthy
3636,2026-01-09 10:05:05.091,0.07,99.93,Unhealthy
3637,2026-01-09 10:05:05.108,0.11,99.89,Unhealthy
3638,2026-01-09 10:05:05.127,0.10,99.90,Unhealthy
3639,2026-01-09 10:05:05.144,0.12,99.88,Unhealthy
3640,2026-01-09 10:05:05.165,0.10,99.90,Unhealthy
3641,2026-01-09 10:05:05.182,0.04,99.96,Unhealthy
3642,2026-01-09 10:05:05.199,0.05,99.95,Unhealthy
3643,2026-01-09 10:05:05.217,0.03,99.97,Unhealthy
3644,2026-01-09 10:05:05.235,0.03,99.97,Unhealthy
3645,2026-01-09 10:05:05.252,0.02,99.98,Unhealthy
3646,2026-01-09 10:05:05.269,0.04,99.96,Unhealthy
3647,2026-01-09 10:05:05.285,0.02,99.98,Unhealthy
3648,2026-01-09 10:05:05.303,0.04,99.96,Unhealthy
3649,2026-01-09 10:05:05.322,0.04,99.96,Unhealthy
3650,2026-01-09 10:05:05.341,0.04,99.96,Unhealthy
3651,2026-01-09 10:05:05.359,0.09,99.91,Unhealthy
3652,2026-01-09 10:05:05.378,0.10,99.90,Unhealthy
3653,2026-01-09 10:05:05.395,0.09,99.91,Unhealthy
3654,2026-01-09 10:05:05.415,0.07,99.93,Unhealthy
3655,2026-01-09 10:05:05.431,0.06,99.94,Unhealthy
3656,2026-01-09 10:05:05.449,0.06,99.94,Unhealthy
3657,2026-01-09 10:05:05.465,0.08,99.92,Unhealthy
3658,2026-01-09 10:05:05.483,0.13,99.87,Unhealthy
3659,2026-01-09 10:05:05.499,0.12,99.88,Unhealthy
3660,2026-01-09 10:05:05.519,0.10,99.90,Unhealthy
3661,2026-01-09 10:05:05.537,0.12,99.88,Unhealthy
3662,2026-01-09 10:05:05.558,0.09,99.91,Unhealthy
3663,2026-01-09 10:05:05.574,0.11,99.89,Unhealthy
3664,2026-01-09 10:05:05.592,0.13,99.87,Unhealthy
3665,2026-01-09 10:05:05.609,0.10,99.90,Unhealthy
3666,2026-01-09 10:05:05.628,0.10,99.90,Unhealthy
3667,2026-01-09 10:05:05.645,0.13,99.87,Unhealthy
3668,2026-01-09 10:05:05.663,0.12,99.88,Unhealthy
3669,2026-01-09 10:05:05.679,0.12,99.88,Unhealthy
3670,2026-01-09 10:05:05.697,0.12,99.88,Unhealthy
3671,2026-01-09 10:05:05.714,0.11,99.89,Unhealthy
3672,2026-01-09 10:05:05.731,0.12,99.88,Unhealthy
3673,2026-01-09 10:05:05.748,0.11,99.89,Unhealthy
3674,2026-01-09 10:05:05.766,0.07,99.93,Unhealthy
3675,2026-01-09 10:05:05.782,0.11,99.89,Unhealthy
3676,2026-01-09 10:05:05.800,0.19,99.81,Unhealthy
3677,2026-01-09 10:05:05.816,0.21,99.79,Unhealthy
3678,2026-01-09 10:05:05.833,0.27,99.73,Unhealthy
3679,2026-01-09 10:05:05.850,0.26,99.74,Unhealthy
3680,2026-01-09 10:05:05.869,0.23,99.77,Unhealthy
3681,2026-01-09 10:05:05.885,0.23,99.77,Unhealthy
3682,2026-01-09 10:05:05.925,0.22,99.78,Unhealthy
3683,2026-01-09 10:05:05.957,0.22,99.78,Unhealthy
3684,2026-01-09 10:05:05.977,0.26,99.74,Unhealthy
3685,2026-01-09 10:05:06.024,0.18,99.82,Unhealthy
3686,2026-01-09 10:05:06.049,0.14,99.86,Unhealthy
3687,2026-01-09 10:05:06.134,0.16,99.84,Unhealthy
3688,2026-01-09 10:05:06.170,0.14,99.86,Unhealthy
3689,2026-01-09 10:05:06.193,0.11,99.89,Unhealthy
3690,2026-01-09 10:05:06.254,0.10,99.90,Unhealthy
3691,2026-01-09 10:05:06.272,0.09,99.91,Unhealthy
3692,2026-01-09 10:05:06.334,0.07,99.93,Unhealthy
3693,2026-01-09 10:05:06.392,0.07,99.93,Unhealthy
3694,2026-01-09 10:05:06.432,0.07,99.93,Unhealthy
3695,2026-01-09 10:05:06.452,0.06,99.94,Unhealthy
3696,2026-01-09 10:05:06.473,0.07,99.93,Unhealthy
3697,2026-01-09 10:05:06.526,0.07,99.93,Unhealthy
3698,2026-01-09 10:05:06.572,0.07,99.93,Unhealthy
3699,2026-01-09 10:05:06.593,0.06,99.94,Unhealthy
3700,2026-01-09 10:05:06.665,0.06,99.94,Unhealthy
3701,2026-01-09 10:05:06.695,0.05,99.95,Unhealthy
3702,2026-01-09 10:05:06.731,0.06,99.94,Unhealthy
3703,2026-01-09 10:05:06.775,0.06,99.94,Unhealthy
3704,2026-01-09 10:05:06.834,0.06,99.94,Unhealthy
3705,2026-01-09 10:05:06.861,0.07,99.93,Unhealthy
3706,2026-01-09 10:05:06.900,0.05,99.95,Unhealthy
3707,2026-01-09 10:05:07.002,0.04,99.96,Unhealthy
3708,2026-01-09 10:05:07.021,0.05,99.95,Unhealthy
3709,2026-01-09 10:05:07.037,0.03,99.97,Unhealthy
3710,2026-01-09 10:05:07.055,0.06,99.94,Unhealthy
3711,2026-01-09 10:05:07.146,0.06,99.94,Unhealthy
3712,2026-01-09 10:05:07.180,0.07,99.93,Unhealthy
3713,2026-01-09 10:05:07.209,0.04,99.96,Unhealthy
3714,2026-01-09 10:05:07.228,0.03,99.97,Unhealthy
3715,2026-01-09 10:05:07.259,0.04,99.96,Unhealthy
3716,2026-01-09 10:05:07.329,0.04,99.96,Unhealthy
3717,2026-01-09 10:05:07.350,0.04,99.96,Unhealthy
3718,2026-01-09 10:05:07.405,0.05,99.95,Unhealthy
3719,2026-01-09 10:05:07.466,0.06,99.94,Unhealthy
3720,2026-01-09 10:05:07.606,0.01,99.99,Unhealthy
3721,2026-01-09 10:05:07.644,0.02,99.98,Unhealthy
3722,2026-01-09 10:05:07.724,0.01,99.99,Unhealthy
3723,2026-01-09 10:05:07.740,0.01,99.99,Unhealthy
3724,2026-01-09 10:05:07.776,0.00,100.00,Unhealthy
3725,2026-01-09 10:05:07.813,0.01,99.99,Unhealthy
3726,2026-01-09 10:05:07.843,0.01,99.99,Unhealthy
3727,2026-01-09 10:05:07.904,0.01,99.99,Unhealthy
3728,2026-01-09 10:05:08.102,0.00,100.00,Unhealthy
3729,2026-01-09 10:05:08.122,0.00,100.00,Unhealthy
3730,2026-01-09 10:05:08.141,0.00,100.00,Unhealthy
3731,2026-01-09 10:05:08.161,0.00,100.00,Unhealthy
3732,2026-01-09 10:05:08.182,0.00,100.00,Unhealthy
3733,2026-01-09 10:05:08.199,0.00,100.00,Unhealthy
3734,2026-01-09 10:05:08.220,0.00,100.00,Unhealthy
3735,2026-01-09 10:05:08.240,0.00,100.00,Unhealthy
3736,2026-01-09 10:05:08.259,0.00,100.00,Unhealthy
3737,2026-01-09 10:05:08.276,0.00,100.00,Unhealthy
3738,2026-01-09 10:05:08.296,0.00,100.00,Unhealthy
3739,2026-01-09 10:05:08.313,0.00,100.00,Unhealthy
3740,2026-01-09 10:05:08.333,0.00,100.00,Unhealthy
3741,2026-01-09 10:05:08.383,0.02,99.98,Unhealthy
3742,2026-01-09 10:05:08.428,0.00,100.00,Unhealthy
3743,2026-01-09 10:05:08.472,0.02,99.98,Unhealthy
3744,2026-01-09 10:05:08.527,0.02,99.98,Unhealthy
3745,2026-01-09 10:05:08.544,0.04,99.96,Unhealthy
3746,2026-01-09 10:05:08.563,0.06,99.94,Unhealthy
3747,2026-01-09 10:05:08.623,0.09,99.91,Unhealthy
3748,2026-01-09 10:05:08.666,0.11,99.89,Unhealthy
3749,2026-01-09 10:05:08.714,0.15,99.85,Unhealthy
3750,2026-01-09 10:05:08.772,0.14,99.86,Unhealthy
3751,2026-01-09 10:05:08.790,0.15,99.85,Unhealthy
3752,2026-01-09 10:05:08.808,0.16,99.84,Unhealthy
3753,2026-01-09 10:05:08.894,0.13,99.87,Unhealthy
3754,2026-01-09 10:05:08.935,0.18,99.82,Unhealthy
3755,2026-01-09 10:05:08.967,0.15,99.85,Unhealthy
3756,2026-01-09 10:05:09.010,0.16,99.84,Unhealthy
3757,2026-01-09 10:05:09.043,0.19,99.81,Unhealthy
3758,2026-01-09 10:05:09.084,0.14,99.86,Unhealthy
3759,2026-01-09 10:05:09.102,0.17,99.83,Unhealthy
3760,2026-01-09 10:05:09.171,0.16,99.84,Unhealthy
3761,2026-01-09 10:05:09.217,0.13,99.87,Unhealthy
3762,2026-01-09 10:05:09.247,0.11,99.89,Unhealthy
3763,2026-01-09 10:05:09.277,0.12,99.88,Unhealthy
3764,2026-01-09 10:05:09.347,0.12,99.88,Unhealthy
3765,2026-01-09 10:05:09.384,0.10,99.90,Unhealthy
3766,2026-01-09 10:05:09.415,0.10,99.90,Unhealthy
3767,2026-01-09 10:05:09.470,0.08,99.92,Unhealthy
3768,2026-01-09 10:05:09.510,0.09,99.91,Unhealthy
3769,2026-01-09 10:05:09.553,0.11,99.89,Unhealthy
3770,2026-01-09 10:05:09.584,0.11,99.89,Unhealthy
3771,2026-01-09 10:05:09.612,0.09,99.91,Unhealthy
3772,2026-01-09 10:05:09.719,0.08,99.92,Unhealthy
3773,2026-01-09 10:05:09.735,0.05,99.95,Unhealthy
3774,2026-01-09 10:05:09.754,0.06,99.94,Unhealthy
3775,2026-01-09 10:05:09.770,0.03,99.97,Unhealthy
3776,2026-01-09 10:05:09.883,0.02,99.98,Unhealthy
3777,2026-01-09 10:05:09.900,0.04,99.96,Unhealthy
3778,2026-01-09 10:05:09.921,0.03,99.97,Unhealthy
3779,2026-01-09 10:05:09.941,0.01,99.99,Unhealthy
3780,2026-01-09 10:05:10.003,0.02,99.98,Unhealthy
3781,2026-01-09 10:05:10.022,0.01,99.99,Unhealthy
3782,2026-01-09 10:05:10.089,0.01,99.99,Unhealthy
3783,2026-01-09 10:05:10.128,0.01,99.99,Unhealthy
3784,2026-01-09 10:05:10.146,0.01,99.99,Unhealthy
3785,2026-01-09 10:05:10.184,0.01,99.99,Unhealthy
3786,2026-01-09 10:05:10.220,0.01,99.99,Unhealthy
3787,2026-01-09 10:05:10.296,0.01,99.99,Unhealthy
3788,2026-01-09 10:05:10.342,0.01,99.99,Unhealthy
3789,2026-01-09 10:05:10.372,0.02,99.98,Unhealthy
3790,2026-01-09 10:05:10.412,0.02,99.98,Unhealthy
3791,2026-01-09 10:05:10.429,0.01,99.99,Unhealthy
3792,2026-01-09 10:05:10.484,0.03,99.97,Unhealthy
3793,2026-01-09 10:05:10.534,0.02,99.98,Unhealthy
3794,2026-01-09 10:05:10.566,0.03,99.97,Unhealthy
3795,2026-01-09 10:05:10.627,0.03,99.97,Unhealthy
3796,2026-01-09 10:05:10.664,0.02,99.98,Unhealthy
3797,2026-01-09 10:05:10.683,0.03,99.97,Unhealthy
3798,2026-01-09 10:05:10.715,0.03,99.97,Unhealthy
3799,2026-01-09 10:05:10.805,0.03,99.97,Unhealthy
3800,2026-01-09 10:05:10.838,0.02,99.98,Unhealthy
3801,2026-01-09 10:05:10.875,0.02,99.98,Unhealthy
3802,2026-01-09 10:05:10.931,0.02,99.98,Unhealthy
3803,2026-01-09 10:05:10.993,0.02,99.98,Unhealthy
3804,2026-01-09 10:05:11.022,0.02,99.98,Unhealthy
3805,2026-01-09 10:05:11.079,0.02,99.98,Unhealthy
3806,2026-01-09 10:05:11.129,0.01,99.99,Unhealthy
3807,2026-01-09 10:05:11.155,0.01,99.99,Unhealthy
3808,2026-01-09 10:05:11.214,0.00,100.00,Unhealthy
3809,2026-01-09 10:05:11.231,0.00,100.00,Unhealthy
3810,2026-01-09 10:05:11.275,0.00,100.00,Unhealthy
3811,2026-01-09 10:05:11.294,0.00,100.00,Unhealthy
3812,2026-01-09 10:05:11.313,0.00,100.00,Unhealthy
3813,2026-01-09 10:05:11.411,0.00,100.00,Unhealthy
3814,2026-01-09 10:05:11.472,0.00,100.00,Unhealthy
3815,2026-01-09 10:05:11.506,0.00,100.00,Unhealthy
3816,2026-01-09 10:05:11.554,0.00,100.00,Unhealthy
3817,2026-01-09 10:05:11.602,0.01,99.99,Unhealthy
3818,2026-01-09 10:05:11.624,0.01,99.99,Unhealthy
3819,2026-01-09 10:05:11.672,0.00,100.00,Unhealthy
3820,2026-01-09 10:05:11.699,0.01,99.99,Unhealthy
3821,2026-01-09 10:05:11.727,0.00,100.00,Unhealthy
3822,2026-01-09 10:05:11.746,0.01,99.99,Unhealthy
3823,2026-01-09 10:05:11.793,0.01,99.99,Unhealthy
3824,2026-01-09 10:05:11.828,0.00,100.00,Unhealthy
3825,2026-01-09 10:05:11.922,0.00,100.00,Unhealthy
3826,2026-01-09 10:05:11.942,0.01,99.99,Unhealthy
3827,2026-01-09 10:05:11.968,0.01,99.99,Unhealthy
3828,2026-01-09 10:05:11.988,0.01,99.99,Unhealthy
3829,2026-01-09 10:05:12.077,0.01,99.99,Unhealthy
3830,2026-01-09 10:05:12.116,0.01,99.99,Unhealthy
3831,2026-01-09 10:05:12.140,0.01,99.99,Unhealthy
3832,2026-01-09 10:05:12.161,0.02,99.98,Unhealthy
3833,2026-01-09 10:05:12.178,0.02,99.98,Unhealthy
3834,2026-01-09 10:05:12.259,0.04,99.96,Unhealthy
3835,2026-01-09 10:05:12.289,0.08,99.92,Unhealthy
3836,2026-01-09 10:05:12.308,0.08,99.92,Unhealthy
3837,2026-01-09 10:05:12.357,0.10,99.90,Unhealthy
3838,2026-01-09 10:05:12.388,0.05,99.95,Unhealthy
3839,2026-01-09 10:05:12.463,0.06,99.94,Unhealthy
3840,2026-01-09 10:05:12.510,0.05,99.95,Unhealthy
3841,2026-01-09 10:05:12.528,0.04,99.96,Unhealthy
3842,2026-01-09 10:05:12.557,0.17,99.83,Unhealthy
3843,2026-01-09 10:05:12.626,0.31,99.69,Unhealthy
3844,2026-01-09 10:05:12.666,0.54,99.46,Unhealthy
3845,2026-01-09 10:05:12.686,0.58,99.42,Unhealthy
3846,2026-01-09 10:05:12.751,0.93,99.07,Unhealthy
3847,2026-01-09 10:05:12.777,1.25,98.75,Unhealthy
3848,2026-01-09 10:05:12.803,1.68,98.32,Unhealthy
3849,2026-01-09 10:05:12.873,1.39,98.61,Unhealthy
3850,2026-01-09 10:05:12.893,1.27,98.73,Unhealthy
3851,2026-01-09 10:05:12.939,1.45,98.55,Unhealthy
3852,2026-01-09 10:05:12.962,1.33,98.67,Unhealthy
3853,2026-01-09 10:05:13.052,1.48,98.52,Unhealthy
3854,2026-01-09 10:05:13.072,2.36,97.64,Unhealthy
3855,2026-01-09 10:05:13.098,2.25,97.75,Unhealthy
3856,2026-01-09 10:05:13.182,1.93,98.07,Unhealthy
3857,2026-01-09 10:05:13.245,1.46,98.54,Unhealthy
3858,2026-01-09 10:05:13.266,1.07,98.93,Unhealthy
3859,2026-01-09 10:05:13.299,0.66,99.34,Unhealthy
3860,2026-01-09 10:05:13.334,0.48,99.52,Unhealthy
3861,2026-01-09 10:05:13.380,0.62,99.38,Unhealthy
3862,2026-01-09 10:05:13.428,0.38,99.62,Unhealthy
3863,2026-01-09 10:05:13.457,0.19,99.81,Unhealthy
3864,2026-01-09 10:05:13.479,0.21,99.79,Unhealthy
3865,2026-01-09 10:05:13.497,0.14,99.86,Unhealthy
3866,2026-01-09 10:05:13.634,0.11,99.89,Unhealthy
3867,2026-01-09 10:05:13.675,0.08,99.92,Unhealthy
3868,2026-01-09 10:05:13.695,0.06,99.94,Unhealthy
3869,2026-01-09 10:05:13.714,0.04,99.96,Unhealthy
3870,2026-01-09 10:05:13.749,0.02,99.98,Unhealthy
3871,2026-01-09 10:05:13.769,0.01,99.99,Unhealthy
3872,2026-01-09 10:05:13.809,0.00,100.00,Unhealthy
3873,2026-01-09 10:05:13.858,0.00,100.00,Unhealthy
3874,2026-01-09 10:05:13.919,0.02,99.98,Unhealthy
3875,2026-01-09 10:05:13.938,0.00,100.00,Unhealthy
3876,2026-01-09 10:05:14.019,0.00,100.00,Unhealthy
3877,2026-01-09 10:05:14.038,0.00,100.00,Unhealthy
3878,2026-01-09 10:05:14.104,0.00,100.00,Unhealthy
3879,2026-01-09 10:05:14.142,0.00,100.00,Unhealthy
3880,2026-01-09 10:05:14.182,0.00,100.00,Unhealthy
3881,2026-01-09 10:05:14.205,0.01,99.99,Unhealthy
3882,2026-01-09 10:05:14.251,0.00,100.00,Unhealthy
3883,2026-01-09 10:05:14.309,0.00,100.00,Unhealthy
3884,2026-01-09 10:05:14.338,0.00,100.00,Unhealthy
3885,2026-01-09 10:05:14.356,0.00,100.00,Unhealthy
3886,2026-01-09 10:05:14.438,0.01,99.99,Unhealthy
3887,2026-01-09 10:05:14.481,0.02,99.98,Unhealthy
3888,2026-01-09 10:05:14.501,0.00,100.00,Unhealthy
3889,2026-01-09 10:05:14.519,0.00,100.00,Unhealthy
3890,2026-01-09 10:05:14.595,0.00,100.00,Unhealthy
3891,2026-01-09 10:05:14.618,0.01,99.99,Unhealthy
3892,2026-01-09 10:05:14.637,0.00,100.00,Unhealthy
3893,2026-01-09 10:05:14.727,0.00,100.00,Unhealthy
3894,2026-01-09 10:05:14.762,0.00,100.00,Unhealthy
3895,2026-01-09 10:05:14.784,0.00,100.00,Unhealthy
3896,2026-01-09 10:05:14.865,0.00,100.00,Unhealthy
3897,2026-01-09 10:05:14.890,0.00,100.00,Unhealthy
3898,2026-01-09 10:05:14.930,0.00,100.00,Unhealthy
3899,2026-01-09 10:05:14.972,0.00,100.00,Unhealthy
3900,2026-01-09 10:05:15.007,0.02,99.98,Unhealthy
3901,2026-01-09 10:05:15.027,0.03,99.97,Unhealthy
3902,2026-01-09 10:05:15.087,0.03,99.97,Unhealthy
3903,2026-01-09 10:05:15.162,0.02,99.98,Unhealthy
3904,2026-01-09 10:05:15.182,0.01,99.99,Unhealthy
3905,2026-01-09 10:05:15.207,0.02,99.98,Unhealthy
3906,2026-01-09 10:05:15.267,0.03,99.97,Unhealthy
3907,2026-01-09 10:05:15.568,0.03,99.97,Unhealthy
3908,2026-01-09 10:05:15.587,0.03,99.97,Unhealthy
3909,2026-01-09 10:05:15.606,0.03,99.97,Unhealthy
3910,2026-01-09 10:05:15.680,0.03,99.97,Unhealthy
3911,2026-01-09 10:05:15.701,0.04,99.96,Unhealthy
3912,2026-01-09 10:05:15.820,0.04,99.96,Unhealthy
3913,2026-01-09 10:05:15.840,0.02,99.98,Unhealthy
3914,2026-01-09 10:05:15.862,0.05,99.95,Unhealthy
3915,2026-01-09 10:05:16.095,0.02,99.98,Unhealthy
3916,2026-01-09 10:05:16.118,0.05,99.95,Unhealthy
3917,2026-01-09 10:05:16.366,0.07,99.93,Unhealthy
3918,2026-01-09 10:05:16.383,0.04,99.96,Unhealthy
3919,2026-01-09 10:05:16.613,0.04,99.96,Unhealthy
3920,2026-01-09 10:05:16.642,0.04,99.96,Unhealthy
3921,2026-01-09 10:05:16.949,0.05,99.95,Unhealthy
3922,2026-01-09 10:05:18.488,0.03,99.97,Unhealthy
3923,2026-01-09 10:05:19.240,0.07,99.93,Unhealthy
3924,2026-01-09 10:05:19.369,0.08,99.92,Unhealthy
3925,2026-01-09 10:05:19.456,0.10,99.90,Unhealthy
3926,2026-01-09 10:05:19.475,0.17,99.83,Unhealthy
3927,2026-01-09 10:05:19.529,0.15,99.85,Unhealthy
3928,2026-01-09 10:05:19.575,0.11,99.89,Unhealthy
3929,2026-01-09 10:05:19.597,0.06,99.94,Unhealthy
3930,2026-01-09 10:05:19.669,0.15,99.85,Unhealthy
3931,2026-01-09 10:05:19.705,0.12,99.88,Unhealthy
3932,2026-01-09 10:05:19.772,0.09,99.91,Unhealthy
3933,2026-01-09 10:05:19.792,0.10,99.90,Unhealthy
3934,2026-01-09 10:05:19.815,0.05,99.95,Unhealthy
3935,2026-01-09 10:05:19.834,0.06,99.94,Unhealthy
3936,2026-01-09 10:05:19.858,0.08,99.92,Unhealthy
3937,2026-01-09 10:05:19.887,0.09,99.91,Unhealthy
3938,2026-01-09 10:05:19.914,0.09,99.91,Unhealthy
3939,2026-01-09 10:05:19.935,0.10,99.90,Unhealthy
3940,2026-01-09 10:05:19.974,0.15,99.85,Unhealthy
3941,2026-01-09 10:05:19.992,0.10,99.90,Unhealthy
3942,2026-01-09 10:05:20.036,0.13,99.87,Unhealthy
3943,2026-01-09 10:05:20.053,0.18,99.82,Unhealthy
3944,2026-01-09 10:05:20.072,0.07,99.93,Unhealthy
3945,2026-01-09 10:05:20.089,0.20,99.80,Unhealthy
3946,2026-01-09 10:05:20.112,0.16,99.84,Unhealthy
3947,2026-01-09 10:05:20.129,0.14,99.86,Unhealthy
3948,2026-01-09 10:05:20.150,0.14,99.86,Unhealthy
3949,2026-01-09 10:05:20.168,0.10,99.90,Unhealthy
3950,2026-01-09 10:05:20.187,0.11,99.89,Unhealthy
3951,2026-01-09 10:05:20.205,0.12,99.88,Unhealthy
3952,2026-01-09 10:05:20.226,0.12,99.88,Unhealthy
3953,2026-01-09 10:05:20.244,0.20,99.80,Unhealthy
3954,2026-01-09 10:05:20.262,0.15,99.85,Unhealthy
3955,2026-01-09 10:05:20.279,0.13,99.87,Unhealthy
3956,2026-01-09 10:05:20.297,0.22,99.78,Unhealthy
3957,2026-01-09 10:05:20.315,0.16,99.84,Unhealthy
3958,2026-01-09 10:05:20.334,0.26,99.74,Unhealthy
3959,2026-01-09 10:05:20.351,0.26,99.74,Unhealthy
3960,2026-01-09 10:05:20.372,0.22,99.78,Unhealthy
3961,2026-01-09 10:05:20.392,0.22,99.78,Unhealthy
3962,2026-01-09 10:05:20.412,0.26,99.74,Unhealthy
3963,2026-01-09 10:05:20.428,0.30,99.70,Unhealthy
3964,2026-01-09 10:05:20.444,0.42,99.58,Unhealthy
3965,2026-01-09 10:05:20.460,0.37,99.63,Unhealthy
3966,2026-01-09 10:05:20.478,0.48,99.52,Unhealthy
3967,2026-01-09 10:05:20.496,0.54,99.46,Unhealthy
3968,2026-01-09 10:05:20.515,0.59,99.41,Unhealthy
3969,2026-01-09 10:05:20.531,0.49,99.51,Unhealthy
3970,2026-01-09 10:05:20.548,0.56,99.44,Unhealthy
3971,2026-01-09 10:05:20.564,0.46,99.54,Unhealthy
3972,2026-01-09 10:05:20.582,0.46,99.54,Unhealthy
3973,2026-01-09 10:05:20.598,0.51,99.49,Unhealthy
3974,2026-01-09 10:05:20.616,0.55,99.45,Unhealthy
3975,2026-01-09 10:05:20.632,0.65,99.35,Unhealthy
3976,2026-01-09 10:05:20.650,0.66,99.34,Unhealthy
3977,2026-01-09 10:05:20.666,0.64,99.36,Unhealthy
3978,2026-01-09 10:05:20.683,0.69,99.31,Unhealthy
3979,2026-01-09 10:05:20.700,0.70,99.30,Unhealthy
3980,2026-01-09 10:05:20.718,0.67,99.33,Unhealthy
3981,2026-01-09 10:05:20.734,0.71,99.29,Unhealthy
3982,2026-01-09 10:05:20.752,0.69,99.31,Unhealthy
3983,2026-01-09 10:05:20.767,0.65,99.35,Unhealthy
3984,2026-01-09 10:05:20.784,0.69,99.31,Unhealthy
3985,2026-01-09 10:05:20.801,0.67,99.33,Unhealthy
3986,2026-01-09 10:05:20.818,0.67,99.33,Unhealthy
3987,2026-01-09 10:05:20.834,0.73,99.27,Unhealthy
3988,2026-01-09 10:05:20.853,0.75,99.25,Unhealthy
3989,2026-01-09 10:05:20.869,0.80,99.20,Unhealthy
3990,2026-01-09 10:05:20.889,0.59,99.41,Unhealthy
3991,2026-01-09 10:05:20.908,0.86,99.14,Unhealthy
3992,2026-01-09 10:05:20.930,0.78,99.22,Unhealthy
3993,2026-01-09 10:05:20.948,0.82,99.18,Unhealthy
3994,2026-01-09 10:05:20.967,0.81,99.19,Unhealthy
3995,2026-01-09 10:05:20.985,0.72,99.28,Unhealthy
3996,2026-01-09 10:05:21.002,0.83,99.17,Unhealthy
3997,2026-01-09 10:05:21.019,0.80,99.20,Unhealthy
3998,2026-01-09 10:05:21.036,0.79,99.21,Unhealthy
3999,2026-01-09 10:05:21.052,0.75,99.25,Unhealthy
4000,2026-01-09 10:05:21.070,0.71,99.29,Unhealthy
4001,2026-01-09 10:05:21.086,0.78,99.22,Unhealthy
4002,2026-01-09 10:05:21.104,0.67,99.33,Unhealthy
4003,2026-01-09 10:05:21.122,0.72,99.28,Unhealthy
4004,2026-01-09 10:05:21.139,0.70,99.30,Unhealthy
4005,2026-01-09 10:05:21.158,0.70,99.30,Unhealthy
4006,2026-01-09 10:05:21.176,0.70,99.30,Unhealthy
4007,2026-01-09 10:05:21.193,0.71,99.29,Unhealthy
4008,2026-01-09 10:05:21.212,0.73,99.27,Unhealthy
4009,2026-01-09 10:05:21.229,0.71,99.29,Unhealthy
4010,2026-01-09 10:05:21.247,0.72,99.28,Unhealthy
4011,2026-01-09 10:05:21.264,0.71,99.29,Unhealthy
4012,2026-01-09 10:05:21.282,0.70,99.30,Unhealthy
4013,2026-01-09 10:05:21.299,0.67,99.33,Unhealthy
4014,2026-01-09 10:05:21.318,0.65,99.35,Unhealthy
4015,2026-01-09 10:05:21.335,0.63,99.37,Unhealthy
4016,2026-01-09 10:05:21.353,0.60,99.40,Unhealthy
4017,2026-01-09 10:05:21.370,0.62,99.38,Unhealthy
4018,2026-01-09 10:05:21.390,0.60,99.40,Unhealthy
4019,2026-01-09 10:05:21.408,0.57,99.43,Unhealthy
4020,2026-01-09 10:05:21.430,0.32,99.68,Unhealthy
4021,2026-01-09 10:05:21.449,0.54,99.46,Unhealthy
4022,2026-01-09 10:05:21.468,0.64,99.36,Unhealthy
4023,2026-01-09 10:05:21.485,0.63,99.37,Unhealthy
4024,2026-01-09 10:05:21.502,0.60,99.40,Unhealthy
4025,2026-01-09 10:05:21.518,0.62,99.38,Unhealthy
4026,2026-01-09 10:05:21.536,0.71,99.29,Unhealthy
4027,2026-01-09 10:05:21.553,0.67,99.33,Unhealthy
4028,2026-01-09 10:05:21.573,0.67,99.33,Unhealthy
4029,2026-01-09 10:05:21.592,0.74,99.26,Unhealthy
4030,2026-01-09 10:05:21.614,0.72,99.28,Unhealthy
4031,2026-01-09 10:05:21.631,0.78,99.22,Unhealthy
4032,2026-01-09 10:05:21.648,0.66,99.34,Unhealthy
4033,2026-01-09 10:05:21.665,0.77,99.23,Unhealthy
4034,2026-01-09 10:05:21.682,0.74,99.26,Unhealthy
4035,2026-01-09 10:05:21.699,0.75,99.25,Unhealthy
4036,2026-01-09 10:05:21.717,0.75,99.25,Unhealthy
4037,2026-01-09 10:05:21.733,0.78,99.22,Unhealthy
4038,2026-01-09 10:05:21.750,0.78,99.22,Unhealthy
4039,2026-01-09 10:05:21.766,0.78,99.22,Unhealthy
4040,2026-01-09 10:05:21.784,0.72,99.28,Unhealthy
4041,2026-01-09 10:05:21.800,0.80,99.20,Unhealthy
4042,2026-01-09 10:05:21.817,0.83,99.17,Unhealthy
4043,2026-01-09 10:05:21.833,0.80,99.20,Unhealthy
4044,2026-01-09 10:05:21.850,0.85,99.15,Unhealthy
4045,2026-01-09 10:05:21.867,0.81,99.19,Unhealthy
4046,2026-01-09 10:05:21.884,0.81,99.19,Unhealthy
4047,2026-01-09 10:05:21.900,0.74,99.26,Unhealthy
4048,2026-01-09 10:05:21.917,0.72,99.28,Unhealthy
4049,2026-01-09 10:05:21.933,0.82,99.18,Unhealthy
4050,2026-01-09 10:05:21.953,0.46,99.54,Unhealthy
4051,2026-01-09 10:05:21.970,0.83,99.17,Unhealthy
4052,2026-01-09 10:05:21.990,0.76,99.24,Unhealthy
4053,2026-01-09 10:05:22.008,0.77,99.23,Unhealthy
4054,2026-01-09 10:05:22.029,0.82,99.18,Unhealthy
4055,2026-01-09 10:05:22.047,0.81,99.19,Unhealthy
4056,2026-01-09 10:05:22.067,0.90,99.10,Unhealthy
4057,2026-01-09 10:05:22.084,0.94,99.06,Unhealthy
4058,2026-01-09 10:05:22.101,0.87,99.13,Unhealthy
4059,2026-01-09 10:05:22.118,0.92,99.08,Unhealthy
4060,2026-01-09 10:05:22.139,0.91,99.09,Unhealthy
4061,2026-01-09 10:05:22.156,0.88,99.12,Unhealthy
4062,2026-01-09 10:05:22.175,0.83,99.17,Unhealthy
4063,2026-01-09 10:05:22.193,0.81,99.19,Unhealthy
4064,2026-01-09 10:05:22.213,0.78,99.22,Unhealthy
4065,2026-01-09 10:05:22.230,0.77,99.23,Unhealthy
4066,2026-01-09 10:05:22.249,0.83,99.17,Unhealthy
4067,2026-01-09 10:05:22.266,0.80,99.20,Unhealthy
4068,2026-01-09 10:05:22.283,0.83,99.17,Unhealthy
4069,2026-01-09 10:05:22.299,0.82,99.18,Unhealthy
4070,2026-01-09 10:05:22.317,0.81,99.19,Unhealthy
4071,2026-01-09 10:05:22.333,0.75,99.25,Unhealthy
4072,2026-01-09 10:05:22.350,0.82,99.18,Unhealthy
4073,2026-01-09 10:05:22.367,0.80,99.20,Unhealthy
4074,2026-01-09 10:05:22.384,0.80,99.20,Unhealthy
4075,2026-01-09 10:05:22.400,0.80,99.20,Unhealthy
4076,2026-01-09 10:05:22.419,0.77,99.23,Unhealthy
4077,2026-01-09 10:05:22.435,0.81,99.19,Unhealthy
4078,2026-01-09 10:05:22.453,0.77,99.23,Unhealthy
4079,2026-01-09 10:05:22.470,0.76,99.24,Unhealthy
4080,2026-01-09 10:05:22.502,0.39,99.61,Unhealthy
4081,2026-01-09 10:05:22.519,0.84,99.16,Unhealthy
4082,2026-01-09 10:05:22.585,0.77,99.23,Unhealthy
4083,2026-01-09 10:05:22.614,0.73,99.27,Unhealthy
4084,2026-01-09 10:05:22.637,0.77,99.23,Unhealthy
4085,2026-01-09 10:05:22.698,0.76,99.24,Unhealthy
4086,2026-01-09 10:05:22.749,0.79,99.21,Unhealthy
4087,2026-01-09 10:05:22.802,0.73,99.27,Unhealthy
4088,2026-01-09 10:05:22.831,0.82,99.18,Unhealthy
4089,2026-01-09 10:05:22.867,0.71,99.29,Unhealthy
4090,2026-01-09 10:05:22.899,0.66,99.34,Unhealthy
4091,2026-01-09 10:05:22.948,0.75,99.25,Unhealthy
4092,2026-01-09 10:05:22.971,0.72,99.28,Unhealthy
4093,2026-01-09 10:05:23.011,0.71,99.29,Unhealthy
4094,2026-01-09 10:05:23.065,0.78,99.22,Unhealthy
4095,2026-01-09 10:05:23.107,0.72,99.28,Unhealthy
4096,2026-01-09 10:05:23.143,0.78,99.22,Unhealthy
4097,2026-01-09 10:05:23.215,0.72,99.28,Unhealthy
4098,2026-01-09 10:05:23.266,0.73,99.27,Unhealthy
4099,2026-01-09 10:05:23.286,0.71,99.29,Unhealthy
4100,2026-01-09 10:05:23.303,0.71,99.29,Unhealthy
4101,2026-01-09 10:05:23.402,0.77,99.23,Unhealthy
4102,2026-01-09 10:05:23.419,0.77,99.23,Unhealthy
4103,2026-01-09 10:05:23.454,0.83,99.17,Unhealthy
4104,2026-01-09 10:05:23.492,0.75,99.25,Unhealthy
4105,2026-01-09 10:05:23.509,0.77,99.23,Unhealthy
4106,2026-01-09 10:05:23.571,0.79,99.21,Unhealthy
4107,2026-01-09 10:05:23.630,0.89,99.11,Unhealthy
4108,2026-01-09 10:05:23.674,0.85,99.15,Unhealthy
4109,2026-01-09 10:05:23.696,0.84,99.16,Unhealthy
4110,2026-01-09 10:05:23.764,0.39,99.61,Unhealthy
4111,2026-01-09 10:05:23.811,0.72,99.28,Unhealthy
4112,2026-01-09 10:05:23.828,0.67,99.33,Unhealthy
4113,2026-01-09 10:05:23.856,0.76,99.24,Unhealthy
4114,2026-01-09 10:05:23.928,0.74,99.26,Unhealthy
4115,2026-01-09 10:05:23.949,0.76,99.24,Unhealthy
4116,2026-01-09 10:05:24.003,0.71,99.29,Unhealthy
4117,2026-01-09 10:05:24.021,0.70,99.30,Unhealthy
4118,2026-01-09 10:05:24.085,0.77,99.23,Unhealthy
4119,2026-01-09 10:05:24.119,0.73,99.27,Unhealthy
4120,2026-01-09 10:05:24.172,0.76,99.24,Unhealthy
4121,2026-01-09 10:05:24.189,0.70,99.30,Unhealthy
4122,2026-01-09 10:05:24.218,0.70,99.30,Unhealthy
4123,2026-01-09 10:05:24.286,0.69,99.31,Unhealthy
4124,2026-01-09 10:05:24.325,0.69,99.31,Unhealthy
4125,2026-01-09 10:05:24.364,0.76,99.24,Unhealthy
4126,2026-01-09 10:05:24.417,0.74,99.26,Unhealthy
4127,2026-01-09 10:05:24.442,0.77,99.23,Unhealthy
4128,2026-01-09 10:05:24.480,0.79,99.21,Unhealthy
4129,2026-01-09 10:05:24.545,0.75,99.25,Unhealthy
4130,2026-01-09 10:05:24.568,0.77,99.23,Unhealthy
4131,2026-01-09 10:05:24.602,0.78,99.22,Unhealthy
4132,2026-01-09 10:05:24.677,0.73,99.27,Unhealthy
4133,2026-01-09 10:05:24.695,0.74,99.26,Unhealthy
4134,2026-01-09 10:05:24.718,0.70,99.30,Unhealthy
4135,2026-01-09 10:05:24.818,0.66,99.34,Unhealthy
4136,2026-01-09 10:05:24.888,0.66,99.34,Unhealthy
4137,2026-01-09 10:05:24.923,0.61,99.39,Unhealthy
4138,2026-01-09 10:05:24.940,0.62,99.38,Unhealthy
4139,2026-01-09 10:05:24.955,0.72,99.28,Unhealthy
4140,2026-01-09 10:05:25.011,0.52,99.48,Unhealthy
4141,2026-01-09 10:05:25.028,0.70,99.30,Unhealthy
4142,2026-01-09 10:05:25.093,0.70,99.30,Unhealthy
4143,2026-01-09 10:05:25.110,0.82,99.18,Unhealthy
4144,2026-01-09 10:05:25.163,0.80,99.20,Unhealthy
4145,2026-01-09 10:05:25.219,0.88,99.12,Unhealthy
4146,2026-01-09 10:05:25.237,0.79,99.21,Unhealthy
4147,2026-01-09 10:05:25.285,0.71,99.29,Unhealthy
4148,2026-01-09 10:05:25.335,0.75,99.25,Unhealthy
4149,2026-01-09 10:05:25.351,0.78,99.22,Unhealthy
4150,2026-01-09 10:05:25.398,0.72,99.28,Unhealthy
4151,2026-01-09 10:05:25.465,0.76,99.24,Unhealthy
4152,2026-01-09 10:05:25.486,0.80,99.20,Unhealthy
4153,2026-01-09 10:05:25.516,0.80,99.20,Unhealthy
4154,2026-01-09 10:05:25.571,0.88,99.12,Unhealthy
4155,2026-01-09 10:05:25.633,0.82,99.18,Unhealthy
4156,2026-01-09 10:05:25.653,0.81,99.19,Unhealthy
4157,2026-01-09 10:05:25.696,0.86,99.14,Unhealthy
4158,2026-01-09 10:05:25.749,0.84,99.16,Unhealthy
4159,2026-01-09 10:05:25.765,0.79,99.21,Unhealthy
4160,2026-01-09 10:05:25.846,0.83,99.17,Unhealthy
4161,2026-01-09 10:05:25.863,0.82,99.18,Unhealthy
4162,2026-01-09 10:05:25.927,0.88,99.12,Unhealthy
4163,2026-01-09 10:05:25.956,0.81,99.19,Unhealthy
4164,2026-01-09 10:05:25.974,0.87,99.13,Unhealthy
4165,2026-01-09 10:05:26.047,0.85,99.15,Unhealthy
4166,2026-01-09 10:05:26.072,0.83,99.17,Unhealthy
4167,2026-01-09 10:05:26.094,0.87,99.13,Unhealthy
4168,2026-01-09 10:05:26.198,0.83,99.17,Unhealthy
4169,2026-01-09 10:05:26.227,0.84,99.16,Unhealthy
4170,2026-01-09 10:05:26.300,0.55,99.45,Unhealthy
4171,2026-01-09 10:05:26.321,0.93,99.07,Unhealthy
4172,2026-01-09 10:05:26.342,0.89,99.11,Unhealthy
4173,2026-01-09 10:05:26.367,0.79,99.21,Unhealthy
4174,2026-01-09 10:05:26.416,0.83,99.17,Unhealthy
4175,2026-01-09 10:05:26.456,0.82,99.18,Unhealthy
4176,2026-01-09 10:05:26.527,0.88,99.12,Unhealthy
4177,2026-01-09 10:05:26.548,0.88,99.12,Unhealthy
4178,2026-01-09 10:05:26.568,0.82,99.18,Unhealthy
4179,2026-01-09 10:05:26.636,0.80,99.20,Unhealthy
4180,2026-01-09 10:05:26.668,0.86,99.14,Unhealthy
4181,2026-01-09 10:05:26.691,0.85,99.15,Unhealthy
4182,2026-01-09 10:05:26.766,0.89,99.11,Unhealthy
4183,2026-01-09 10:05:26.814,0.84,99.16,Unhealthy
4184,2026-01-09 10:05:26.854,0.88,99.12,Unhealthy
4185,2026-01-09 10:05:26.893,0.87,99.13,Unhealthy
4186,2026-01-09 10:05:26.929,0.92,99.08,Unhealthy
4187,2026-01-09 10:05:26.969,0.96,99.04,Unhealthy
4188,2026-01-09 10:05:27.005,0.94,99.06,Unhealthy
4189,2026-01-09 10:05:27.025,0.96,99.04,Unhealthy
4190,2026-01-09 10:05:27.100,1.06,98.94,Unhealthy
4191,2026-01-09 10:05:27.128,1.02,98.98,Unhealthy
4192,2026-01-09 10:05:27.145,0.94,99.06,Unhealthy
4193,2026-01-09 10:05:27.217,1.08,98.92,Unhealthy
4194,2026-01-09 10:05:27.234,1.01,98.99,Unhealthy
4195,2026-01-09 10:05:27.281,1.01,98.99,Unhealthy
4196,2026-01-09 10:05:27.298,1.05,98.95,Unhealthy
4197,2026-01-09 10:05:27.358,1.09,98.91,Unhealthy
4198,2026-01-09 10:05:27.388,0.96,99.04,Unhealthy
4199,2026-01-09 10:05:27.464,0.99,99.01,Unhealthy
4200,2026-01-09 10:05:27.505,0.65,99.35,Unhealthy
4201,2026-01-09 10:05:27.521,0.89,99.11,Unhealthy
4202,2026-01-09 10:05:27.568,1.00,99.00,Unhealthy
4203,2026-01-09 10:05:27.638,0.99,99.01,Unhealthy
4204,2026-01-09 10:05:27.687,0.94,99.06,Unhealthy
4205,2026-01-09 10:05:27.723,1.00,99.00,Unhealthy
4206,2026-01-09 10:05:27.766,0.89,99.11,Unhealthy
4207,2026-01-09 10:05:27.815,1.01,98.99,Unhealthy
4208,2026-01-09 10:05:27.848,0.95,99.05,Unhealthy
4209,2026-01-09 10:05:27.898,1.06,98.94,Unhealthy
4210,2026-01-09 10:05:27.939,0.95,99.05,Unhealthy
4211,2026-01-09 10:05:27.986,0.97,99.03,Unhealthy
4212,2026-01-09 10:05:28.021,0.94,99.06,Unhealthy
4213,2026-01-09 10:05:28.062,0.97,99.03,Unhealthy
4214,2026-01-09 10:05:28.107,0.90,99.10,Unhealthy
4215,2026-01-09 10:05:28.174,0.94,99.06,Unhealthy
4216,2026-01-09 10:05:28.200,0.95,99.05,Unhealthy
4217,2026-01-09 10:05:28.223,1.03,98.97,Unhealthy
4218,2026-01-09 10:05:28.247,0.92,99.08,Unhealthy
4219,2026-01-09 10:05:28.264,0.99,99.01,Unhealthy
4220,2026-01-09 10:05:28.348,1.02,98.98,Unhealthy
4221,2026-01-09 10:05:28.387,0.97,99.03,Unhealthy
4222,2026-01-09 10:05:28.422,1.01,98.99,Unhealthy
4223,2026-01-09 10:05:28.438,0.97,99.03,Unhealthy
4224,2026-01-09 10:05:28.523,0.89,99.11,Unhealthy
4225,2026-01-09 10:05:28.585,0.96,99.04,Unhealthy
4226,2026-01-09 10:05:28.606,1.01,98.99,Unhealthy
4227,2026-01-09 10:05:28.624,0.96,99.04,Unhealthy
4228,2026-01-09 10:05:28.674,0.94,99.06,Unhealthy
4229,2026-01-09 10:05:28.717,0.95,99.05,Unhealthy
4230,2026-01-09 10:05:28.778,0.66,99.34,Unhealthy
4231,2026-01-09 10:05:28.796,0.99,99.01,Unhealthy
4232,2026-01-09 10:05:28.815,0.92,99.08,Unhealthy
4233,2026-01-09 10:05:28.898,1.02,98.98,Unhealthy
4234,2026-01-09 10:05:28.939,0.98,99.02,Unhealthy
4235,2026-01-09 10:05:28.972,1.06,98.94,Unhealthy
4236,2026-01-09 10:05:29.004,1.07,98.93,Unhealthy
4237,2026-01-09 10:05:29.030,1.02,98.98,Unhealthy
4238,2026-01-09 10:05:29.131,1.05,98.95,Unhealthy
4239,2026-01-09 10:05:29.148,0.99,99.01,Unhealthy
4240,2026-01-09 10:05:29.185,0.90,99.10,Unhealthy
4241,2026-01-09 10:05:29.233,0.94,99.06,Unhealthy
4242,2026-01-09 10:05:29.282,0.99,99.01,Unhealthy
4243,2026-01-09 10:05:29.308,0.95,99.05,Unhealthy
4244,2026-01-09 10:05:29.326,0.92,99.08,Unhealthy
4245,2026-01-09 10:05:29.359,0.93,99.07,Unhealthy
4246,2026-01-09 10:05:29.444,0.97,99.03,Unhealthy
4247,2026-01-09 10:05:29.495,0.91,99.09,Unhealthy
4248,2026-01-09 10:05:29.543,0.98,99.02,Unhealthy
4249,2026-01-09 10:05:29.568,0.87,99.13,Unhealthy
4250,2026-01-09 10:05:29.615,0.93,99.07,Unhealthy
4251,2026-01-09 10:05:29.659,0.84,99.16,Unhealthy
4252,2026-01-09 10:05:29.687,0.90,99.10,Unhealthy
4253,2026-01-09 10:05:29.706,0.84,99.16,Unhealthy
4254,2026-01-09 10:05:29.725,0.79,99.21,Unhealthy
4255,2026-01-09 10:05:29.824,0.86,99.14,Unhealthy
4256,2026-01-09 10:05:29.874,0.87,99.13,Unhealthy
4257,2026-01-09 10:05:29.921,0.87,99.13,Unhealthy
4258,2026-01-09 10:05:29.944,0.91,99.09,Unhealthy
4259,2026-01-09 10:05:29.973,0.86,99.14,Unhealthy
4260,2026-01-09 10:05:30.011,0.54,99.46,Unhealthy
4261,2026-01-09 10:05:30.028,0.89,99.11,Unhealthy
4262,2026-01-09 10:05:30.048,0.82,99.18,Unhealthy
4263,2026-01-09 10:05:30.155,0.91,99.09,Unhealthy
4264,2026-01-09 10:05:30.211,0.96,99.04,Unhealthy
4265,2026-01-09 10:05:30.255,0.95,99.05,Unhealthy
4266,2026-01-09 10:05:30.429,0.89,99.11,Unhealthy
4267,2026-01-09 10:05:30.446,1.01,98.99,Unhealthy
4268,2026-01-09 10:05:30.464,0.90,99.10,Unhealthy
4269,2026-01-09 10:05:30.483,0.92,99.08,Unhealthy
4270,2026-01-09 10:05:30.559,1.09,98.91,Unhealthy
4271,2026-01-09 10:05:30.577,0.98,99.02,Unhealthy
4272,2026-01-09 10:05:30.594,0.98,99.02,Unhealthy
4273,2026-01-09 10:05:30.691,1.02,98.98,Unhealthy
4274,2026-01-09 10:05:30.709,0.92,99.08,Unhealthy
4275,2026-01-09 10:05:30.726,0.99,99.01,Unhealthy
4276,2026-01-09 10:05:30.842,0.96,99.04,Unhealthy
4277,2026-01-09 10:05:30.861,0.97,99.03,Unhealthy
4278,2026-01-09 10:05:30.879,1.04,98.96,Unhealthy
4279,2026-01-09 10:05:30.973,0.90,99.10,Unhealthy
4280,2026-01-09 10:05:30.992,0.99,99.01,Unhealthy
4281,2026-01-09 10:05:31.010,0.98,99.02,Unhealthy
4282,2026-01-09 10:05:31.224,0.99,99.01,Unhealthy
4283,2026-01-09 10:05:31.242,1.00,99.00,Unhealthy
4284,2026-01-09 10:05:31.261,1.05,98.95,Unhealthy
4285,2026-01-09 10:05:31.362,1.01,98.99,Unhealthy
4286,2026-01-09 10:05:31.380,1.05,98.95,Unhealthy
4287,2026-01-09 10:05:31.398,0.97,99.03,Unhealthy
4288,2026-01-09 10:05:31.460,0.96,99.04,Unhealthy
4289,2026-01-09 10:05:31.476,0.98,99.02,Unhealthy
4290,2026-01-09 10:05:31.637,0.48,99.52,Unhealthy
4291,2026-01-09 10:05:31.777,0.91,99.09,Unhealthy
4292,2026-01-09 10:05:31.800,0.84,99.16,Unhealthy
4293,2026-01-09 10:05:31.950,0.92,99.08,Unhealthy
4294,2026-01-09 10:05:33.061,0.84,99.16,Unhealthy
4295,2026-01-09 10:05:33.202,0.90,99.10,Unhealthy
4296,2026-01-09 10:05:33.495,0.92,99.08,Unhealthy
4297,2026-01-09 10:05:33.640,0.87,99.13,Unhealthy
4298,2026-01-09 10:05:34.084,0.89,99.11,Unhealthy
4299,2026-01-09 10:05:34.238,0.89,99.11,Unhealthy
4300,2026-01-09 10:05:34.324,0.99,99.01,Unhealthy
4301,2026-01-09 10:05:34.352,0.99,99.01,Unhealthy
4302,2026-01-09 10:05:34.372,0.97,99.03,Unhealthy
4303,2026-01-09 10:05:34.390,0.92,99.08,Unhealthy
4304,2026-01-09 10:05:34.408,0.99,99.01,Unhealthy
4305,2026-01-09 10:05:34.424,0.97,99.03,Unhealthy
4306,2026-01-09 10:05:34.440,0.89,99.11,Unhealthy
4307,2026-01-09 10:05:34.456,0.91,99.09,Unhealthy
4308,2026-01-09 10:05:34.473,0.87,99.13,Unhealthy
4309,2026-01-09 10:05:34.489,0.98,99.02,Unhealthy
4310,2026-01-09 10:05:34.506,0.90,99.10,Unhealthy
4311,2026-01-09 10:05:34.522,0.88,99.12,Unhealthy
4312,2026-01-09 10:05:34.539,0.96,99.04,Unhealthy
4313,2026-01-09 10:05:34.555,0.86,99.14,Unhealthy
4314,2026-01-09 10:05:34.573,0.89,99.11,Unhealthy
4315,2026-01-09 10:05:34.590,0.99,99.01,Unhealthy
4316,2026-01-09 10:05:34.608,1.02,98.98,Unhealthy
4317,2026-01-09 10:05:34.624,0.99,99.01,Unhealthy
4318,2026-01-09 10:05:34.645,0.76,99.24,Unhealthy
4319,2026-01-09 10:05:34.665,0.79,99.21,Unhealthy
4320,2026-01-09 10:05:34.690,1.06,98.94,Unhealthy
4321,2026-01-09 10:05:34.711,0.96,99.04,Unhealthy
4322,2026-01-09 10:05:34.738,0.89,99.11,Unhealthy
4323,2026-01-09 10:05:34.757,0.52,99.48,Unhealthy
4324,2026-01-09 10:05:34.777,0.28,99.72,Unhealthy
4325,2026-01-09 10:05:34.802,0.67,99.33,Unhealthy
4326,2026-01-09 10:05:34.823,0.72,99.28,Unhealthy
4327,2026-01-09 10:05:34.841,0.84,99.16,Unhealthy
4328,2026-01-09 10:05:34.862,0.87,99.13,Unhealthy
4329,2026-01-09 10:05:34.883,0.54,99.46,Unhealthy
4330,2026-01-09 10:05:34.904,0.65,99.35,Unhealthy
4331,2026-01-09 10:05:34.923,0.56,99.44,Unhealthy
4332,2026-01-09 10:05:34.943,0.54,99.46,Unhealthy
4333,2026-01-09 10:05:34.963,0.56,99.44,Unhealthy
4334,2026-01-09 10:05:34.984,0.45,99.55,Unhealthy
4335,2026-01-09 10:05:35.002,0.32,99.68,Unhealthy
4336,2026-01-09 10:05:35.022,0.16,99.84,Unhealthy
4337,2026-01-09 10:05:35.041,0.22,99.78,Unhealthy
4338,2026-01-09 10:05:35.059,0.14,99.86,Unhealthy
4339,2026-01-09 10:05:35.076,0.07,99.93,Unhealthy
4340,2026-01-09 10:05:35.098,0.18,99.82,Unhealthy
4341,2026-01-09 10:05:35.119,0.22,99.78,Unhealthy
4342,2026-01-09 10:05:35.140,0.07,99.93,Unhealthy
4343,2026-01-09 10:05:35.158,0.11,99.89,Unhealthy
4344,2026-01-09 10:05:35.177,0.08,99.92,Unhealthy
4345,2026-01-09 10:05:35.198,0.12,99.88,Unhealthy
4346,2026-01-09 10:05:35.219,0.11,99.89,Unhealthy
4347,2026-01-09 10:05:35.237,0.10,99.90,Unhealthy
4348,2026-01-09 10:05:35.255,0.16,99.84,Unhealthy
4349,2026-01-09 10:05:35.272,0.08,99.92,Unhealthy
4350,2026-01-09 10:05:35.294,0.09,99.91,Unhealthy
4351,2026-01-09 10:05:35.314,0.08,99.92,Unhealthy
4352,2026-01-09 10:05:35.334,0.08,99.92,Unhealthy
4353,2026-01-09 10:05:35.352,0.05,99.95,Unhealthy
4354,2026-01-09 10:05:35.371,0.07,99.93,Unhealthy
4355,2026-01-09 10:05:35.388,0.08,99.92,Unhealthy
4356,2026-01-09 10:05:35.406,0.09,99.91,Unhealthy
4357,2026-01-09 10:05:35.422,0.10,99.90,Unhealthy
4358,2026-01-09 10:05:35.441,0.08,99.92,Unhealthy
4359,2026-01-09 10:05:35.457,0.06,99.94,Unhealthy
4360,2026-01-09 10:05:35.474,0.05,99.95,Unhealthy
4361,2026-01-09 10:05:35.492,0.07,99.93,Unhealthy
4362,2026-01-09 10:05:35.511,0.06,99.94,Unhealthy
4363,2026-01-09 10:05:35.533,0.08,99.92,Unhealthy
4364,2026-01-09 10:05:35.553,0.08,99.92,Unhealthy
4365,2026-01-09 10:05:35.572,0.06,99.94,Unhealthy
4366,2026-01-09 10:05:35.592,0.04,99.96,Unhealthy
4367,2026-01-09 10:05:35.612,0.05,99.95,Unhealthy
4368,2026-01-09 10:05:35.638,0.06,99.94,Unhealthy
4369,2026-01-09 10:05:35.657,0.04,99.96,Unhealthy
4370,2026-01-09 10:05:35.676,0.03,99.97,Unhealthy
4371,2026-01-09 10:05:35.695,0.02,99.98,Unhealthy
4372,2026-01-09 10:05:35.715,0.03,99.97,Unhealthy
4373,2026-01-09 10:05:35.733,0.02,99.98,Unhealthy
4374,2026-01-09 10:05:35.754,0.02,99.98,Unhealthy
4375,2026-01-09 10:05:35.771,0.03,99.97,Unhealthy
4376,2026-01-09 10:05:35.789,0.03,99.97,Unhealthy
4377,2026-01-09 10:05:35.804,0.02,99.98,Unhealthy
4378,2026-01-09 10:05:35.822,0.02,99.98,Unhealthy
4379,2026-01-09 10:05:35.838,0.03,99.97,Unhealthy
4380,2026-01-09 10:05:35.859,0.03,99.97,Unhealthy
4381,2026-01-09 10:05:35.877,0.03,99.97,Unhealthy
4382,2026-01-09 10:05:35.895,0.03,99.97,Unhealthy
4383,2026-01-09 10:05:35.915,0.04,99.96,Unhealthy
4384,2026-01-09 10:05:35.934,0.03,99.97,Unhealthy
4385,2026-01-09 10:05:35.951,0.03,99.97,Unhealthy
4386,2026-01-09 10:05:35.969,0.03,99.97,Unhealthy
4387,2026-01-09 10:05:35.985,0.03,99.97,Unhealthy
4388,2026-01-09 10:05:36.003,0.04,99.96,Unhealthy
4389,2026-01-09 10:05:36.019,0.02,99.98,Unhealthy
4390,2026-01-09 10:05:36.038,0.02,99.98,Unhealthy
4391,2026-01-09 10:05:36.054,0.01,99.99,Unhealthy
4392,2026-01-09 10:05:36.071,0.01,99.99,Unhealthy
4393,2026-01-09 10:05:36.087,0.01,99.99,Unhealthy
4394,2026-01-09 10:05:36.104,0.01,99.99,Unhealthy
4395,2026-01-09 10:05:36.121,0.01,99.99,Unhealthy
4396,2026-01-09 10:05:36.139,0.01,99.99,Unhealthy
4397,2026-01-09 10:05:36.161,0.01,99.99,Unhealthy
4398,2026-01-09 10:05:36.181,0.01,99.99,Unhealthy
4399,2026-01-09 10:05:36.199,0.00,100.00,Unhealthy
4400,2026-01-09 10:05:36.219,0.00,100.00,Unhealthy
4401,2026-01-09 10:05:36.237,0.01,99.99,Unhealthy
4402,2026-01-09 10:05:36.256,0.00,100.00,Unhealthy
4403,2026-01-09 10:05:36.273,0.00,100.00,Unhealthy
4404,2026-01-09 10:05:36.293,0.00,100.00,Unhealthy
4405,2026-01-09 10:05:36.312,0.00,100.00,Unhealthy
4406,2026-01-09 10:05:36.331,0.00,100.00,Unhealthy
4407,2026-01-09 10:05:36.348,0.01,99.99,Unhealthy
4408,2026-01-09 10:05:36.368,0.01,99.99,Unhealthy
4409,2026-01-09 10:05:36.385,0.01,99.99,Unhealthy
4410,2026-01-09 10:05:36.407,0.00,100.00,Unhealthy
4411,2026-01-09 10:05:36.427,0.00,100.00,Unhealthy
4412,2026-01-09 10:05:36.448,0.00,100.00,Unhealthy
4413,2026-01-09 10:05:36.465,0.00,100.00,Unhealthy
4414,2026-01-09 10:05:36.485,0.01,99.99,Unhealthy
4415,2026-01-09 10:05:36.502,0.01,99.99,Unhealthy
4416,2026-01-09 10:05:36.521,0.00,100.00,Unhealthy
4417,2026-01-09 10:05:36.537,0.00,100.00,Unhealthy
4418,2026-01-09 10:05:36.572,0.00,100.00,Unhealthy
4419,2026-01-09 10:05:36.619,0.00,100.00,Unhealthy
4420,2026-01-09 10:05:36.663,0.00,100.00,Unhealthy
4421,2026-01-09 10:05:36.693,0.01,99.99,Unhealthy
4422,2026-01-09 10:05:36.735,0.00,100.00,Unhealthy
4423,2026-01-09 10:05:36.775,0.00,100.00,Unhealthy
4424,2026-01-09 10:05:36.832,0.00,100.00,Unhealthy
4425,2026-01-09 10:05:36.848,0.00,100.00,Unhealthy
4426,2026-01-09 10:05:36.904,0.00,100.00,Unhealthy
4427,2026-01-09 10:05:36.946,0.00,100.00,Unhealthy
4428,2026-01-09 10:05:36.990,0.00,100.00,Unhealthy
4429,2026-01-09 10:05:37.022,0.00,100.00,Unhealthy
4430,2026-01-09 10:05:37.082,0.00,100.00,Unhealthy
4431,2026-01-09 10:05:37.099,0.01,99.99,Unhealthy
4432,2026-01-09 10:05:37.156,0.00,100.00,Unhealthy
4433,2026-01-09 10:05:37.173,0.00,100.00,Unhealthy
4434,2026-01-09 10:05:37.245,0.01,99.99,Unhealthy
4435,2026-01-09 10:05:37.266,0.01,99.99,Unhealthy
4436,2026-01-09 10:05:37.318,0.01,99.99,Unhealthy
4437,2026-01-09 10:05:37.353,0.00,100.00,Unhealthy
4438,2026-01-09 10:05:37.458,0.00,100.00,Unhealthy
4439,2026-01-09 10:05:37.475,0.00,100.00,Unhealthy
4440,2026-01-09 10:05:37.518,0.01,99.99,Unhealthy
4441,2026-01-09 10:05:37.536,0.00,100.00,Unhealthy
4442,2026-01-09 10:05:37.555,0.00,100.00,Unhealthy
4443,2026-01-09 10:05:37.629,0.00,100.00,Unhealthy
4444,2026-01-09 10:05:37.652,0.00,100.00,Unhealthy
4445,2026-01-09 10:05:37.701,0.00,100.00,Unhealthy
4446,2026-01-09 10:05:37.747,0.01,99.99,Unhealthy
4447,2026-01-09 10:05:37.789,0.01,99.99,Unhealthy
4448,2026-01-09 10:05:37.843,0.01,99.99,Unhealthy
4449,2026-01-09 10:05:37.861,0.01,99.99,Unhealthy
4450,2026-01-09 10:05:37.901,0.01,99.99,Unhealthy
4451,2026-01-09 10:05:37.953,0.01,99.99,Unhealthy
4452,2026-01-09 10:05:37.992,0.00,100.00,Unhealthy
4453,2026-01-09 10:05:38.037,0.00,100.00,Unhealthy
4454,2026-01-09 10:05:38.063,0.00,100.00,Unhealthy
4455,2026-01-09 10:05:38.093,0.00,100.00,Unhealthy
4456,2026-01-09 10:05:38.173,0.01,99.99,Unhealthy
4457,2026-01-09 10:05:38.189,0.00,100.00,Unhealthy
4458,2026-01-09 10:05:38.247,0.01,99.99,Unhealthy
4459,2026-01-09 10:05:38.271,0.01,99.99,Unhealthy
4460,2026-01-09 10:05:38.336,0.00,100.00,Unhealthy
4461,2026-01-09 10:05:38.353,0.00,100.00,Unhealthy
4462,2026-01-09 10:05:38.415,0.00,100.00,Unhealthy
4463,2026-01-09 10:05:38.437,0.00,100.00,Unhealthy
4464,2026-01-09 10:05:38.512,0.00,100.00,Unhealthy
4465,2026-01-09 10:05:38.529,0.00,100.00,Unhealthy
4466,2026-01-09 10:05:38.592,0.00,100.00,Unhealthy
4467,2026-01-09 10:05:38.616,0.00,100.00,Unhealthy
4468,2026-01-09 10:05:38.665,0.00,100.00,Unhealthy
4469,2026-01-09 10:05:38.688,0.00,100.00,Unhealthy
4470,2026-01-09 10:05:38.771,0.01,99.99,Unhealthy
4471,2026-01-09 10:05:38.788,0.00,100.00,Unhealthy
4472,2026-01-09 10:05:38.835,0.00,100.00,Unhealthy
4473,2026-01-09 10:05:38.866,0.00,100.00,Unhealthy
4474,2026-01-09 10:05:38.928,0.00,100.00,Unhealthy
4475,2026-01-09 10:05:38.945,0.01,99.99,Unhealthy
4476,2026-01-09 10:05:38.987,0.01,99.99,Unhealthy
4477,2026-01-09 10:05:39.036,0.00,100.00,Unhealthy
4478,2026-01-09 10:05:39.081,0.00,100.00,Unhealthy
4479,2026-01-09 10:05:39.110,0.00,100.00,Unhealthy
4480,2026-01-09 10:05:39.181,0.00,100.00,Unhealthy
4481,2026-01-09 10:05:39.227,0.02,99.98,Unhealthy
4482,2026-01-09 10:05:39.262,0.03,99.97,Unhealthy
4483,2026-01-09 10:05:39.299,0.02,99.98,Unhealthy
4484,2026-01-09 10:05:39.328,0.02,99.98,Unhealthy
4485,2026-01-09 10:05:39.369,0.02,99.98,Unhealthy
4486,2026-01-09 10:05:39.409,0.02,99.98,Unhealthy
4487,2026-01-09 10:05:39.445,0.00,100.00,Unhealthy
4488,2026-01-09 10:05:39.495,0.02,99.98,Unhealthy
4489,2026-01-09 10:05:39.533,0.01,99.99,Unhealthy
4490,2026-01-09 10:05:39.579,0.02,99.98,Unhealthy
4491,2026-01-09 10:05:39.635,0.01,99.99,Unhealthy
4492,2026-01-09 10:05:39.655,0.01,99.99,Unhealthy
4493,2026-01-09 10:05:39.711,0.00,100.00,Unhealthy
4494,2026-01-09 10:05:39.765,0.01,99.99,Unhealthy
4495,2026-01-09 10:05:39.793,0.00,100.00,Unhealthy
4496,2026-01-09 10:05:39.843,0.00,100.00,Unhealthy
4497,2026-01-09 10:05:39.863,0.00,100.00,Unhealthy
4498,2026-01-09 10:05:39.929,0.00,100.00,Unhealthy
4499,2026-01-09 10:05:39.948,0.00,100.00,Unhealthy
4500,2026-01-09 10:05:40.020,0.01,99.99,Unhealthy
4501,2026-01-09 10:05:40.038,0.13,99.87,Unhealthy
4502,2026-01-09 10:05:40.106,0.31,99.69,Unhealthy
4503,2026-01-09 10:05:40.132,0.64,99.36,Unhealthy
4504,2026-01-09 10:05:40.184,0.82,99.18,Unhealthy
4505,2026-01-09 10:05:40.219,0.96,99.04,Unhealthy
4506,2026-01-09 10:05:40.236,1.32,98.68,Unhealthy
4507,2026-01-09 10:05:40.309,1.60,98.40,Unhealthy
4508,2026-01-09 10:05:40.337,1.83,98.17,Unhealthy
4509,2026-01-09 10:05:40.387,2.03,97.97,Unhealthy
4510,2026-01-09 10:05:40.409,2.21,97.79,Unhealthy
4511,2026-01-09 10:05:40.474,2.23,97.77,Unhealthy
4512,2026-01-09 10:05:40.510,2.20,97.80,Unhealthy
4513,2026-01-09 10:05:40.531,2.11,97.89,Unhealthy
4514,2026-01-09 10:05:40.570,1.86,98.14,Unhealthy
4515,2026-01-09 10:05:40.647,1.97,98.03,Unhealthy
4516,2026-01-09 10:05:40.666,2.05,97.95,Unhealthy
4517,2026-01-09 10:05:40.725,1.82,98.18,Unhealthy
4518,2026-01-09 10:05:40.769,1.53,98.47,Unhealthy
4519,2026-01-09 10:05:40.796,1.41,98.59,Unhealthy
4520,2026-01-09 10:05:40.818,0.95,99.05,Unhealthy
4521,2026-01-09 10:05:40.879,0.82,99.18,Unhealthy
4522,2026-01-09 10:05:40.899,0.79,99.21,Unhealthy
4523,2026-01-09 10:05:40.973,0.95,99.05,Unhealthy
4524,2026-01-09 10:05:40.994,0.74,99.26,Unhealthy
4525,2026-01-09 10:05:41.032,0.84,99.16,Unhealthy
4526,2026-01-09 10:05:41.098,0.94,99.06,Unhealthy
4527,2026-01-09 10:05:41.121,0.99,99.01,Unhealthy
4528,2026-01-09 10:05:41.188,0.58,99.42,Unhealthy
4529,2026-01-09 10:05:41.255,0.43,99.57,Unhealthy
4530,2026-01-09 10:05:41.279,0.46,99.54,Unhealthy
4531,2026-01-09 10:05:41.299,0.44,99.56,Unhealthy
4532,2026-01-09 10:05:41.356,0.40,99.60,Unhealthy
4533,2026-01-09 10:05:41.384,0.23,99.77,Unhealthy
4534,2026-01-09 10:05:41.409,0.23,99.77,Unhealthy
4535,2026-01-09 10:05:41.455,0.19,99.81,Unhealthy
4536,2026-01-09 10:05:41.519,0.20,99.80,Unhealthy
4537,2026-01-09 10:05:41.563,0.17,99.83,Unhealthy
4538,2026-01-09 10:05:41.600,0.15,99.85,Unhealthy
4539,2026-01-09 10:05:41.634,0.16,99.84,Unhealthy
4540,2026-01-09 10:05:41.669,0.10,99.90,Unhealthy
4541,2026-01-09 10:05:41.713,0.05,99.95,Unhealthy
4542,2026-01-09 10:05:41.769,0.03,99.97,Unhealthy
4543,2026-01-09 10:05:41.808,0.04,99.96,Unhealthy
4544,2026-01-09 10:05:41.855,0.04,99.96,Unhealthy
4545,2026-01-09 10:05:41.889,0.04,99.96,Unhealthy
4546,2026-01-09 10:05:41.931,0.04,99.96,Unhealthy
4547,2026-01-09 10:05:41.985,0.05,99.95,Unhealthy
4548,2026-01-09 10:05:42.019,0.07,99.93,Unhealthy
4549,2026-01-09 10:05:42.037,0.10,99.90,Unhealthy
4550,2026-01-09 10:05:42.072,0.13,99.87,Unhealthy
4551,2026-01-09 10:05:42.184,0.12,99.88,Unhealthy
4552,2026-01-09 10:05:42.206,0.14,99.86,Unhealthy
4553,2026-01-09 10:05:42.227,0.17,99.83,Unhealthy
4554,2026-01-09 10:05:42.248,0.14,99.86,Unhealthy
4555,2026-01-09 10:05:42.285,0.14,99.86,Unhealthy
4556,2026-01-09 10:05:42.342,0.16,99.84,Unhealthy
4557,2026-01-09 10:05:42.360,0.19,99.81,Unhealthy
4558,2026-01-09 10:05:42.435,0.13,99.87,Unhealthy
4559,2026-01-09 10:05:42.452,0.13,99.87,Unhealthy
4560,2026-01-09 10:05:42.518,0.12,99.88,Unhealthy
4561,2026-01-09 10:05:42.535,0.16,99.84,Unhealthy
4562,2026-01-09 10:05:42.607,0.14,99.86,Unhealthy
4563,2026-01-09 10:05:42.638,0.16,99.84,Unhealthy
4564,2026-01-09 10:05:42.660,0.15,99.85,Unhealthy
4565,2026-01-09 10:05:42.722,0.14,99.86,Unhealthy
4566,2026-01-09 10:05:42.744,0.17,99.83,Unhealthy
4567,2026-01-09 10:05:42.813,0.09,99.91,Unhealthy
4568,2026-01-09 10:05:42.853,0.12,99.88,Unhealthy
4569,2026-01-09 10:05:42.885,0.16,99.84,Unhealthy
4570,2026-01-09 10:05:42.906,0.13,99.87,Unhealthy
4571,2026-01-09 10:05:42.983,0.13,99.87,Unhealthy
4572,2026-01-09 10:05:43.002,0.12,99.88,Unhealthy
4573,2026-01-09 10:05:43.087,0.12,99.88,Unhealthy
4574,2026-01-09 10:05:43.109,0.17,99.83,Unhealthy
4575,2026-01-09 10:05:43.147,0.22,99.78,Unhealthy
4576,2026-01-09 10:05:43.185,0.20,99.80,Unhealthy
4577,2026-01-09 10:05:43.214,0.18,99.82,Unhealthy
4578,2026-01-09 10:05:43.255,0.20,99.80,Unhealthy
4579,2026-01-09 10:05:43.280,0.25,99.75,Unhealthy
4580,2026-01-09 10:05:43.326,0.20,99.80,Unhealthy
4581,2026-01-09 10:05:43.402,0.19,99.81,Unhealthy
4582,2026-01-09 10:05:43.433,0.20,99.80,Unhealthy
4583,2026-01-09 10:05:43.452,0.20,99.80,Unhealthy
4584,2026-01-09 10:05:43.537,0.28,99.72,Unhealthy
4585,2026-01-09 10:05:43.558,0.30,99.70,Unhealthy
4586,2026-01-09 10:05:43.584,0.31,99.69,Unhealthy
4587,2026-01-09 10:05:43.644,0.35,99.65,Unhealthy
4588,2026-01-09 10:05:43.669,0.37,99.63,Unhealthy
4589,2026-01-09 10:05:43.708,0.34,99.66,Unhealthy
4590,2026-01-09 10:05:43.771,0.43,99.57,Unhealthy
4591,2026-01-09 10:05:43.790,0.44,99.56,Unhealthy
4592,2026-01-09 10:05:43.860,0.31,99.69,Unhealthy
4593,2026-01-09 10:05:43.893,0.04,99.96,Unhealthy
4594,2026-01-09 10:05:43.916,0.02,99.98,Unhealthy
4595,2026-01-09 10:05:43.991,0.01,99.99,Unhealthy
4596,2026-01-09 10:05:44.012,0.02,99.98,Unhealthy
4597,2026-01-09 10:05:44.031,0.03,99.97,Unhealthy
4598,2026-01-09 10:05:44.122,0.05,99.95,Unhealthy
4599,2026-01-09 10:05:44.141,0.15,99.85,Unhealthy
4600,2026-01-09 10:05:44.162,0.26,99.74,Unhealthy
4601,2026-01-09 10:05:44.255,0.26,99.74,Unhealthy
4602,2026-01-09 10:05:44.301,0.28,99.72,Unhealthy
4603,2026-01-09 10:05:44.325,0.29,99.71,Unhealthy
4604,2026-01-09 10:05:44.361,0.33,99.67,Unhealthy
4605,2026-01-09 10:05:44.381,0.43,99.57,Unhealthy
4606,2026-01-09 10:05:44.415,0.47,99.53,Unhealthy
4607,2026-01-09 10:05:44.481,0.46,99.54,Unhealthy
4608,2026-01-09 10:05:44.517,0.45,99.55,Unhealthy
4609,2026-01-09 10:05:44.541,0.45,99.55,Unhealthy
4610,2026-01-09 10:05:44.614,0.47,99.53,Unhealthy
4611,2026-01-09 10:05:44.635,0.53,99.47,Unhealthy
4612,2026-01-09 10:05:44.657,0.61,99.39,Unhealthy
4613,2026-01-09 10:05:44.749,0.58,99.42,Unhealthy
4614,2026-01-09 10:05:44.779,0.57,99.43,Unhealthy
4615,2026-01-09 10:05:44.820,0.58,99.42,Unhealthy
4616,2026-01-09 10:05:44.853,0.56,99.44,Unhealthy
4617,2026-01-09 10:05:44.875,0.54,99.46,Unhealthy
4618,2026-01-09 10:05:44.920,0.51,99.49,Unhealthy
4619,2026-01-09 10:05:44.976,0.51,99.49,Unhealthy
4620,2026-01-09 10:05:45.022,0.49,99.51,Unhealthy
4621,2026-01-09 10:05:45.042,0.53,99.47,Unhealthy
4622,2026-01-09 10:05:45.106,0.01,99.99,Unhealthy
4623,2026-01-09 10:05:45.131,0.02,99.98,Unhealthy
4624,2026-01-09 10:05:45.168,0.06,99.94,Unhealthy
4625,2026-01-09 10:05:45.228,0.08,99.92,Unhealthy
4626,2026-01-09 10:05:45.248,0.29,99.71,Unhealthy
4627,2026-01-09 10:05:45.286,0.50,99.50,Unhealthy
4628,2026-01-09 10:05:45.828,0.61,99.39,Unhealthy
4629,2026-01-09 10:05:45.848,0.66,99.34,Unhealthy
4630,2026-01-09 10:05:46.109,0.81,99.19,Unhealthy
4631,2026-01-09 10:05:46.362,0.79,99.21,Unhealthy
4632,2026-01-09 10:05:46.384,0.75,99.25,Unhealthy
4633,2026-01-09 10:05:46.458,0.82,99.18,Unhealthy
4634,2026-01-09 10:05:47.227,0.84,99.16,Unhealthy
4635,2026-01-09 10:05:47.247,0.88,99.12,Unhealthy
4636,2026-01-09 10:05:47.270,0.94,99.06,Unhealthy
4637,2026-01-09 10:05:47.289,0.97,99.03,Unhealthy
4638,2026-01-09 10:05:47.311,0.74,99.26,Unhealthy
4639,2026-01-09 10:05:47.329,0.48,99.52,Unhealthy
4640,2026-01-09 10:05:47.349,0.14,99.86,Unhealthy
4641,2026-01-09 10:05:47.370,0.04,99.96,Unhealthy
4642,2026-01-09 10:05:47.391,0.01,99.99,Unhealthy
4643,2026-01-09 10:05:47.411,0.01,99.99,Unhealthy
4644,2026-01-09 10:05:47.431,0.02,99.98,Unhealthy
4645,2026-01-09 10:05:47.452,0.03,99.97,Unhealthy
4646,2026-01-09 10:05:47.473,0.02,99.98,Unhealthy
4647,2026-01-09 10:05:47.583,0.02,99.98,Unhealthy
4648,2026-01-09 10:05:47.606,0.02,99.98,Unhealthy
4649,2026-01-09 10:05:47.742,0.02,99.98,Unhealthy
4650,2026-01-09 10:05:47.895,0.03,99.97,Unhealthy
4651,2026-01-09 10:05:49.080,0.46,99.54,Unhealthy
4652,2026-01-09 10:05:49.103,1.32,98.68,Unhealthy
4653,2026-01-09 10:05:49.124,1.65,98.35,Unhealthy
4654,2026-01-09 10:05:49.147,1.86,98.14,Unhealthy
4655,2026-01-09 10:05:49.170,1.81,98.19,Unhealthy
4656,2026-01-09 10:05:49.195,1.73,98.27,Unhealthy
4657,2026-01-09 10:05:49.218,1.62,98.38,Unhealthy
4658,2026-01-09 10:05:49.389,1.57,98.43,Unhealthy
4659,2026-01-09 10:05:49.421,1.97,98.03,Unhealthy
4660,2026-01-09 10:05:49.518,2.00,98.00,Unhealthy
4661,2026-01-09 10:05:49.540,2.11,97.89,Unhealthy
4662,2026-01-09 10:05:49.562,2.16,97.84,Unhealthy
4663,2026-01-09 10:05:49.587,2.17,97.83,Unhealthy
4664,2026-01-09 10:05:49.612,1.97,98.03,Unhealthy
4665,2026-01-09 10:05:49.639,1.58,98.42,Unhealthy
4666,2026-01-09 10:05:49.662,1.08,98.92,Unhealthy
4667,2026-01-09 10:05:49.689,0.58,99.42,Unhealthy
4668,2026-01-09 10:05:49.855,0.22,99.78,Unhealthy
4669,2026-01-09 10:05:49.879,0.01,99.99,Unhealthy
4670,2026-01-09 10:05:49.905,0.01,99.99,Unhealthy
4671,2026-01-09 10:05:49.929,0.01,99.99,Unhealthy
4672,2026-01-09 10:05:49.951,0.01,99.99,Unhealthy
4673,2026-01-09 10:05:49.970,0.00,100.00,Unhealthy
4674,2026-01-09 10:05:49.992,0.01,99.99,Unhealthy
4675,2026-01-09 10:05:50.010,0.00,100.00,Unhealthy
4676,2026-01-09 10:05:50.031,0.00,100.00,Unhealthy
4677,2026-01-09 10:05:50.051,0.00,100.00,Unhealthy
4678,2026-01-09 10:05:50.073,0.00,100.00,Unhealthy
4679,2026-01-09 10:05:50.093,0.00,100.00,Unhealthy
4680,2026-01-09 10:05:50.115,0.00,100.00,Unhealthy
4681,2026-01-09 10:05:50.142,0.00,100.00,Unhealthy
4682,2026-01-09 10:05:50.162,0.00,100.00,Unhealthy
4683,2026-01-09 10:05:50.183,0.00,100.00,Unhealthy
4684,2026-01-09 10:05:50.205,0.00,100.00,Unhealthy
4685,2026-01-09 10:05:50.226,0.00,100.00,Unhealthy
4686,2026-01-09 10:05:50.246,0.00,100.00,Unhealthy
4687,2026-01-09 10:05:50.267,0.00,100.00,Unhealthy
4688,2026-01-09 10:05:50.288,0.00,100.00,Unhealthy
4689,2026-01-09 10:05:50.308,0.00,100.00,Unhealthy
4690,2026-01-09 10:05:50.329,0.00,100.00,Unhealthy
4691,2026-01-09 10:05:50.352,0.00,100.00,Unhealthy
4692,2026-01-09 10:05:50.374,0.00,100.00,Unhealthy
4693,2026-01-09 10:05:50.393,0.00,100.00,Unhealthy
4694,2026-01-09 10:05:50.412,0.00,100.00,Unhealthy
4695,2026-01-09 10:05:50.430,0.00,100.00,Unhealthy
4696,2026-01-09 10:05:50.453,0.00,100.00,Unhealthy
4697,2026-01-09 10:05:50.473,0.00,100.00,Unhealthy
4698,2026-01-09 10:05:50.494,0.00,100.00,Unhealthy
4699,2026-01-09 10:05:50.511,0.00,100.00,Unhealthy
4700,2026-01-09 10:05:50.529,0.00,100.00,Unhealthy
4701,2026-01-09 10:05:50.548,0.00,100.00,Unhealthy
4702,2026-01-09 10:05:50.569,0.00,100.00,Unhealthy
4703,2026-01-09 10:05:50.589,0.00,100.00,Unhealthy
4704,2026-01-09 10:05:50.609,0.00,100.00,Unhealthy
4705,2026-01-09 10:05:50.628,0.00,100.00,Unhealthy
4706,2026-01-09 10:05:50.646,0.00,100.00,Unhealthy
4707,2026-01-09 10:05:50.662,0.00,100.00,Unhealthy
4708,2026-01-09 10:05:50.681,0.00,100.00,Unhealthy
4709,2026-01-09 10:05:50.698,0.00,100.00,Unhealthy
4710,2026-01-09 10:05:50.722,0.00,100.00,Unhealthy
4711,2026-01-09 10:05:50.741,0.00,100.00,Unhealthy
4712,2026-01-09 10:05:50.760,0.00,100.00,Unhealthy
4713,2026-01-09 10:05:50.777,0.00,100.00,Unhealthy
4714,2026-01-09 10:05:50.795,0.00,100.00,Unhealthy
4715,2026-01-09 10:05:50.812,0.00,100.00,Unhealthy
4716,2026-01-09 10:05:50.833,0.00,100.00,Unhealthy
4717,2026-01-09 10:05:50.850,0.00,100.00,Unhealthy
4718,2026-01-09 10:05:50.868,0.00,100.00,Unhealthy
4719,2026-01-09 10:05:50.886,0.00,100.00,Unhealthy
4720,2026-01-09 10:05:50.905,0.00,100.00,Unhealthy
4721,2026-01-09 10:05:50.922,0.00,100.00,Unhealthy
4722,2026-01-09 10:05:50.941,0.00,100.00,Unhealthy
4723,2026-01-09 10:05:50.958,0.00,100.00,Unhealthy
4724,2026-01-09 10:05:50.975,0.00,100.00,Unhealthy
4725,2026-01-09 10:05:50.991,0.00,100.00,Unhealthy
4726,2026-01-09 10:05:51.009,0.00,100.00,Unhealthy
4727,2026-01-09 10:05:51.024,0.00,100.00,Unhealthy
4728,2026-01-09 10:05:51.043,0.00,100.00,Unhealthy
4729,2026-01-09 10:05:51.059,0.00,100.00,Unhealthy
4730,2026-01-09 10:05:51.076,0.00,100.00,Unhealthy
4731,2026-01-09 10:05:51.092,0.00,100.00,Unhealthy
4732,2026-01-09 10:05:51.111,0.00,100.00,Unhealthy
4733,2026-01-09 10:05:51.128,0.00,100.00,Unhealthy
4734,2026-01-09 10:05:51.145,0.00,100.00,Unhealthy
4735,2026-01-09 10:05:51.161,0.00,100.00,Unhealthy
4736,2026-01-09 10:05:51.179,0.00,100.00,Unhealthy
4737,2026-01-09 10:05:51.196,0.00,100.00,Unhealthy
4738,2026-01-09 10:05:51.214,0.00,100.00,Unhealthy
4739,2026-01-09 10:05:51.232,0.00,100.00,Unhealthy
4740,2026-01-09 10:05:51.254,0.00,100.00,Unhealthy
4741,2026-01-09 10:05:51.272,0.00,100.00,Unhealthy
4742,2026-01-09 10:05:51.290,0.00,100.00,Unhealthy
4743,2026-01-09 10:05:51.307,0.00,100.00,Unhealthy
4744,2026-01-09 10:05:51.324,0.00,100.00,Unhealthy
4745,2026-01-09 10:05:51.341,0.00,100.00,Unhealthy
4746,2026-01-09 10:05:51.358,0.00,100.00,Unhealthy
4747,2026-01-09 10:05:51.375,0.00,100.00,Unhealthy
4748,2026-01-09 10:05:51.392,0.00,100.00,Unhealthy
4749,2026-01-09 10:05:51.408,0.00,100.00,Unhealthy
4750,2026-01-09 10:05:51.426,0.00,100.00,Unhealthy
4751,2026-01-09 10:05:51.442,0.00,100.00,Unhealthy
4752,2026-01-09 10:05:51.459,0.00,100.00,Unhealthy
4753,2026-01-09 10:05:51.475,0.00,100.00,Unhealthy
4754,2026-01-09 10:05:51.492,0.00,100.00,Unhealthy
4755,2026-01-09 10:05:51.508,0.00,100.00,Unhealthy
4756,2026-01-09 10:05:51.525,0.00,100.00,Unhealthy
4757,2026-01-09 10:05:51.540,0.00,100.00,Unhealthy
4758,2026-01-09 10:05:51.558,0.00,100.00,Unhealthy
4759,2026-01-09 10:05:51.575,0.00,100.00,Unhealthy
4760,2026-01-09 10:05:51.592,0.00,100.00,Unhealthy
4761,2026-01-09 10:05:51.608,0.00,100.00,Unhealthy
4762,2026-01-09 10:05:51.626,0.00,100.00,Unhealthy
4763,2026-01-09 10:05:51.641,0.00,100.00,Unhealthy
4764,2026-01-09 10:05:51.658,0.00,100.00,Unhealthy
4765,2026-01-09 10:05:51.674,0.00,100.00,Unhealthy
4766,2026-01-09 10:05:51.691,0.00,100.00,Unhealthy
4767,2026-01-09 10:05:51.707,0.00,100.00,Unhealthy
4768,2026-01-09 10:05:51.724,0.00,100.00,Unhealthy
4769,2026-01-09 10:05:51.740,0.00,100.00,Unhealthy
4770,2026-01-09 10:05:51.760,0.00,100.00,Unhealthy
4771,2026-01-09 10:05:51.776,0.00,100.00,Unhealthy
4772,2026-01-09 10:05:51.794,0.00,100.00,Unhealthy
4773,2026-01-09 10:05:51.812,0.00,100.00,Unhealthy
4774,2026-01-09 10:05:51.830,0.00,100.00,Unhealthy
4775,2026-01-09 10:05:51.848,0.00,100.00,Unhealthy
4776,2026-01-09 10:05:51.864,0.00,100.00,Unhealthy
4777,2026-01-09 10:05:51.881,0.00,100.00,Unhealthy
4778,2026-01-09 10:05:51.898,0.00,100.00,Unhealthy
4779,2026-01-09 10:05:51.913,0.00,100.00,Unhealthy
4780,2026-01-09 10:05:51.929,0.00,100.00,Unhealthy
4781,2026-01-09 10:05:51.944,0.00,100.00,Unhealthy
4782,2026-01-09 10:05:51.960,0.00,100.00,Unhealthy
4783,2026-01-09 10:05:51.976,0.00,100.00,Unhealthy
4784,2026-01-09 10:05:51.992,0.00,100.00,Unhealthy
4785,2026-01-09 10:05:52.008,0.00,100.00,Unhealthy
4786,2026-01-09 10:05:52.025,0.00,100.00,Unhealthy
4787,2026-01-09 10:05:52.040,0.00,100.00,Unhealthy
4788,2026-01-09 10:05:52.057,0.00,100.00,Unhealthy
4789,2026-01-09 10:05:52.073,0.00,100.00,Unhealthy
4790,2026-01-09 10:05:52.111,0.00,100.00,Unhealthy
4791,2026-01-09 10:05:52.150,0.00,100.00,Unhealthy
4792,2026-01-09 10:05:52.194,0.00,100.00,Unhealthy
4793,2026-01-09 10:05:52.215,0.00,100.00,Unhealthy
4794,2026-01-09 10:05:52.269,0.00,100.00,Unhealthy
4795,2026-01-09 10:05:52.342,0.00,100.00,Unhealthy
4796,2026-01-09 10:05:52.360,0.00,100.00,Unhealthy
4797,2026-01-09 10:05:52.396,0.00,100.00,Unhealthy
4798,2026-01-09 10:05:52.439,0.00,100.00,Unhealthy
4799,2026-01-09 10:05:52.483,0.00,100.00,Unhealthy
4800,2026-01-09 10:05:52.562,0.00,100.00,Unhealthy
4801,2026-01-09 10:05:52.578,0.00,100.00,Unhealthy
4802,2026-01-09 10:05:52.597,0.00,100.00,Unhealthy
4803,2026-01-09 10:05:52.649,0.00,100.00,Unhealthy
4804,2026-01-09 10:05:52.703,0.00,100.00,Unhealthy
4805,2026-01-09 10:05:52.735,0.00,100.00,Unhealthy
4806,2026-01-09 10:05:52.785,0.00,100.00,Unhealthy
4807,2026-01-09 10:05:52.822,0.00,100.00,Unhealthy
4808,2026-01-09 10:05:52.863,0.00,100.00,Unhealthy
4809,2026-01-09 10:05:52.906,0.00,100.00,Unhealthy
4810,2026-01-09 10:05:52.957,0.00,100.00,Unhealthy
4811,2026-01-09 10:05:52.975,0.00,100.00,Unhealthy
4812,2026-01-09 10:05:53.041,0.00,100.00,Unhealthy
4813,2026-01-09 10:05:53.056,0.00,100.00,Unhealthy
4814,2026-01-09 10:05:53.106,0.00,100.00,Unhealthy
4815,2026-01-09 10:05:53.156,0.00,100.00,Unhealthy
4816,2026-01-09 10:05:53.190,0.00,100.00,Unhealthy
4817,2026-01-09 10:05:53.238,0.00,100.00,Unhealthy
4818,2026-01-09 10:05:53.289,0.00,100.00,Unhealthy
4819,2026-01-09 10:05:53.329,0.00,100.00,Unhealthy
4820,2026-01-09 10:05:53.376,0.00,100.00,Unhealthy
4821,2026-01-09 10:05:53.407,0.00,100.00,Unhealthy
4822,2026-01-09 10:05:53.440,0.00,100.00,Unhealthy
4823,2026-01-09 10:05:53.492,0.00,100.00,Unhealthy
4824,2026-01-09 10:05:53.524,0.00,100.00,Unhealthy
4825,2026-01-09 10:05:53.589,0.00,100.00,Unhealthy
4826,2026-01-09 10:05:53.619,0.00,100.00,Unhealthy
4827,2026-01-09 10:05:53.659,0.00,100.00,Unhealthy
4828,2026-01-09 10:05:53.692,0.00,100.00,Unhealthy
4829,2026-01-09 10:05:53.735,0.00,100.00,Unhealthy
4830,2026-01-09 10:05:53.794,0.00,100.00,Unhealthy
4831,2026-01-09 10:05:53.811,0.00,100.00,Unhealthy
4832,2026-01-09 10:05:53.872,0.00,100.00,Unhealthy
4833,2026-01-09 10:05:53.912,0.00,100.00,Unhealthy
4834,2026-01-09 10:05:53.942,0.00,100.00,Unhealthy
4835,2026-01-09 10:05:54.005,0.00,100.00,Unhealthy
4836,2026-01-09 10:05:54.022,0.00,100.00,Unhealthy
4837,2026-01-09 10:05:54.045,0.00,100.00,Unhealthy
4838,2026-01-09 10:05:54.107,0.00,100.00,Unhealthy
4839,2026-01-09 10:05:54.154,0.00,100.00,Unhealthy
4840,2026-01-09 10:05:54.200,0.00,100.00,Unhealthy
4841,2026-01-09 10:05:54.237,0.00,100.00,Unhealthy
4842,2026-01-09 10:05:54.298,0.00,100.00,Unhealthy
4843,2026-01-09 10:05:54.332,0.00,100.00,Unhealthy
4844,2026-01-09 10:05:54.387,0.00,100.00,Unhealthy
4845,2026-01-09 10:05:54.419,0.00,100.00,Unhealthy
4846,2026-01-09 10:05:54.471,0.00,100.00,Unhealthy
4847,2026-01-09 10:05:54.498,0.00,100.00,Unhealthy
4848,2026-01-09 10:05:54.526,0.00,100.00,Unhealthy
4849,2026-01-09 10:05:54.569,0.00,100.00,Unhealthy
4850,2026-01-09 10:05:54.627,0.00,100.00,Unhealthy
4851,2026-01-09 10:05:54.657,0.00,100.00,Unhealthy
4852,2026-01-09 10:05:54.693,0.00,100.00,Unhealthy
4853,2026-01-09 10:05:54.744,0.00,100.00,Unhealthy
4854,2026-01-09 10:05:54.786,0.00,100.00,Unhealthy
4855,2026-01-09 10:05:54.817,0.00,100.00,Unhealthy
4856,2026-01-09 10:05:54.884,0.00,100.00,Unhealthy
4857,2026-01-09 10:05:54.932,0.00,100.00,Unhealthy
4858,2026-01-09 10:05:54.966,0.00,100.00,Unhealthy
4859,2026-01-09 10:05:55.003,0.00,100.00,Unhealthy
4860,2026-01-09 10:05:55.054,0.00,100.00,Unhealthy
4861,2026-01-09 10:05:55.071,0.00,100.00,Unhealthy
4862,2026-01-09 10:05:55.105,0.00,100.00,Unhealthy
4863,2026-01-09 10:05:55.157,0.00,100.00,Unhealthy
4864,2026-01-09 10:05:55.208,0.00,100.00,Unhealthy
4865,2026-01-09 10:05:55.253,0.00,100.00,Unhealthy
4866,2026-01-09 10:05:55.298,0.00,100.00,Unhealthy
4867,2026-01-09 10:05:55.339,0.00,100.00,Unhealthy
4868,2026-01-09 10:05:55.386,0.00,100.00,Unhealthy
4869,2026-01-09 10:05:55.423,0.00,100.00,Unhealthy
4870,2026-01-09 10:05:55.459,0.00,100.00,Unhealthy
4871,2026-01-09 10:05:55.502,0.00,100.00,Unhealthy
4872,2026-01-09 10:05:55.540,0.00,100.00,Unhealthy
4873,2026-01-09 10:05:55.602,0.00,100.00,Unhealthy
4874,2026-01-09 10:05:55.660,0.00,100.00,Unhealthy
4875,2026-01-09 10:05:55.680,0.00,100.00,Unhealthy
4876,2026-01-09 10:05:55.711,0.00,100.00,Unhealthy
4877,2026-01-09 10:05:55.743,0.00,100.00,Unhealthy
4878,2026-01-09 10:05:55.785,0.00,100.00,Unhealthy
4879,2026-01-09 10:05:55.838,0.00,100.00,Unhealthy
4880,2026-01-09 10:05:55.879,0.00,100.00,Unhealthy
4881,2026-01-09 10:05:55.920,0.00,100.00,Unhealthy
4882,2026-01-09 10:05:55.952,0.00,100.00,Unhealthy
4883,2026-01-09 10:05:56.004,0.00,100.00,Unhealthy
4884,2026-01-09 10:05:56.118,0.00,100.00,Unhealthy
4885,2026-01-09 10:05:56.156,0.00,100.00,Unhealthy
4886,2026-01-09 10:05:56.186,0.00,100.00,Unhealthy
4887,2026-01-09 10:05:56.202,0.00,100.00,Unhealthy
4888,2026-01-09 10:05:56.220,0.00,100.00,Unhealthy
4889,2026-01-09 10:05:56.253,0.00,100.00,Unhealthy
4890,2026-01-09 10:05:56.305,0.00,100.00,Unhealthy
4891,2026-01-09 10:05:56.322,0.00,100.00,Unhealthy
4892,2026-01-09 10:05:56.422,0.00,100.00,Unhealthy
4893,2026-01-09 10:05:56.498,0.00,100.00,Unhealthy
4894,2026-01-09 10:05:56.520,0.00,100.00,Unhealthy
4895,2026-01-09 10:05:56.542,0.00,100.00,Unhealthy
4896,2026-01-09 10:05:56.570,0.00,100.00,Unhealthy
4897,2026-01-09 10:05:56.599,0.00,100.00,Unhealthy
4898,2026-01-09 10:05:56.678,0.00,100.00,Unhealthy
4899,2026-01-09 10:05:56.759,0.00,100.00,Unhealthy
4900,2026-01-09 10:05:56.809,0.00,100.00,Unhealthy
4901,2026-01-09 10:05:56.824,0.00,100.00,Unhealthy
4902,2026-01-09 10:05:56.840,0.00,100.00,Unhealthy
4903,2026-01-09 10:05:56.856,0.00,100.00,Unhealthy
4904,2026-01-09 10:05:56.880,0.00,100.00,Unhealthy
4905,2026-01-09 10:05:56.918,0.00,100.00,Unhealthy
4906,2026-01-09 10:05:56.949,0.00,100.00,Unhealthy
4907,2026-01-09 10:05:56.980,0.00,100.00,Unhealthy
4908,2026-01-09 10:05:57.015,0.00,100.00,Unhealthy
4909,2026-01-09 10:05:57.088,0.00,100.00,Unhealthy
4910,2026-01-09 10:05:57.108,0.00,100.00,Unhealthy
4911,2026-01-09 10:05:57.137,0.00,100.00,Unhealthy
4912,2026-01-09 10:05:57.184,0.00,100.00,Unhealthy
4913,2026-01-09 10:05:57.211,0.00,100.00,Unhealthy
4914,2026-01-09 10:05:57.270,0.00,100.00,Unhealthy
4915,2026-01-09 10:05:57.302,0.00,100.00,Unhealthy
4916,2026-01-09 10:05:57.342,0.00,100.00,Unhealthy
4917,2026-01-09 10:05:57.432,0.00,100.00,Unhealthy
4918,2026-01-09 10:05:57.449,0.00,100.00,Unhealthy
4919,2026-01-09 10:05:57.480,0.00,100.00,Unhealthy
4920,2026-01-09 10:05:57.551,0.00,100.00,Unhealthy
4921,2026-01-09 10:05:57.568,0.00,100.00,Unhealthy
4922,2026-01-09 10:05:57.602,0.00,100.00,Unhealthy
4923,2026-01-09 10:05:57.653,0.00,100.00,Unhealthy
4924,2026-01-09 10:05:57.684,0.00,100.00,Unhealthy
4925,2026-01-09 10:05:57.726,0.00,100.00,Unhealthy
4926,2026-01-09 10:05:57.787,0.00,100.00,Unhealthy
4927,2026-01-09 10:05:57.819,0.00,100.00,Unhealthy
4928,2026-01-09 10:05:57.859,0.00,100.00,Unhealthy
4929,2026-01-09 10:05:57.901,0.00,100.00,Unhealthy
4930,2026-01-09 10:05:57.941,0.00,100.00,Unhealthy
4931,2026-01-09 10:05:57.968,0.00,100.00,Unhealthy
4932,2026-01-09 10:05:58.017,0.00,100.00,Unhealthy
4933,2026-01-09 10:05:58.059,0.00,100.00,Unhealthy
4934,2026-01-09 10:05:58.100,0.00,100.00,Unhealthy
4935,2026-01-09 10:05:58.131,0.00,100.00,Unhealthy
4936,2026-01-09 10:05:58.173,0.00,100.00,Unhealthy
4937,2026-01-09 10:05:58.232,0.00,100.00,Unhealthy
4938,2026-01-09 10:05:58.288,0.00,100.00,Unhealthy
4939,2026-01-09 10:05:58.313,0.00,100.00,Unhealthy
4940,2026-01-09 10:05:58.373,0.00,100.00,Unhealthy
4941,2026-01-09 10:05:58.419,0.00,100.00,Unhealthy
4942,2026-01-09 10:05:58.468,0.00,100.00,Unhealthy
4943,2026-01-09 10:05:58.501,0.00,100.00,Unhealthy
4944,2026-01-09 10:05:58.534,0.00,100.00,Unhealthy
4945,2026-01-09 10:05:58.556,0.00,100.00,Unhealthy
4946,2026-01-09 10:05:58.602,0.00,100.00,Unhealthy
4947,2026-01-09 10:05:58.637,0.00,100.00,Unhealthy
4948,2026-01-09 10:05:58.678,0.00,100.00,Unhealthy
4949,2026-01-09 10:05:58.717,0.00,100.00,Unhealthy
4950,2026-01-09 10:05:58.799,0.01,99.99,Unhealthy
4951,2026-01-09 10:05:58.817,0.01,99.99,Unhealthy
4952,2026-01-09 10:05:58.839,0.01,99.99,Unhealthy
4953,2026-01-09 10:05:58.886,0.00,100.00,Unhealthy
4954,2026-01-09 10:05:58.926,0.00,100.00,Unhealthy
4955,2026-01-09 10:05:58.983,0.00,100.00,Unhealthy
4956,2026-01-09 10:05:59.013,0.00,100.00,Unhealthy
4957,2026-01-09 10:05:59.066,0.00,100.00,Unhealthy
4958,2026-01-09 10:05:59.096,0.00,100.00,Unhealthy
4959,2026-01-09 10:05:59.146,0.00,100.00,Unhealthy
4960,2026-01-09 10:05:59.169,0.00,100.00,Unhealthy
4961,2026-01-09 10:05:59.219,0.00,100.00,Unhealthy
4962,2026-01-09 10:05:59.258,0.00,100.00,Unhealthy
4963,2026-01-09 10:05:59.305,0.00,100.00,Unhealthy
4964,2026-01-09 10:05:59.344,0.00,100.00,Unhealthy
4965,2026-01-09 10:05:59.384,0.00,100.00,Unhealthy
4966,2026-01-09 10:05:59.444,0.00,100.00,Unhealthy
4967,2026-01-09 10:05:59.465,0.00,100.00,Unhealthy
4968,2026-01-09 10:05:59.500,0.00,100.00,Unhealthy
4969,2026-01-09 10:05:59.548,0.00,100.00,Unhealthy
4970,2026-01-09 10:05:59.598,0.00,100.00,Unhealthy
4971,2026-01-09 10:05:59.634,0.00,100.00,Unhealthy
4972,2026-01-09 10:05:59.685,0.00,100.00,Unhealthy
4973,2026-01-09 10:05:59.715,0.00,100.00,Unhealthy
4974,2026-01-09 10:05:59.760,0.00,100.00,Unhealthy
4975,2026-01-09 10:05:59.798,0.00,100.00,Unhealthy
4976,2026-01-09 10:05:59.859,0.00,100.00,Unhealthy
4977,2026-01-09 10:05:59.895,0.00,100.00,Unhealthy
4978,2026-01-09 10:05:59.920,0.00,100.00,Unhealthy
4979,2026-01-09 10:05:59.975,0.00,100.00,Unhealthy
4980,2026-01-09 10:06:00.057,0.00,100.00,Unhealthy
4981,2026-01-09 10:06:00.073,0.00,100.00,Unhealthy
4982,2026-01-09 10:06:00.111,0.00,100.00,Unhealthy
4983,2026-01-09 10:06:00.134,0.00,100.00,Unhealthy
4984,2026-01-09 10:06:00.178,0.00,100.00,Unhealthy
4985,2026-01-09 10:06:00.236,0.00,100.00,Unhealthy
4986,2026-01-09 10:06:00.268,0.00,100.00,Unhealthy
4987,2026-01-09 10:06:00.425,0.00,100.00,Unhealthy
4988,2026-01-09 10:06:00.444,0.00,100.00,Unhealthy
4989,2026-01-09 10:06:00.459,0.00,100.00,Unhealthy
4990,2026-01-09 10:06:00.475,0.00,100.00,Unhealthy
4991,2026-01-09 10:06:00.553,0.00,100.00,Unhealthy
4992,2026-01-09 10:06:00.569,0.00,100.00,Unhealthy
4993,2026-01-09 10:06:00.583,0.00,100.00,Unhealthy
4994,2026-01-09 10:06:00.831,0.00,100.00,Unhealthy
4995,2026-01-09 10:06:00.846,0.00,100.00,Unhealthy
4996,2026-01-09 10:06:00.862,0.00,100.00,Unhealthy
4997,2026-01-09 10:06:00.877,0.00,100.00,Unhealthy
4998,2026-01-09 10:06:00.983,0.00,100.00,Unhealthy
4999,2026-01-09 10:06:00.999,0.00,100.00,Unhealthy
5000,2026-01-09 10:06:01.015,0.00,100.00,Unhealthy
5001,2026-01-09 10:06:01.031,0.00,100.00,Unhealthy
5002,2026-01-09 10:06:01.111,0.00,100.00,Unhealthy
5003,2026-01-09 10:06:01.129,0.00,100.00,Unhealthy
5004,2026-01-09 10:06:01.146,0.00,100.00,Unhealthy
5005,2026-01-09 10:06:01.162,0.00,100.00,Unhealthy
5006,2026-01-09 10:06:01.240,0.00,100.00,Unhealthy
5007,2026-01-09 10:06:01.255,0.00,100.00,Unhealthy
5008,2026-01-09 10:06:01.273,0.00,100.00,Unhealthy
5009,2026-01-09 10:06:01.289,0.00,100.00,Unhealthy
5010,2026-01-09 10:06:01.395,0.01,99.99,Unhealthy
5011,2026-01-09 10:06:01.459,0.01,99.99,Unhealthy
5012,2026-01-09 10:06:01.477,0.00,100.00,Unhealthy
5013,2026-01-09 10:06:01.493,0.00,100.00,Unhealthy
5014,2026-01-09 10:06:01.511,0.00,100.00,Unhealthy
5015,2026-01-09 10:06:01.526,0.00,100.00,Unhealthy
5016,2026-01-09 10:06:01.621,0.00,100.00,Unhealthy
5017,2026-01-09 10:06:01.640,0.00,100.00,Unhealthy
5018,2026-01-09 10:06:01.658,0.00,100.00,Unhealthy
5019,2026-01-09 10:06:01.672,0.00,100.00,Unhealthy
5020,2026-01-09 10:06:01.775,0.00,100.00,Unhealthy
5021,2026-01-09 10:06:01.789,0.00,100.00,Unhealthy
5022,2026-01-09 10:06:01.807,0.00,100.00,Unhealthy
5023,2026-01-09 10:06:01.823,0.00,100.00,Unhealthy
5024,2026-01-09 10:06:01.920,0.00,100.00,Unhealthy
5025,2026-01-09 10:06:01.934,0.00,100.00,Unhealthy
5026,2026-01-09 10:06:01.950,0.00,100.00,Unhealthy
5027,2026-01-09 10:06:02.075,0.00,100.00,Unhealthy
5028,2026-01-09 10:06:02.091,0.00,100.00,Unhealthy
5029,2026-01-09 10:06:02.106,0.00,100.00,Unhealthy
5030,2026-01-09 10:06:02.123,0.00,100.00,Unhealthy
5031,2026-01-09 10:06:02.238,0.00,100.00,Unhealthy
5032,2026-01-09 10:06:02.254,0.00,100.00,Unhealthy
5033,2026-01-09 10:06:02.698,0.00,100.00,Unhealthy
5034,2026-01-09 10:06:02.714,0.00,100.00,Unhealthy
5035,2026-01-09 10:06:02.853,0.00,100.00,Unhealthy
5036,2026-01-09 10:06:02.874,0.00,100.00,Unhealthy
5037,2026-01-09 10:06:04.215,0.00,100.00,Unhealthy
5038,2026-01-09 10:06:04.287,0.00,100.00,Unhealthy
5039,2026-01-09 10:06:04.303,0.00,100.00,Unhealthy
5040,2026-01-09 10:06:04.363,0.01,99.99,Unhealthy
5041,2026-01-09 10:06:04.382,0.01,99.99,Unhealthy
5042,2026-01-09 10:06:04.406,0.01,99.99,Unhealthy
5043,2026-01-09 10:06:04.428,0.00,100.00,Unhealthy
5044,2026-01-09 10:06:04.448,0.00,100.00,Unhealthy
5045,2026-01-09 10:06:04.465,0.00,100.00,Unhealthy
5046,2026-01-09 10:06:04.482,0.00,100.00,Unhealthy
5047,2026-01-09 10:06:04.498,0.00,100.00,Unhealthy
5048,2026-01-09 10:06:04.517,0.01,99.99,Unhealthy
5049,2026-01-09 10:06:04.534,0.01,99.99,Unhealthy
5050,2026-01-09 10:06:04.553,0.01,99.99,Unhealthy
5051,2026-01-09 10:06:04.569,0.00,100.00,Unhealthy
5052,2026-01-09 10:06:04.586,0.00,100.00,Unhealthy
5053,2026-01-09 10:06:04.603,0.00,100.00,Unhealthy
5054,2026-01-09 10:06:04.625,0.00,100.00,Unhealthy
5055,2026-01-09 10:06:04.642,0.00,100.00,Unhealthy
5056,2026-01-09 10:06:04.660,0.00,100.00,Unhealthy
5057,2026-01-09 10:06:04.677,0.00,100.00,Unhealthy
5058,2026-01-09 10:06:04.697,0.00,100.00,Unhealthy
5059,2026-01-09 10:06:04.719,0.00,100.00,Unhealthy
5060,2026-01-09 10:06:04.740,0.00,100.00,Unhealthy
5061,2026-01-09 10:06:04.763,0.00,100.00,Unhealthy
5062,2026-01-09 10:06:04.784,0.00,100.00,Unhealthy
5063,2026-01-09 10:06:04.803,0.00,100.00,Unhealthy
5064,2026-01-09 10:06:04.823,0.00,100.00,Unhealthy
5065,2026-01-09 10:06:04.839,0.00,100.00,Unhealthy
5066,2026-01-09 10:06:04.857,0.00,100.00,Unhealthy
5067,2026-01-09 10:06:04.880,0.00,100.00,Unhealthy
5068,2026-01-09 10:06:04.907,0.00,100.00,Unhealthy
5069,2026-01-09 10:06:04.924,0.00,100.00,Unhealthy
5070,2026-01-09 10:06:04.946,0.00,100.00,Unhealthy
5071,2026-01-09 10:06:04.963,0.00,100.00,Unhealthy
5072,2026-01-09 10:06:04.979,0.00,100.00,Unhealthy
5073,2026-01-09 10:06:04.995,0.00,100.00,Unhealthy
5074,2026-01-09 10:06:05.011,0.00,100.00,Unhealthy
5075,2026-01-09 10:06:05.026,0.00,100.00,Unhealthy
5076,2026-01-09 10:06:05.043,0.00,100.00,Unhealthy
5077,2026-01-09 10:06:05.058,0.00,100.00,Unhealthy
5078,2026-01-09 10:06:05.075,0.01,99.99,Unhealthy
5079,2026-01-09 10:06:05.091,0.01,99.99,Unhealthy
5080,2026-01-09 10:06:05.109,0.00,100.00,Unhealthy
5081,2026-01-09 10:06:05.125,0.00,100.00,Unhealthy
5082,2026-01-09 10:06:05.144,0.00,100.00,Unhealthy
5083,2026-01-09 10:06:05.160,0.00,100.00,Unhealthy
5084,2026-01-09 10:06:05.178,0.00,100.00,Unhealthy
5085,2026-01-09 10:06:05.193,0.00,100.00,Unhealthy
5086,2026-01-09 10:06:05.210,0.00,100.00,Unhealthy
5087,2026-01-09 10:06:05.227,0.00,100.00,Unhealthy
5088,2026-01-09 10:06:05.243,0.00,100.00,Unhealthy
5089,2026-01-09 10:06:05.258,0.00,100.00,Unhealthy
5090,2026-01-09 10:06:05.274,0.00,100.00,Unhealthy
5091,2026-01-09 10:06:05.288,0.00,100.00,Unhealthy
5092,2026-01-09 10:06:05.307,0.00,100.00,Unhealthy
5093,2026-01-09 10:06:05.323,0.00,100.00,Unhealthy
5094,2026-01-09 10:06:05.340,0.00,100.00,Unhealthy
5095,2026-01-09 10:06:05.356,0.00,100.00,Unhealthy
5096,2026-01-09 10:06:05.372,0.00,100.00,Unhealthy
5097,2026-01-09 10:06:05.388,0.00,100.00,Unhealthy
5098,2026-01-09 10:06:05.404,0.00,100.00,Unhealthy
5099,2026-01-09 10:06:05.418,0.00,100.00,Unhealthy
5100,2026-01-09 10:06:05.442,0.00,100.00,Unhealthy
5101,2026-01-09 10:06:05.459,0.00,100.00,Unhealthy
5102,2026-01-09 10:06:05.477,0.00,100.00,Unhealthy
5103,2026-01-09 10:06:05.492,0.00,100.00,Unhealthy
5104,2026-01-09 10:06:05.508,0.00,100.00,Unhealthy
5105,2026-01-09 10:06:05.523,0.00,100.00,Unhealthy
5106,2026-01-09 10:06:05.540,0.00,100.00,Unhealthy
5107,2026-01-09 10:06:05.556,0.00,100.00,Unhealthy
5108,2026-01-09 10:06:05.573,0.00,100.00,Unhealthy
5109,2026-01-09 10:06:05.587,0.00,100.00,Unhealthy
5110,2026-01-09 10:06:05.603,0.00,100.00,Unhealthy
5111,2026-01-09 10:06:05.618,0.00,100.00,Unhealthy
5112,2026-01-09 10:06:05.637,0.00,100.00,Unhealthy
5113,2026-01-09 10:06:05.651,0.00,100.00,Unhealthy
5114,2026-01-09 10:06:05.667,0.00,100.00,Unhealthy
5115,2026-01-09 10:06:05.682,0.00,100.00,Unhealthy
5116,2026-01-09 10:06:05.701,0.00,100.00,Unhealthy
5117,2026-01-09 10:06:05.733,0.00,100.00,Unhealthy
5118,2026-01-09 10:06:05.787,0.00,100.00,Unhealthy
5119,2026-01-09 10:06:05.823,0.00,100.00,Unhealthy
5120,2026-01-09 10:06:05.870,0.00,100.00,Unhealthy
5121,2026-01-09 10:06:05.907,0.00,100.00,Unhealthy
5122,2026-01-09 10:06:05.947,0.00,100.00,Unhealthy
5123,2026-01-09 10:06:05.992,0.00,100.00,Unhealthy
5124,2026-01-09 10:06:06.031,0.00,100.00,Unhealthy
5125,2026-01-09 10:06:06.077,0.00,100.00,Unhealthy
5126,2026-01-09 10:06:06.115,0.00,100.00,Unhealthy
5127,2026-01-09 10:06:06.158,0.00,100.00,Unhealthy
5128,2026-01-09 10:06:06.198,0.00,100.00,Unhealthy
5129,2026-01-09 10:06:06.246,0.00,100.00,Unhealthy
5130,2026-01-09 10:06:06.320,0.01,99.99,Unhealthy
5131,2026-01-09 10:06:06.340,0.00,100.00,Unhealthy
5132,2026-01-09 10:06:06.374,0.00,100.00,Unhealthy
5133,2026-01-09 10:06:06.401,0.00,100.00,Unhealthy
5134,2026-01-09 10:06:06.446,0.00,100.00,Unhealthy
5135,2026-01-09 10:06:06.497,0.00,100.00,Unhealthy
5136,2026-01-09 10:06:06.520,0.00,100.00,Unhealthy
5137,2026-01-09 10:06:06.573,0.00,100.00,Unhealthy
5138,2026-01-09 10:06:06.620,0.00,100.00,Unhealthy
5139,2026-01-09 10:06:06.657,0.00,100.00,Unhealthy
5140,2026-01-09 10:06:06.700,0.00,100.00,Unhealthy
5141,2026-01-09 10:06:06.738,0.00,100.00,Unhealthy
5142,2026-01-09 10:06:06.790,0.00,100.00,Unhealthy
5143,2026-01-09 10:06:06.826,0.00,100.00,Unhealthy
5144,2026-01-09 10:06:06.857,0.00,100.00,Unhealthy
5145,2026-01-09 10:06:06.901,0.00,100.00,Unhealthy
5146,2026-01-09 10:06:06.945,0.00,100.00,Unhealthy
5147,2026-01-09 10:06:06.988,0.00,100.00,Unhealthy
5148,2026-01-09 10:06:07.024,0.00,100.00,Unhealthy
5149,2026-01-09 10:06:07.076,0.00,100.00,Unhealthy
5150,2026-01-09 10:06:07.122,0.00,100.00,Unhealthy
5151,2026-01-09 10:06:07.213,0.00,100.00,Unhealthy
5152,2026-01-09 10:06:07.230,0.00,100.00,Unhealthy
5153,2026-01-09 10:06:07.246,0.00,100.00,Unhealthy
5154,2026-01-09 10:06:07.275,0.00,100.00,Unhealthy
5155,2026-01-09 10:06:07.324,0.00,100.00,Unhealthy
5156,2026-01-09 10:06:07.357,0.00,100.00,Unhealthy
5157,2026-01-09 10:06:07.398,0.00,100.00,Unhealthy
5158,2026-01-09 10:06:07.439,0.00,100.00,Unhealthy
5159,2026-01-09 10:06:07.493,0.00,100.00,Unhealthy
5160,2026-01-09 10:06:07.572,0.00,100.00,Unhealthy
5161,2026-01-09 10:06:07.591,0.01,99.99,Unhealthy
5162,2026-01-09 10:06:07.614,0.00,100.00,Unhealthy
5163,2026-01-09 10:06:07.659,0.00,100.00,Unhealthy
5164,2026-01-09 10:06:07.703,0.00,100.00,Unhealthy
5165,2026-01-09 10:06:07.740,0.00,100.00,Unhealthy
5166,2026-01-09 10:06:07.781,0.00,100.00,Unhealthy
5167,2026-01-09 10:06:07.823,0.00,100.00,Unhealthy
5168,2026-01-09 10:06:07.873,0.00,100.00,Unhealthy
5169,2026-01-09 10:06:07.904,0.00,100.00,Unhealthy
5170,2026-01-09 10:06:07.958,0.00,100.00,Unhealthy
5171,2026-01-09 10:06:07.983,0.00,100.00,Unhealthy
5172,2026-01-09 10:06:08.145,0.01,99.99,Unhealthy
5173,2026-01-09 10:06:08.196,0.00,100.00,Unhealthy
5174,2026-01-09 10:06:08.228,0.00,100.00,Unhealthy
5175,2026-01-09 10:06:08.265,0.00,100.00,Unhealthy
5176,2026-01-09 10:06:08.318,0.00,100.00,Unhealthy
5177,2026-01-09 10:06:08.356,0.00,100.00,Unhealthy
5178,2026-01-09 10:06:08.380,0.00,100.00,Unhealthy
5179,2026-01-09 10:06:08.436,0.00,100.00,Unhealthy
5180,2026-01-09 10:06:08.479,0.00,100.00,Unhealthy
5181,2026-01-09 10:06:08.523,0.00,100.00,Unhealthy
5182,2026-01-09 10:06:08.558,0.00,100.00,Unhealthy
5183,2026-01-09 10:06:08.596,0.00,100.00,Unhealthy
5184,2026-01-09 10:06:08.648,0.00,100.00,Unhealthy
5185,2026-01-09 10:06:08.689,0.00,100.00,Unhealthy
5186,2026-01-09 10:06:08.720,0.00,100.00,Unhealthy
5187,2026-01-09 10:06:08.765,0.00,100.00,Unhealthy
5188,2026-01-09 10:06:08.808,0.00,100.00,Unhealthy
5189,2026-01-09 10:06:08.854,0.00,100.00,Unhealthy
5190,2026-01-09 10:06:08.930,0.00,100.00,Unhealthy
5191,2026-01-09 10:06:08.947,0.00,100.00,Unhealthy
5192,2026-01-09 10:06:08.994,0.00,100.00,Unhealthy
5193,2026-01-09 10:06:09.023,0.00,100.00,Unhealthy
5194,2026-01-09 10:06:09.069,0.00,100.00,Unhealthy
5195,2026-01-09 10:06:09.108,0.00,100.00,Unhealthy
5196,2026-01-09 10:06:09.153,0.00,100.00,Unhealthy
5197,2026-01-09 10:06:09.189,0.00,100.00,Unhealthy
5198,2026-01-09 10:06:09.235,0.00,100.00,Unhealthy
5199,2026-01-09 10:06:09.277,0.00,100.00,Unhealthy
5200,2026-01-09 10:06:09.315,0.00,100.00,Unhealthy
5201,2026-01-09 10:06:09.359,0.00,100.00,Unhealthy
5202,2026-01-09 10:06:09.399,0.00,100.00,Unhealthy
5203,2026-01-09 10:06:09.448,0.00,100.00,Unhealthy
5204,2026-01-09 10:06:09.483,0.00,100.00,Unhealthy
5205,2026-01-09 10:06:09.541,0.00,100.00,Unhealthy
5206,2026-01-09 10:06:09.564,0.00,100.00,Unhealthy
5207,2026-01-09 10:06:09.594,0.00,100.00,Unhealthy
5208,2026-01-09 10:06:09.656,0.00,100.00,Unhealthy
5209,2026-01-09 10:06:09.691,0.00,100.00,Unhealthy
5210,2026-01-09 10:06:09.738,0.00,100.00,Unhealthy
5211,2026-01-09 10:06:09.769,0.00,100.00,Unhealthy
5212,2026-01-09 10:06:09.823,0.00,100.00,Unhealthy
5213,2026-01-09 10:06:09.864,0.00,100.00,Unhealthy
5214,2026-01-09 10:06:09.900,0.00,100.00,Unhealthy
5215,2026-01-09 10:06:09.934,0.00,100.00,Unhealthy
5216,2026-01-09 10:06:09.980,0.00,100.00,Unhealthy
5217,2026-01-09 10:06:10.023,0.00,100.00,Unhealthy
5218,2026-01-09 10:06:10.071,0.00,100.00,Unhealthy
5219,2026-01-09 10:06:10.110,0.00,100.00,Unhealthy
5220,2026-01-09 10:06:10.191,0.01,99.99,Unhealthy
5221,2026-01-09 10:06:10.208,0.00,100.00,Unhealthy
5222,2026-01-09 10:06:10.240,0.00,100.00,Unhealthy
5223,2026-01-09 10:06:10.274,0.00,100.00,Unhealthy
5224,2026-01-09 10:06:10.323,0.00,100.00,Unhealthy
5225,2026-01-09 10:06:10.353,0.00,100.00,Unhealthy
5226,2026-01-09 10:06:10.410,0.00,100.00,Unhealthy
5227,2026-01-09 10:06:10.455,0.00,100.00,Unhealthy
5228,2026-01-09 10:06:10.490,0.00,100.00,Unhealthy
5229,2026-01-09 10:06:10.528,0.00,100.00,Unhealthy
5230,2026-01-09 10:06:10.591,0.00,100.00,Unhealthy
5231,2026-01-09 10:06:10.614,0.00,100.00,Unhealthy
5232,2026-01-09 10:06:10.646,0.00,100.00,Unhealthy
5233,2026-01-09 10:06:10.702,0.00,100.00,Unhealthy
5234,2026-01-09 10:06:10.725,0.00,100.00,Unhealthy
5235,2026-01-09 10:06:10.776,0.00,100.00,Unhealthy
5236,2026-01-09 10:06:10.807,0.00,100.00,Unhealthy
5237,2026-01-09 10:06:10.857,0.00,100.00,Unhealthy
5238,2026-01-09 10:06:10.894,0.00,100.00,Unhealthy
5239,2026-01-09 10:06:10.938,0.00,100.00,Unhealthy
5240,2026-01-09 10:06:10.986,0.00,100.00,Unhealthy
5241,2026-01-09 10:06:11.043,0.00,100.00,Unhealthy
5242,2026-01-09 10:06:11.063,0.00,100.00,Unhealthy
5243,2026-01-09 10:06:11.120,0.00,100.00,Unhealthy
5244,2026-01-09 10:06:11.148,0.00,100.00,Unhealthy
5245,2026-01-09 10:06:11.188,0.00,100.00,Unhealthy
5246,2026-01-09 10:06:11.236,0.00,100.00,Unhealthy
5247,2026-01-09 10:06:11.275,0.00,100.00,Unhealthy
5248,2026-01-09 10:06:11.318,0.00,100.00,Unhealthy
5249,2026-01-09 10:06:11.371,0.00,100.00,Unhealthy
5250,2026-01-09 10:06:11.443,0.00,100.00,Unhealthy
5251,2026-01-09 10:06:11.459,0.00,100.00,Unhealthy
5252,2026-01-09 10:06:11.486,0.00,100.00,Unhealthy
5253,2026-01-09 10:06:11.519,0.00,100.00,Unhealthy
5254,2026-01-09 10:06:11.555,0.00,100.00,Unhealthy
5255,2026-01-09 10:06:11.620,0.00,100.00,Unhealthy
5256,2026-01-09 10:06:11.651,0.00,100.00,Unhealthy
5257,2026-01-09 10:06:11.688,0.00,100.00,Unhealthy
5258,2026-01-09 10:06:11.736,0.00,100.00,Unhealthy
5259,2026-01-09 10:06:11.774,0.00,100.00,Unhealthy
5260,2026-01-09 10:06:11.818,0.00,100.00,Unhealthy
5261,2026-01-09 10:06:11.854,0.00,100.00,Unhealthy
5262,2026-01-09 10:06:11.903,0.00,100.00,Unhealthy
5263,2026-01-09 10:06:11.946,0.00,100.00,Unhealthy
5264,2026-01-09 10:06:11.980,0.00,100.00,Unhealthy
5265,2026-01-09 10:06:12.011,0.00,100.00,Unhealthy
5266,2026-01-09 10:06:12.069,0.00,100.00,Unhealthy
5267,2026-01-09 10:06:12.103,0.00,100.00,Unhealthy
5268,2026-01-09 10:06:12.154,0.00,100.00,Unhealthy
5269,2026-01-09 10:06:12.194,0.00,100.00,Unhealthy
5270,2026-01-09 10:06:12.236,0.00,100.00,Unhealthy
5271,2026-01-09 10:06:12.279,0.01,99.99,Unhealthy
5272,2026-01-09 10:06:12.320,0.01,99.99,Unhealthy
5273,2026-01-09 10:06:12.354,0.00,100.00,Unhealthy
5274,2026-01-09 10:06:12.435,0.00,100.00,Unhealthy
5275,2026-01-09 10:06:12.451,0.00,100.00,Unhealthy
5276,2026-01-09 10:06:12.495,0.00,100.00,Unhealthy
5277,2026-01-09 10:06:12.526,0.00,100.00,Unhealthy
5278,2026-01-09 10:06:12.575,0.00,100.00,Unhealthy
5279,2026-01-09 10:06:12.628,0.00,100.00,Unhealthy
5280,2026-01-09 10:06:12.672,0.00,100.00,Unhealthy
5281,2026-01-09 10:06:12.703,0.00,100.00,Unhealthy
5282,2026-01-09 10:06:12.754,0.00,100.00,Unhealthy
5283,2026-01-09 10:06:12.781,0.00,100.00,Unhealthy
5284,2026-01-09 10:06:12.823,0.00,100.00,Unhealthy
5285,2026-01-09 10:06:12.870,0.00,100.00,Unhealthy
5286,2026-01-09 10:06:12.904,0.00,100.00,Unhealthy
5287,2026-01-09 10:06:12.955,0.00,100.00,Unhealthy
5288,2026-01-09 10:06:13.006,0.00,100.00,Unhealthy
5289,2026-01-09 10:06:13.030,0.00,100.00,Unhealthy
5290,2026-01-09 10:06:13.080,0.00,100.00,Unhealthy
5291,2026-01-09 10:06:13.123,0.00,100.00,Unhealthy
5292,2026-01-09 10:06:13.175,0.00,100.00,Unhealthy
5293,2026-01-09 10:06:13.201,0.00,100.00,Unhealthy
5294,2026-01-09 10:06:13.242,0.00,100.00,Unhealthy
5295,2026-01-09 10:06:13.283,0.00,100.00,Unhealthy
5296,2026-01-09 10:06:13.335,0.00,100.00,Unhealthy
5297,2026-01-09 10:06:13.363,0.00,100.00,Unhealthy
5298,2026-01-09 10:06:13.415,0.00,100.00,Unhealthy
5299,2026-01-09 10:06:13.455,0.00,100.00,Unhealthy
5300,2026-01-09 10:06:13.488,0.00,100.00,Unhealthy
5301,2026-01-09 10:06:13.541,0.00,100.00,Unhealthy
5302,2026-01-09 10:06:13.599,0.00,100.00,Unhealthy
5303,2026-01-09 10:06:13.622,0.00,100.00,Unhealthy
5304,2026-01-09 10:06:13.675,0.00,100.00,Unhealthy
5305,2026-01-09 10:06:13.708,0.00,100.00,Unhealthy
5306,2026-01-09 10:06:13.738,0.00,100.00,Unhealthy
5307,2026-01-09 10:06:13.788,0.00,100.00,Unhealthy
5308,2026-01-09 10:06:13.821,0.00,100.00,Unhealthy
5309,2026-01-09 10:06:13.877,0.00,100.00,Unhealthy
5310,2026-01-09 10:06:13.967,0.00,100.00,Unhealthy
5311,2026-01-09 10:06:13.985,0.01,99.99,Unhealthy
5312,2026-01-09 10:06:14.003,0.00,100.00,Unhealthy
5313,2026-01-09 10:06:14.036,0.00,100.00,Unhealthy
5314,2026-01-09 10:06:14.095,0.00,100.00,Unhealthy
5315,2026-01-09 10:06:14.122,0.00,100.00,Unhealthy
5316,2026-01-09 10:06:14.168,0.00,100.00,Unhealthy
5317,2026-01-09 10:06:14.215,0.00,100.00,Unhealthy
5318,2026-01-09 10:06:14.250,0.00,100.00,Unhealthy
5319,2026-01-09 10:06:14.282,0.00,100.00,Unhealthy
5320,2026-01-09 10:06:14.335,0.00,100.00,Unhealthy
5321,2026-01-09 10:06:14.368,0.00,100.00,Unhealthy
5322,2026-01-09 10:06:14.420,0.00,100.00,Unhealthy
5323,2026-01-09 10:06:14.445,0.00,100.00,Unhealthy
5324,2026-01-09 10:06:14.502,0.00,100.00,Unhealthy
5325,2026-01-09 10:06:14.535,0.00,100.00,Unhealthy
5326,2026-01-09 10:06:14.590,0.00,100.00,Unhealthy
5327,2026-01-09 10:06:14.620,0.00,100.00,Unhealthy
5328,2026-01-09 10:06:14.658,0.00,100.00,Unhealthy
5329,2026-01-09 10:06:14.701,0.00,100.00,Unhealthy
5330,2026-01-09 10:06:14.752,0.00,100.00,Unhealthy
5331,2026-01-09 10:06:14.796,0.00,100.00,Unhealthy
5332,2026-01-09 10:06:14.833,0.00,100.00,Unhealthy
5333,2026-01-09 10:06:14.871,0.00,100.00,Unhealthy
5334,2026-01-09 10:06:14.921,0.00,100.00,Unhealthy
5335,2026-01-09 10:06:14.939,0.00,100.00,Unhealthy
5336,2026-01-09 10:06:14.994,0.00,100.00,Unhealthy
5337,2026-01-09 10:06:15.037,0.00,100.00,Unhealthy
5338,2026-01-09 10:06:15.085,0.00,100.00,Unhealthy
5339,2026-01-09 10:06:15.112,0.00,100.00,Unhealthy
5340,2026-01-09 10:06:15.194,0.00,100.00,Unhealthy
5341,2026-01-09 10:06:15.209,0.00,100.00,Unhealthy
5342,2026-01-09 10:06:15.243,0.00,100.00,Unhealthy
5343,2026-01-09 10:06:15.403,0.00,100.00,Unhealthy
5344,2026-01-09 10:06:15.420,0.00,100.00,Unhealthy
5345,2026-01-09 10:06:15.435,0.00,100.00,Unhealthy
5346,2026-01-09 10:06:15.451,0.00,100.00,Unhealthy
5347,2026-01-09 10:06:15.662,0.00,100.00,Unhealthy
5348,2026-01-09 10:06:15.693,0.00,100.00,Unhealthy
5349,2026-01-09 10:06:15.707,0.00,100.00,Unhealthy
5350,2026-01-09 10:06:15.724,0.00,100.00,Unhealthy
5351,2026-01-09 10:06:15.738,0.00,100.00,Unhealthy
5352,2026-01-09 10:06:15.754,0.00,100.00,Unhealthy
5353,2026-01-09 10:06:15.826,0.00,100.00,Unhealthy
5354,2026-01-09 10:06:15.843,0.00,100.00,Unhealthy
5355,2026-01-09 10:06:15.857,0.00,100.00,Unhealthy
5356,2026-01-09 10:06:15.873,0.00,100.00,Unhealthy
5357,2026-01-09 10:06:15.965,0.00,100.00,Unhealthy
5358,2026-01-09 10:06:15.980,0.00,100.00,Unhealthy
5359,2026-01-09 10:06:15.995,0.00,100.00,Unhealthy
5360,2026-01-09 10:06:16.085,0.00,100.00,Unhealthy
5361,2026-01-09 10:06:16.100,0.00,100.00,Unhealthy
5362,2026-01-09 10:06:16.116,0.00,100.00,Unhealthy
5363,2026-01-09 10:06:16.131,0.00,100.00,Unhealthy
5364,2026-01-09 10:06:16.231,0.00,100.00,Unhealthy
5365,2026-01-09 10:06:16.245,0.00,100.00,Unhealthy
5366,2026-01-09 10:06:16.261,0.00,100.00,Unhealthy
5367,2026-01-09 10:06:16.370,0.00,100.00,Unhealthy
5368,2026-01-09 10:06:16.387,0.00,100.00,Unhealthy
5369,2026-01-09 10:06:16.402,0.00,100.00,Unhealthy
5370,2026-01-09 10:06:16.634,0.00,100.00,Unhealthy
5371,2026-01-09 10:06:16.650,0.00,100.00,Unhealthy
5372,2026-01-09 10:06:16.772,0.00,100.00,Unhealthy
5373,2026-01-09 10:06:16.788,0.00,100.00,Unhealthy
5374,2026-01-09 10:06:16.918,0.00,100.00,Unhealthy
5375,2026-01-09 10:06:16.934,0.00,100.00,Unhealthy
5376,2026-01-09 10:06:16.951,0.00,100.00,Unhealthy
5377,2026-01-09 10:06:17.215,0.00,100.00,Unhealthy
5378,2026-01-09 10:06:17.386,0.00,100.00,Unhealthy
5379,2026-01-09 10:06:18.289,0.00,100.00,Unhealthy
5380,2026-01-09 10:06:18.307,0.00,100.00,Unhealthy
5381,2026-01-09 10:06:18.327,0.00,100.00,Unhealthy
5382,2026-01-09 10:06:18.470,0.00,100.00,Unhealthy
5383,2026-01-09 10:06:18.621,0.00,100.00,Unhealthy
5384,2026-01-09 10:06:18.761,0.00,100.00,Unhealthy
5385,2026-01-09 10:06:18.775,0.00,100.00,Unhealthy
5386,2026-01-09 10:06:18.921,0.00,100.00,Unhealthy
5387,2026-01-09 10:06:18.944,0.00,100.00,Unhealthy
5388,2026-01-09 10:06:19.054,0.00,100.00,Unhealthy
5389,2026-01-09 10:06:19.070,0.00,100.00,Unhealthy
5390,2026-01-09 10:06:19.086,0.00,100.00,Unhealthy
5391,2026-01-09 10:06:19.190,0.00,100.00,Unhealthy
5392,2026-01-09 10:06:19.219,0.00,100.00,Unhealthy
5393,2026-01-09 10:06:19.284,0.00,100.00,Unhealthy
5394,2026-01-09 10:06:19.301,0.00,100.00,Unhealthy
5395,2026-01-09 10:06:19.317,0.00,100.00,Unhealthy
5396,2026-01-09 10:06:19.335,0.00,100.00,Unhealthy
5397,2026-01-09 10:06:19.350,0.00,100.00,Unhealthy
5398,2026-01-09 10:06:19.367,0.00,100.00,Unhealthy
5399,2026-01-09 10:06:19.383,0.00,100.00,Unhealthy
5400,2026-01-09 10:06:19.413,0.01,99.99,Unhealthy
5401,2026-01-09 10:06:19.431,0.00,100.00,Unhealthy
5402,2026-01-09 10:06:19.450,0.00,100.00,Unhealthy
5403,2026-01-09 10:06:19.466,0.00,100.00,Unhealthy
5404,2026-01-09 10:06:19.483,0.00,100.00,Unhealthy
5405,2026-01-09 10:06:19.499,0.00,100.00,Unhealthy
5406,2026-01-09 10:06:19.516,0.00,100.00,Unhealthy
5407,2026-01-09 10:06:19.533,0.00,100.00,Unhealthy
5408,2026-01-09 10:06:19.550,0.00,100.00,Unhealthy
5409,2026-01-09 10:06:19.565,0.00,100.00,Unhealthy
5410,2026-01-09 10:06:19.581,0.00,100.00,Unhealthy
5411,2026-01-09 10:06:19.596,0.00,100.00,Unhealthy
5412,2026-01-09 10:06:19.613,0.00,100.00,Unhealthy
5413,2026-01-09 10:06:19.628,0.00,100.00,Unhealthy
5414,2026-01-09 10:06:19.645,0.00,100.00,Unhealthy
5415,2026-01-09 10:06:19.662,0.00,100.00,Unhealthy
5416,2026-01-09 10:06:19.678,0.00,100.00,Unhealthy
5417,2026-01-09 10:06:19.693,0.00,100.00,Unhealthy
5418,2026-01-09 10:06:19.708,0.00,100.00,Unhealthy
5419,2026-01-09 10:06:19.725,0.00,100.00,Unhealthy
5420,2026-01-09 10:06:19.741,0.00,100.00,Unhealthy
5421,2026-01-09 10:06:19.755,0.00,100.00,Unhealthy
5422,2026-01-09 10:06:19.773,0.00,100.00,Unhealthy
5423,2026-01-09 10:06:19.790,0.00,100.00,Unhealthy
5424,2026-01-09 10:06:19.808,0.00,100.00,Unhealthy
5425,2026-01-09 10:06:19.822,0.00,100.00,Unhealthy
5426,2026-01-09 10:06:19.839,0.00,100.00,Unhealthy
5427,2026-01-09 10:06:19.855,0.00,100.00,Unhealthy
5428,2026-01-09 10:06:19.871,0.00,100.00,Unhealthy
5429,2026-01-09 10:06:19.886,0.00,100.00,Unhealthy
5430,2026-01-09 10:06:19.908,0.00,100.00,Unhealthy
5431,2026-01-09 10:06:19.928,0.00,100.00,Unhealthy
5432,2026-01-09 10:06:19.945,0.00,100.00,Unhealthy
5433,2026-01-09 10:06:19.961,0.00,100.00,Unhealthy
5434,2026-01-09 10:06:19.978,0.00,100.00,Unhealthy
5435,2026-01-09 10:06:19.992,0.00,100.00,Unhealthy
5436,2026-01-09 10:06:20.008,0.00,100.00,Unhealthy
5437,2026-01-09 10:06:20.022,0.00,100.00,Unhealthy
5438,2026-01-09 10:06:20.038,0.00,100.00,Unhealthy
5439,2026-01-09 10:06:20.054,0.00,100.00,Unhealthy
5440,2026-01-09 10:06:20.070,0.00,100.00,Unhealthy
5441,2026-01-09 10:06:20.084,0.00,100.00,Unhealthy
5442,2026-01-09 10:06:20.100,0.00,100.00,Unhealthy
5443,2026-01-09 10:06:20.115,0.00,100.00,Unhealthy
5444,2026-01-09 10:06:20.132,0.00,100.00,Unhealthy
5445,2026-01-09 10:06:20.147,0.00,100.00,Unhealthy
5446,2026-01-09 10:06:20.164,0.00,100.00,Unhealthy
5447,2026-01-09 10:06:20.179,0.00,100.00,Unhealthy
5448,2026-01-09 10:06:20.195,0.00,100.00,Unhealthy
5449,2026-01-09 10:06:20.210,0.00,100.00,Unhealthy
5450,2026-01-09 10:06:20.225,0.00,100.00,Unhealthy
5451,2026-01-09 10:06:20.240,0.00,100.00,Unhealthy
5452,2026-01-09 10:06:20.256,0.00,100.00,Unhealthy
5453,2026-01-09 10:06:20.270,0.00,100.00,Unhealthy
5454,2026-01-09 10:06:20.286,0.00,100.00,Unhealthy
5455,2026-01-09 10:06:20.301,0.00,100.00,Unhealthy
5456,2026-01-09 10:06:20.317,0.00,100.00,Unhealthy
5457,2026-01-09 10:06:20.333,0.00,100.00,Unhealthy
5458,2026-01-09 10:06:20.351,0.00,100.00,Unhealthy
5459,2026-01-09 10:06:20.367,0.00,100.00,Unhealthy
5460,2026-01-09 10:06:20.389,0.01,99.99,Unhealthy
5461,2026-01-09 10:06:20.407,0.00,100.00,Unhealthy
5462,2026-01-09 10:06:20.424,0.00,100.00,Unhealthy
5463,2026-01-09 10:06:20.438,0.00,100.00,Unhealthy
5464,2026-01-09 10:06:20.454,0.00,100.00,Unhealthy
5465,2026-01-09 10:06:20.469,0.00,100.00,Unhealthy
5466,2026-01-09 10:06:20.485,0.00,100.00,Unhealthy
5467,2026-01-09 10:06:20.501,0.00,100.00,Unhealthy
5468,2026-01-09 10:06:20.518,0.00,100.00,Unhealthy
5469,2026-01-09 10:06:20.541,0.00,100.00,Unhealthy
5470,2026-01-09 10:06:20.574,0.00,100.00,Unhealthy
5471,2026-01-09 10:06:20.627,0.00,100.00,Unhealthy
5472,2026-01-09 10:06:20.660,0.00,100.00,Unhealthy
5473,2026-01-09 10:06:20.711,0.00,100.00,Unhealthy
5474,2026-01-09 10:06:20.753,0.00,100.00,Unhealthy
5475,2026-01-09 10:06:20.791,0.00,100.00,Unhealthy
5476,2026-01-09 10:06:20.842,0.00,100.00,Unhealthy
5477,2026-01-09 10:06:20.883,0.00,100.00,Unhealthy
5478,2026-01-09 10:06:20.917,0.00,100.00,Unhealthy
5479,2026-01-09 10:06:20.965,0.00,100.00,Unhealthy
5480,2026-01-09 10:06:21.007,0.00,100.00,Unhealthy
5481,2026-01-09 10:06:21.035,0.00,100.00,Unhealthy
5482,2026-01-09 10:06:21.092,0.00,100.00,Unhealthy
5483,2026-01-09 10:06:21.125,0.00,100.00,Unhealthy
5484,2026-01-09 10:06:21.165,0.00,100.00,Unhealthy
5485,2026-01-09 10:06:21.211,0.00,100.00,Unhealthy
5486,2026-01-09 10:06:21.232,0.00,100.00,Unhealthy
5487,2026-01-09 10:06:21.275,0.00,100.00,Unhealthy
5488,2026-01-09 10:06:21.341,0.00,100.00,Unhealthy
5489,2026-01-09 10:06:21.367,0.00,100.00,Unhealthy
5490,2026-01-09 10:06:21.446,0.00,100.00,Unhealthy
5491,2026-01-09 10:06:21.464,0.00,100.00,Unhealthy
5492,2026-01-09 10:06:21.512,0.00,100.00,Unhealthy
5493,2026-01-09 10:06:21.533,0.00,100.00,Unhealthy
5494,2026-01-09 10:06:21.578,0.00,100.00,Unhealthy
5495,2026-01-09 10:06:21.632,0.00,100.00,Unhealthy
5496,2026-01-09 10:06:21.667,0.00,100.00,Unhealthy
5497,2026-01-09 10:06:21.713,0.00,100.00,Unhealthy
5498,2026-01-09 10:06:21.758,0.00,100.00,Unhealthy
5499,2026-01-09 10:06:21.788,0.00,100.00,Unhealthy
5500,2026-01-09 10:06:21.828,0.00,100.00,Unhealthy
5501,2026-01-09 10:06:21.880,0.00,100.00,Unhealthy
5502,2026-01-09 10:06:21.932,0.00,100.00,Unhealthy
5503,2026-01-09 10:06:21.958,0.00,100.00,Unhealthy
5504,2026-01-09 10:06:22.003,0.00,100.00,Unhealthy
5505,2026-01-09 10:06:22.092,0.00,100.00,Unhealthy
5506,2026-01-09 10:06:22.109,0.00,100.00,Unhealthy
5507,2026-01-09 10:06:22.128,0.00,100.00,Unhealthy
5508,2026-01-09 10:06:22.188,0.00,100.00,Unhealthy
5509,2026-01-09 10:06:22.226,0.00,100.00,Unhealthy
5510,2026-01-09 10:06:22.266,0.00,100.00,Unhealthy
5511,2026-01-09 10:06:22.300,0.00,100.00,Unhealthy
5512,2026-01-09 10:06:22.351,0.00,100.00,Unhealthy
5513,2026-01-09 10:06:22.424,0.00,100.00,Unhealthy
5514,2026-01-09 10:06:22.446,0.00,100.00,Unhealthy
5515,2026-01-09 10:06:22.496,0.00,100.00,Unhealthy
5516,2026-01-09 10:06:22.571,0.00,100.00,Unhealthy
5517,2026-01-09 10:06:22.598,0.00,100.00,Unhealthy
5518,2026-01-09 10:06:22.620,0.00,100.00,Unhealthy
5519,2026-01-09 10:06:22.637,0.00,100.00,Unhealthy
5520,2026-01-09 10:06:22.698,0.01,99.99,Unhealthy
5521,2026-01-09 10:06:22.714,0.01,99.99,Unhealthy
5522,2026-01-09 10:06:22.749,0.01,99.99,Unhealthy
5523,2026-01-09 10:06:22.797,0.01,99.99,Unhealthy
5524,2026-01-09 10:06:22.848,0.01,99.99,Unhealthy
5525,2026-01-09 10:06:22.871,0.01,99.99,Unhealthy
5526,2026-01-09 10:06:22.916,0.01,99.99,Unhealthy
5527,2026-01-09 10:06:22.963,0.01,99.99,Unhealthy
5528,2026-01-09 10:06:22.995,0.01,99.99,Unhealthy
5529,2026-01-09 10:06:23.064,0.01,99.99,Unhealthy
5530,2026-01-09 10:06:23.080,0.01,99.99,Unhealthy
5531,2026-01-09 10:06:23.111,0.01,99.99,Unhealthy
5532,2026-01-09 10:06:23.158,0.01,99.99,Unhealthy
5533,2026-01-09 10:06:23.205,0.01,99.99,Unhealthy
5534,2026-01-09 10:06:23.241,0.01,99.99,Unhealthy
5535,2026-01-09 10:06:23.277,0.01,99.99,Unhealthy
5536,2026-01-09 10:06:23.327,0.01,99.99,Unhealthy
5537,2026-01-09 10:06:23.381,0.01,99.99,Unhealthy
5538,2026-01-09 10:06:23.409,0.01,99.99,Unhealthy
5539,2026-01-09 10:06:23.474,0.01,99.99,Unhealthy
5540,2026-01-09 10:06:23.497,0.01,99.99,Unhealthy
5541,2026-01-09 10:06:23.551,0.01,99.99,Unhealthy
5542,2026-01-09 10:06:23.587,0.01,99.99,Unhealthy
5543,2026-01-09 10:06:23.629,0.00,100.00,Unhealthy
5544,2026-01-09 10:06:23.711,0.00,100.00,Unhealthy
5545,2026-01-09 10:06:23.726,0.00,100.00,Unhealthy
5546,2026-01-09 10:06:23.753,0.00,100.00,Unhealthy
5547,2026-01-09 10:06:23.973,0.00,100.00,Unhealthy
5548,2026-01-09 10:06:23.992,0.00,100.00,Unhealthy
5549,2026-01-09 10:06:24.067,0.00,100.00,Unhealthy
5550,2026-01-09 10:06:24.111,0.00,100.00,Unhealthy
5551,2026-01-09 10:06:24.148,0.00,100.00,Unhealthy
5552,2026-01-09 10:06:24.175,0.00,100.00,Unhealthy
5553,2026-01-09 10:06:24.243,0.00,100.00,Unhealthy
5554,2026-01-09 10:06:24.264,0.00,100.00,Unhealthy
5555,2026-01-09 10:06:24.305,0.00,100.00,Unhealthy
5556,2026-01-09 10:06:24.350,0.00,100.00,Unhealthy
5557,2026-01-09 10:06:24.408,0.00,100.00,Unhealthy
5558,2026-01-09 10:06:24.438,0.00,100.00,Unhealthy
5559,2026-01-09 10:06:24.469,0.00,100.00,Unhealthy
5560,2026-01-09 10:06:24.517,0.00,100.00,Unhealthy
5561,2026-01-09 10:06:24.578,0.00,100.00,Unhealthy
5562,2026-01-09 10:06:24.596,0.00,100.00,Unhealthy
5563,2026-01-09 10:06:24.623,0.00,100.00,Unhealthy
5564,2026-01-09 10:06:24.704,0.00,100.00,Unhealthy
5565,2026-01-09 10:06:24.798,0.00,100.00,Unhealthy
5566,2026-01-09 10:06:24.816,0.00,100.00,Unhealthy
5567,2026-01-09 10:06:24.830,0.00,100.00,Unhealthy
5568,2026-01-09 10:06:24.852,0.00,100.00,Unhealthy
5569,2026-01-09 10:06:24.896,0.00,100.00,Unhealthy
5570,2026-01-09 10:06:24.926,0.00,100.00,Unhealthy
5571,2026-01-09 10:06:24.964,0.00,100.00,Unhealthy
5572,2026-01-09 10:06:25.011,0.00,100.00,Unhealthy
5573,2026-01-09 10:06:25.044,0.00,100.00,Unhealthy
5574,2026-01-09 10:06:25.097,0.00,100.00,Unhealthy
5575,2026-01-09 10:06:25.148,0.00,100.00,Unhealthy
5576,2026-01-09 10:06:25.209,0.00,100.00,Unhealthy
5577,2026-01-09 10:06:25.225,0.00,100.00,Unhealthy
5578,2026-01-09 10:06:25.250,0.00,100.00,Unhealthy
5579,2026-01-09 10:06:25.313,0.00,100.00,Unhealthy
5580,2026-01-09 10:06:25.385,0.00,100.00,Unhealthy
5581,2026-01-09 10:06:25.402,0.00,100.00,Unhealthy
5582,2026-01-09 10:06:25.429,0.00,100.00,Unhealthy
5583,2026-01-09 10:06:25.484,0.00,100.00,Unhealthy
5584,2026-01-09 10:06:25.518,0.00,100.00,Unhealthy
5585,2026-01-09 10:06:25.544,0.00,100.00,Unhealthy
5586,2026-01-09 10:06:25.593,0.00,100.00,Unhealthy
5587,2026-01-09 10:06:25.629,0.00,100.00,Unhealthy
5588,2026-01-09 10:06:25.672,0.00,100.00,Unhealthy
5589,2026-01-09 10:06:25.707,0.00,100.00,Unhealthy
5590,2026-01-09 10:06:25.745,0.00,100.00,Unhealthy
5591,2026-01-09 10:06:25.798,0.00,100.00,Unhealthy
5592,2026-01-09 10:06:25.842,0.00,100.00,Unhealthy
5593,2026-01-09 10:06:25.881,0.00,100.00,Unhealthy
5594,2026-01-09 10:06:25.924,0.00,100.00,Unhealthy
5595,2026-01-09 10:06:25.971,0.00,100.00,Unhealthy
5596,2026-01-09 10:06:26.015,0.00,100.00,Unhealthy
5597,2026-01-09 10:06:26.050,0.00,100.00,Unhealthy
5598,2026-01-09 10:06:26.114,0.00,100.00,Unhealthy
5599,2026-01-09 10:06:26.142,0.00,100.00,Unhealthy
5600,2026-01-09 10:06:26.165,0.00,100.00,Unhealthy
5601,2026-01-09 10:06:26.215,0.00,100.00,Unhealthy
5602,2026-01-09 10:06:26.254,0.00,100.00,Unhealthy
5603,2026-01-09 10:06:26.304,0.00,100.00,Unhealthy
5604,2026-01-09 10:06:26.340,0.00,100.00,Unhealthy
5605,2026-01-09 10:06:26.391,0.00,100.00,Unhealthy
5606,2026-01-09 10:06:26.440,0.00,100.00,Unhealthy
5607,2026-01-09 10:06:26.478,0.00,100.00,Unhealthy
5608,2026-01-09 10:06:26.509,0.00,100.00,Unhealthy
5609,2026-01-09 10:06:26.545,0.00,100.00,Unhealthy
5610,2026-01-09 10:06:26.635,0.01,99.99,Unhealthy
5611,2026-01-09 10:06:26.653,0.00,100.00,Unhealthy
5612,2026-01-09 10:06:26.675,0.00,100.00,Unhealthy
5613,2026-01-09 10:06:26.708,0.00,100.00,Unhealthy
5614,2026-01-09 10:06:26.774,0.00,100.00,Unhealthy
5615,2026-01-09 10:06:26.829,0.00,100.00,Unhealthy
5616,2026-01-09 10:06:26.872,0.00,100.00,Unhealthy
5617,2026-01-09 10:06:26.902,0.00,100.00,Unhealthy
5618,2026-01-09 10:06:26.925,0.00,100.00,Unhealthy
5619,2026-01-09 10:06:26.959,0.00,100.00,Unhealthy
5620,2026-01-09 10:06:27.011,0.00,100.00,Unhealthy
5621,2026-01-09 10:06:27.058,0.00,100.00,Unhealthy
5622,2026-01-09 10:06:27.110,0.00,100.00,Unhealthy
5623,2026-01-09 10:06:27.135,0.00,100.00,Unhealthy
5624,2026-01-09 10:06:27.180,0.00,100.00,Unhealthy
5625,2026-01-09 10:06:27.242,0.00,100.00,Unhealthy
5626,2026-01-09 10:06:27.261,0.00,100.00,Unhealthy
5627,2026-01-09 10:06:27.321,0.00,100.00,Unhealthy
5628,2026-01-09 10:06:27.351,0.00,100.00,Unhealthy
5629,2026-01-09 10:06:27.391,0.00,100.00,Unhealthy
5630,2026-01-09 10:06:27.429,0.00,100.00,Unhealthy
5631,2026-01-09 10:06:27.487,0.00,100.00,Unhealthy
5632,2026-01-09 10:06:27.520,0.00,100.00,Unhealthy
5633,2026-01-09 10:06:27.556,0.00,100.00,Unhealthy
5634,2026-01-09 10:06:27.592,0.00,100.00,Unhealthy
5635,2026-01-09 10:06:27.655,0.00,100.00,Unhealthy
5636,2026-01-09 10:06:27.677,0.00,100.00,Unhealthy
5637,2026-01-09 10:06:27.730,0.00,100.00,Unhealthy
5638,2026-01-09 10:06:27.754,0.00,100.00,Unhealthy
5639,2026-01-09 10:06:27.808,0.00,100.00,Unhealthy
5640,2026-01-09 10:06:27.896,0.00,100.00,Unhealthy
5641,2026-01-09 10:06:27.916,0.00,100.00,Unhealthy
5642,2026-01-09 10:06:27.935,0.00,100.00,Unhealthy
5643,2026-01-09 10:06:27.972,0.00,100.00,Unhealthy
5644,2026-01-09 10:06:28.004,0.00,100.00,Unhealthy
5645,2026-01-09 10:06:28.050,0.00,100.00,Unhealthy
5646,2026-01-09 10:06:28.110,0.00,100.00,Unhealthy
5647,2026-01-09 10:06:28.154,0.00,100.00,Unhealthy
5648,2026-01-09 10:06:28.175,0.00,100.00,Unhealthy
5649,2026-01-09 10:06:28.222,0.00,100.00,Unhealthy
5650,2026-01-09 10:06:28.257,0.00,100.00,Unhealthy
5651,2026-01-09 10:06:28.306,0.00,100.00,Unhealthy
5652,2026-01-09 10:06:28.329,0.00,100.00,Unhealthy
5653,2026-01-09 10:06:28.390,0.00,100.00,Unhealthy
5654,2026-01-09 10:06:28.427,0.00,100.00,Unhealthy
5655,2026-01-09 10:06:28.470,0.00,100.00,Unhealthy
5656,2026-01-09 10:06:28.495,0.00,100.00,Unhealthy
5657,2026-01-09 10:06:28.550,0.00,100.00,Unhealthy
5658,2026-01-09 10:06:28.577,0.00,100.00,Unhealthy
5659,2026-01-09 10:06:28.634,0.00,100.00,Unhealthy
5660,2026-01-09 10:06:28.691,0.00,100.00,Unhealthy
5661,2026-01-09 10:06:28.717,0.00,100.00,Unhealthy
5662,2026-01-09 10:06:28.751,0.00,100.00,Unhealthy
5663,2026-01-09 10:06:28.836,0.00,100.00,Unhealthy
5664,2026-01-09 10:06:28.859,0.00,100.00,Unhealthy
5665,2026-01-09 10:06:28.882,0.00,100.00,Unhealthy
5666,2026-01-09 10:06:28.945,0.00,100.00,Unhealthy
5667,2026-01-09 10:06:28.980,0.00,100.00,Unhealthy
5668,2026-01-09 10:06:29.015,0.00,100.00,Unhealthy
5669,2026-01-09 10:06:29.043,0.00,100.00,Unhealthy
5670,2026-01-09 10:06:29.121,0.00,100.00,Unhealthy
5671,2026-01-09 10:06:29.140,0.00,100.00,Unhealthy
5672,2026-01-09 10:06:29.175,0.00,100.00,Unhealthy
5673,2026-01-09 10:06:29.223,0.00,100.00,Unhealthy
5674,2026-01-09 10:06:29.285,0.00,100.00,Unhealthy
5675,2026-01-09 10:06:29.312,0.00,100.00,Unhealthy
5676,2026-01-09 10:06:29.354,0.00,100.00,Unhealthy
5677,2026-01-09 10:06:29.410,0.00,100.00,Unhealthy
5678,2026-01-09 10:06:29.450,0.00,100.00,Unhealthy
5679,2026-01-09 10:06:29.487,0.00,100.00,Unhealthy
5680,2026-01-09 10:06:29.519,0.00,100.00,Unhealthy
5681,2026-01-09 10:06:29.558,0.00,100.00,Unhealthy
5682,2026-01-09 10:06:29.615,0.00,100.00,Unhealthy
5683,2026-01-09 10:06:29.641,0.00,100.00,Unhealthy
5684,2026-01-09 10:06:29.688,0.00,100.00,Unhealthy
5685,2026-01-09 10:06:29.721,0.00,100.00,Unhealthy
5686,2026-01-09 10:06:29.746,0.00,100.00,Unhealthy
5687,2026-01-09 10:06:29.790,0.00,100.00,Unhealthy
5688,2026-01-09 10:06:29.828,0.00,100.00,Unhealthy
5689,2026-01-09 10:06:29.878,0.00,100.00,Unhealthy
5690,2026-01-09 10:06:29.921,0.00,100.00,Unhealthy
5691,2026-01-09 10:06:29.957,0.00,100.00,Unhealthy
5692,2026-01-09 10:06:29.995,0.00,100.00,Unhealthy
5693,2026-01-09 10:06:30.044,0.00,100.00,Unhealthy
5694,2026-01-09 10:06:30.102,0.00,100.00,Unhealthy
5695,2026-01-09 10:06:30.121,0.00,100.00,Unhealthy
5696,2026-01-09 10:06:30.178,0.00,100.00,Unhealthy
5697,2026-01-09 10:06:30.223,0.00,100.00,Unhealthy
5698,2026-01-09 10:06:30.260,0.00,100.00,Unhealthy
5699,2026-01-09 10:06:30.410,0.00,100.00,Unhealthy
5700,2026-01-09 10:06:30.432,0.00,100.00,Unhealthy
5701,2026-01-09 10:06:30.447,0.00,100.00,Unhealthy
5702,2026-01-09 10:06:30.551,0.00,100.00,Unhealthy
5703,2026-01-09 10:06:30.567,0.00,100.00,Unhealthy
5704,2026-01-09 10:06:30.583,0.00,100.00,Unhealthy
5705,2026-01-09 10:06:30.599,0.00,100.00,Unhealthy
5706,2026-01-09 10:06:30.677,0.00,100.00,Unhealthy
5707,2026-01-09 10:06:30.697,0.00,100.00,Unhealthy
5708,2026-01-09 10:06:30.715,0.00,100.00,Unhealthy
5709,2026-01-09 10:06:30.810,0.00,100.00,Unhealthy
5710,2026-01-09 10:06:30.826,0.00,100.00,Unhealthy
5711,2026-01-09 10:06:30.842,0.00,100.00,Unhealthy
5712,2026-01-09 10:06:30.859,0.00,100.00,Unhealthy
5713,2026-01-09 10:06:30.969,0.00,100.00,Unhealthy
5714,2026-01-09 10:06:30.988,0.00,100.00,Unhealthy
5715,2026-01-09 10:06:31.006,0.00,100.00,Unhealthy
5716,2026-01-09 10:06:31.088,0.00,100.00,Unhealthy
5717,2026-01-09 10:06:31.106,0.00,100.00,Unhealthy
5718,2026-01-09 10:06:31.123,0.00,100.00,Unhealthy
5719,2026-01-09 10:06:31.231,0.00,100.00,Unhealthy
5720,2026-01-09 10:06:31.247,0.00,100.00,Unhealthy
5721,2026-01-09 10:06:31.262,0.00,100.00,Unhealthy
5722,2026-01-09 10:06:31.280,0.00,100.00,Unhealthy
5723,2026-01-09 10:06:31.362,0.00,100.00,Unhealthy
5724,2026-01-09 10:06:31.381,0.00,100.00,Unhealthy
5725,2026-01-09 10:06:31.398,0.00,100.00,Unhealthy
5726,2026-01-09 10:06:31.464,0.00,100.00,Unhealthy
5727,2026-01-09 10:06:31.478,0.00,100.00,Unhealthy
5728,2026-01-09 10:06:31.619,0.00,100.00,Unhealthy
5729,2026-01-09 10:06:31.635,0.00,100.00,Unhealthy
5730,2026-01-09 10:06:32.098,0.00,100.00,Unhealthy
5731,2026-01-09 10:06:32.537,0.00,100.00,Unhealthy
5732,2026-01-09 10:06:32.555,0.00,100.00,Unhealthy
5733,2026-01-09 10:06:32.688,0.00,100.00,Unhealthy
5734,2026-01-09 10:06:32.838,0.00,100.00,Unhealthy
5735,2026-01-09 10:06:32.853,0.00,100.00,Unhealthy
5736,2026-01-09 10:06:32.871,0.00,100.00,Unhealthy
5737,2026-01-09 10:06:33.007,0.00,100.00,Unhealthy
5738,2026-01-09 10:06:33.610,0.00,100.00,Unhealthy
5739,2026-01-09 10:06:33.626,0.00,100.00,Unhealthy
5740,2026-01-09 10:06:33.755,0.00,100.00,Unhealthy
5741,2026-01-09 10:06:33.770,0.00,100.00,Unhealthy
5742,2026-01-09 10:06:33.789,0.00,100.00,Unhealthy
5743,2026-01-09 10:06:33.917,0.00,100.00,Unhealthy
5744,2026-01-09 10:06:33.934,0.00,100.00,Unhealthy
5745,2026-01-09 10:06:33.950,0.00,100.00,Unhealthy
5746,2026-01-09 10:06:34.064,0.00,100.00,Unhealthy
5747,2026-01-09 10:06:34.080,0.00,100.00,Unhealthy
5748,2026-01-09 10:06:34.186,0.00,100.00,Unhealthy
5749,2026-01-09 10:06:34.205,0.00,100.00,Unhealthy
5750,2026-01-09 10:06:34.275,0.00,100.00,Unhealthy
5751,2026-01-09 10:06:34.291,0.00,100.00,Unhealthy
5752,2026-01-09 10:06:34.309,0.00,100.00,Unhealthy
5753,2026-01-09 10:06:34.327,0.00,100.00,Unhealthy
5754,2026-01-09 10:06:34.349,0.00,100.00,Unhealthy
5755,2026-01-09 10:06:34.367,0.00,100.00,Unhealthy
5756,2026-01-09 10:06:34.385,0.00,100.00,Unhealthy
5757,2026-01-09 10:06:34.400,0.00,100.00,Unhealthy
5758,2026-01-09 10:06:34.416,0.00,100.00,Unhealthy
5759,2026-01-09 10:06:34.431,0.00,100.00,Unhealthy
5760,2026-01-09 10:06:34.452,0.00,100.00,Unhealthy
5761,2026-01-09 10:06:34.469,0.00,100.00,Unhealthy
5762,2026-01-09 10:06:34.486,0.00,100.00,Unhealthy
5763,2026-01-09 10:06:34.503,0.00,100.00,Unhealthy
5764,2026-01-09 10:06:34.521,0.00,100.00,Unhealthy
5765,2026-01-09 10:06:34.536,0.00,100.00,Unhealthy
5766,2026-01-09 10:06:34.554,0.00,100.00,Unhealthy
5767,2026-01-09 10:06:34.570,0.00,100.00,Unhealthy
5768,2026-01-09 10:06:34.587,0.00,100.00,Unhealthy
5769,2026-01-09 10:06:34.603,0.00,100.00,Unhealthy
5770,2026-01-09 10:06:34.620,0.00,100.00,Unhealthy
5771,2026-01-09 10:06:34.636,0.00,100.00,Unhealthy
5772,2026-01-09 10:06:34.654,0.00,100.00,Unhealthy
5773,2026-01-09 10:06:34.669,0.00,100.00,Unhealthy
5774,2026-01-09 10:06:34.686,0.00,100.00,Unhealthy
5775,2026-01-09 10:06:34.702,0.00,100.00,Unhealthy
5776,2026-01-09 10:06:34.720,0.00,100.00,Unhealthy
5777,2026-01-09 10:06:34.735,0.00,100.00,Unhealthy
5778,2026-01-09 10:06:34.753,0.00,100.00,Unhealthy
5779,2026-01-09 10:06:34.769,0.00,100.00,Unhealthy
5780,2026-01-09 10:06:34.785,0.00,100.00,Unhealthy
5781,2026-01-09 10:06:34.800,0.00,100.00,Unhealthy
5782,2026-01-09 10:06:34.818,0.01,99.99,Unhealthy
5783,2026-01-09 10:06:34.833,0.00,100.00,Unhealthy
5784,2026-01-09 10:06:34.850,0.01,99.99,Unhealthy
5785,2026-01-09 10:06:34.866,0.01,99.99,Unhealthy
5786,2026-01-09 10:06:34.882,0.00,100.00,Unhealthy
5787,2026-01-09 10:06:34.899,0.00,100.00,Unhealthy
5788,2026-01-09 10:06:34.916,0.00,100.00,Unhealthy
5789,2026-01-09 10:06:34.931,0.00,100.00,Unhealthy
5790,2026-01-09 10:06:34.952,0.01,99.99,Unhealthy
5791,2026-01-09 10:06:34.970,0.01,99.99,Unhealthy
5792,2026-01-09 10:06:34.986,0.01,99.99,Unhealthy
5793,2026-01-09 10:06:35.002,0.00,100.00,Unhealthy
5794,2026-01-09 10:06:35.019,0.00,100.00,Unhealthy
5795,2026-01-09 10:06:35.034,0.00,100.00,Unhealthy
5796,2026-01-09 10:06:35.053,0.00,100.00,Unhealthy
5797,2026-01-09 10:06:35.068,0.00,100.00,Unhealthy
5798,2026-01-09 10:06:35.086,0.00,100.00,Unhealthy
5799,2026-01-09 10:06:35.102,0.00,100.00,Unhealthy
5800,2026-01-09 10:06:35.120,0.00,100.00,Unhealthy
5801,2026-01-09 10:06:35.135,0.00,100.00,Unhealthy
5802,2026-01-09 10:06:35.153,0.00,100.00,Unhealthy
5803,2026-01-09 10:06:35.169,0.00,100.00,Unhealthy
5804,2026-01-09 10:06:35.186,0.00,100.00,Unhealthy
5805,2026-01-09 10:06:35.201,0.00,100.00,Unhealthy
5806,2026-01-09 10:06:35.218,0.00,100.00,Unhealthy
5807,2026-01-09 10:06:35.233,0.00,100.00,Unhealthy
5808,2026-01-09 10:06:35.250,0.01,99.99,Unhealthy
5809,2026-01-09 10:06:35.265,0.00,100.00,Unhealthy
5810,2026-01-09 10:06:35.281,0.00,100.00,Unhealthy
5811,2026-01-09 10:06:35.296,0.00,100.00,Unhealthy
5812,2026-01-09 10:06:35.313,0.00,100.00,Unhealthy
5813,2026-01-09 10:06:35.329,0.00,100.00,Unhealthy
5814,2026-01-09 10:06:35.346,0.00,100.00,Unhealthy
5815,2026-01-09 10:06:35.361,0.00,100.00,Unhealthy
5816,2026-01-09 10:06:35.378,0.00,100.00,Unhealthy
5817,2026-01-09 10:06:35.394,0.00,100.00,Unhealthy
5818,2026-01-09 10:06:35.411,0.00,100.00,Unhealthy
5819,2026-01-09 10:06:35.425,0.00,100.00,Unhealthy
5820,2026-01-09 10:06:35.448,0.00,100.00,Unhealthy
5821,2026-01-09 10:06:35.466,0.00,100.00,Unhealthy
5822,2026-01-09 10:06:35.484,0.00,100.00,Unhealthy
5823,2026-01-09 10:06:35.500,0.00,100.00,Unhealthy
5824,2026-01-09 10:06:35.527,0.00,100.00,Unhealthy
5825,2026-01-09 10:06:35.572,0.00,100.00,Unhealthy
5826,2026-01-09 10:06:35.617,0.00,100.00,Unhealthy
5827,2026-01-09 10:06:35.658,0.00,100.00,Unhealthy
5828,2026-01-09 10:06:35.704,0.00,100.00,Unhealthy
5829,2026-01-09 10:06:35.744,0.00,100.00,Unhealthy
5830,2026-01-09 10:06:35.786,0.00,100.00,Unhealthy
5831,2026-01-09 10:06:35.832,0.00,100.00,Unhealthy
5832,2026-01-09 10:06:35.881,0.00,100.00,Unhealthy
5833,2026-01-09 10:06:35.909,0.00,100.00,Unhealthy
5834,2026-01-09 10:06:35.953,0.00,100.00,Unhealthy
5835,2026-01-09 10:06:35.989,0.00,100.00,Unhealthy
5836,2026-01-09 10:06:36.029,0.00,100.00,Unhealthy
5837,2026-01-09 10:06:36.082,0.00,100.00,Unhealthy
5838,2026-01-09 10:06:36.121,0.00,100.00,Unhealthy
5839,2026-01-09 10:06:36.175,0.00,100.00,Unhealthy
5840,2026-01-09 10:06:36.200,0.00,100.00,Unhealthy
5841,2026-01-09 10:06:36.236,0.00,100.00,Unhealthy
5842,2026-01-09 10:06:36.284,0.00,100.00,Unhealthy
5843,2026-01-09 10:06:36.323,0.00,100.00,Unhealthy
5844,2026-01-09 10:06:36.372,0.00,100.00,Unhealthy
5845,2026-01-09 10:06:36.413,0.00,100.00,Unhealthy
5846,2026-01-09 10:06:36.452,0.00,100.00,Unhealthy
5847,2026-01-09 10:06:36.498,0.00,100.00,Unhealthy
5848,2026-01-09 10:06:36.540,0.00,100.00,Unhealthy
5849,2026-01-09 10:06:36.584,0.00,100.00,Unhealthy
5850,2026-01-09 10:06:36.661,0.00,100.00,Unhealthy
5851,2026-01-09 10:06:36.683,0.00,100.00,Unhealthy
5852,2026-01-09 10:06:36.706,0.00,100.00,Unhealthy
5853,2026-01-09 10:06:36.746,0.00,100.00,Unhealthy
5854,2026-01-09 10:06:36.791,0.00,100.00,Unhealthy
5855,2026-01-09 10:06:36.826,0.00,100.00,Unhealthy
5856,2026-01-09 10:06:36.917,0.00,100.00,Unhealthy
5857,2026-01-09 10:06:36.933,0.00,100.00,Unhealthy
5858,2026-01-09 10:06:36.957,0.00,100.00,Unhealthy
5859,2026-01-09 10:06:37.067,0.00,100.00,Unhealthy
5860,2026-01-09 10:06:37.085,0.00,100.00,Unhealthy
5861,2026-01-09 10:06:37.113,0.00,100.00,Unhealthy
5862,2026-01-09 10:06:37.146,0.00,100.00,Unhealthy
5863,2026-01-09 10:06:37.170,0.00,100.00,Unhealthy
5864,2026-01-09 10:06:37.212,0.00,100.00,Unhealthy
5865,2026-01-09 10:06:37.246,0.00,100.00,Unhealthy
5866,2026-01-09 10:06:37.283,0.00,100.00,Unhealthy
5867,2026-01-09 10:06:37.338,0.00,100.00,Unhealthy
5868,2026-01-09 10:06:37.383,0.01,99.99,Unhealthy
5869,2026-01-09 10:06:37.409,0.00,100.00,Unhealthy
5870,2026-01-09 10:06:37.453,0.00,100.00,Unhealthy
5871,2026-01-09 10:06:37.493,0.00,100.00,Unhealthy
5872,2026-01-09 10:06:37.546,0.00,100.00,Unhealthy
5873,2026-01-09 10:06:37.580,0.00,100.00,Unhealthy
5874,2026-01-09 10:06:37.631,0.00,100.00,Unhealthy
5875,2026-01-09 10:06:37.668,0.00,100.00,Unhealthy
5876,2026-01-09 10:06:37.704,0.00,100.00,Unhealthy
5877,2026-01-09 10:06:37.751,0.00,100.00,Unhealthy
5878,2026-01-09 10:06:37.786,0.00,100.00,Unhealthy
5879,2026-01-09 10:06:37.837,0.00,100.00,Unhealthy
5880,2026-01-09 10:06:37.887,0.00,100.00,Unhealthy
5881,2026-01-09 10:06:37.937,0.00,100.00,Unhealthy
5882,2026-01-09 10:06:37.963,0.00,100.00,Unhealthy
5883,2026-01-09 10:06:37.984,0.00,100.00,Unhealthy
5884,2026-01-09 10:06:38.040,0.00,100.00,Unhealthy
5885,2026-01-09 10:06:38.068,0.00,100.00,Unhealthy
5886,2026-01-09 10:06:38.119,0.00,100.00,Unhealthy
5887,2026-01-09 10:06:38.152,0.00,100.00,Unhealthy
5888,2026-01-09 10:06:38.238,0.00,100.00,Unhealthy
5889,2026-01-09 10:06:38.253,0.00,100.00,Unhealthy
5890,2026-01-09 10:06:38.301,0.00,100.00,Unhealthy
5891,2026-01-09 10:06:38.348,0.00,100.00,Unhealthy
5892,2026-01-09 10:06:38.381,0.00,100.00,Unhealthy
5893,2026-01-09 10:06:38.412,0.00,100.00,Unhealthy
5894,2026-01-09 10:06:38.462,0.00,100.00,Unhealthy
5895,2026-01-09 10:06:38.485,0.00,100.00,Unhealthy
5896,2026-01-09 10:06:38.529,0.00,100.00,Unhealthy
5897,2026-01-09 10:06:38.566,0.00,100.00,Unhealthy
5898,2026-01-09 10:06:38.618,0.00,100.00,Unhealthy
5899,2026-01-09 10:06:38.676,0.00,100.00,Unhealthy
5900,2026-01-09 10:06:38.706,0.00,100.00,Unhealthy
5901,2026-01-09 10:06:38.749,0.00,100.00,Unhealthy
5902,2026-01-09 10:06:38.781,0.00,100.00,Unhealthy
5903,2026-01-09 10:06:38.832,0.00,100.00,Unhealthy
5904,2026-01-09 10:06:38.879,0.00,100.00,Unhealthy
5905,2026-01-09 10:06:38.913,0.00,100.00,Unhealthy
5906,2026-01-09 10:06:38.963,0.00,100.00,Unhealthy
5907,2026-01-09 10:06:38.991,0.00,100.00,Unhealthy
5908,2026-01-09 10:06:39.037,0.00,100.00,Unhealthy
5909,2026-01-09 10:06:39.087,0.00,100.00,Unhealthy
5910,2026-01-09 10:06:39.133,0.00,100.00,Unhealthy
5911,2026-01-09 10:06:39.179,0.00,100.00,Unhealthy
5912,2026-01-09 10:06:39.206,0.00,100.00,Unhealthy
5913,2026-01-09 10:06:39.241,0.00,100.00,Unhealthy
5914,2026-01-09 10:06:39.284,0.00,100.00,Unhealthy
5915,2026-01-09 10:06:39.321,0.00,100.00,Unhealthy
5916,2026-01-09 10:06:39.366,0.00,100.00,Unhealthy
5917,2026-01-09 10:06:39.427,0.00,100.00,Unhealthy
5918,2026-01-09 10:06:39.454,0.00,100.00,Unhealthy
5919,2026-01-09 10:06:39.499,0.00,100.00,Unhealthy
5920,2026-01-09 10:06:39.545,0.00,100.00,Unhealthy
5921,2026-01-09 10:06:39.565,0.00,100.00,Unhealthy
5922,2026-01-09 10:06:39.633,0.00,100.00,Unhealthy
5923,2026-01-09 10:06:39.691,0.00,100.00,Unhealthy
5924,2026-01-09 10:06:39.716,0.00,100.00,Unhealthy
5925,2026-01-09 10:06:39.745,0.00,100.00,Unhealthy
5926,2026-01-09 10:06:39.809,0.00,100.00,Unhealthy
5927,2026-01-09 10:06:39.829,0.00,100.00,Unhealthy
5928,2026-01-09 10:06:39.865,0.00,100.00,Unhealthy
5929,2026-01-09 10:06:39.926,0.00,100.00,Unhealthy
5930,2026-01-09 10:06:39.954,0.00,100.00,Unhealthy
5931,2026-01-09 10:06:39.993,0.00,100.00,Unhealthy
5932,2026-01-09 10:06:40.045,0.00,100.00,Unhealthy
5933,2026-01-09 10:06:40.084,0.00,100.00,Unhealthy
5934,2026-01-09 10:06:40.136,0.00,100.00,Unhealthy
5935,2026-01-09 10:06:40.168,0.00,100.00,Unhealthy
5936,2026-01-09 10:06:40.228,0.00,100.00,Unhealthy
5937,2026-01-09 10:06:40.246,0.00,100.00,Unhealthy
5938,2026-01-09 10:06:40.286,0.00,100.00,Unhealthy
5939,2026-01-09 10:06:40.320,0.00,100.00,Unhealthy
5940,2026-01-09 10:06:40.403,0.00,100.00,Unhealthy
5941,2026-01-09 10:06:40.419,0.00,100.00,Unhealthy
5942,2026-01-09 10:06:40.449,0.00,100.00,Unhealthy
5943,2026-01-09 10:06:40.495,0.00,100.00,Unhealthy
5944,2026-01-09 10:06:40.537,0.00,100.00,Unhealthy
5945,2026-01-09 10:06:40.597,0.00,100.00,Unhealthy
5946,2026-01-09 10:06:40.616,0.00,100.00,Unhealthy
5947,2026-01-09 10:06:40.654,0.00,100.00,Unhealthy
5948,2026-01-09 10:06:40.698,0.00,100.00,Unhealthy
5949,2026-01-09 10:06:40.743,0.00,100.00,Unhealthy
5950,2026-01-09 10:06:40.779,0.00,100.00,Unhealthy
5951,2026-01-09 10:06:40.840,0.00,100.00,Unhealthy
5952,2026-01-09 10:06:40.877,0.00,100.00,Unhealthy
